curTime_of_UTC8,num_send_packets_avg,num_send_packets_std,avg_send_packetLen_avg,avg_send_packetLen_std,send_dataStream_avg,send_dataStream_std,avg_send_packetInterval_avg,avg_send_packetInterval_std,num_recv_packets_avg,num_recv_packets_std,avg_recv_packetLen_avg,avg_recv_packetLen_std,recv_dataStream_avg,recv_dataStream_std,avg_recv_packetInterval_avg,avg_recv_packetInterval_std,mn_u_r_mean_avg,mn_u_r_mean_std,mn_d_r_mean_avg,mn_d_r_mean_std,mn_u_m_mean_avg,mn_u_m_mean_std,mn_d_m_mean_avg,mn_d_m_mean_std,mn_d_g_mean_avg,mn_d_g_mean_std,mn_u_g_mean_avg,mn_u_g_mean_std,mn_u_b_mean_avg,mn_u_b_mean_std,mn_d_b_mean_avg,mn_d_b_mean_std,mn_cqi_mean_avg,mn_cqi_mean_std,mn_mac_mean_avg,mn_mac_mean_std,mn_bandwidth_mean_avg,mn_bandwidth_mean_std,rsrp_1_mean_avg,rsrp_1_mean_std,snr_1_mean_avg,snr_1_mean_std,label
2025-11-07 00:07:49,36.0,0.0,114.83333333333331,0.0,4134.0,0.0,0.0269775258170233,0.0,16.0,0.0,203.375,0.0,3254.0,0.0,0.0616243183612823,0.0,6.2,0.0,8.0,0.0,9.4,0.0,5.8,0.0,4.2,0.0,4.2,0.0,0.052,0.0,0.0419999999999999,0.0,-1.0,0.0,194.4,0.0,20.0,0.0,-106.66666666666669,0.0,14.133333333333333,0.0,0
2025-11-07 00:07:50,41.0,5.0,114.81884057971013,0.014492753623180477,4707.5,573.5,0.02458410015428695,0.0023934256627363495,18.5,2.5,192.54464285714283,10.830357142857153,3535.0,281.0,0.0544553746779759,0.007168943683306402,6.6,0.3999999999999999,7.9,0.10000000000000009,9.9,0.5,5.5,0.2999999999999998,3.7,0.5,4.2,0.0,0.108,0.05600000000000001,0.05399999999999995,0.012000000000000052,-1.0,0.0,263.8,69.39999999999999,20.0,0.0,-107.66666666666669,1.0,9.866666666666665,4.2666666666666675,0
2025-11-07 00:07:51,41.0,4.08248290463863,116.87922705314008,2.9138505223142985,4792.0,483.26873131485206,0.0245456202210627,0.0019549814182966484,18.666666666666668,2.0548046676563256,189.73151629072683,9.696655061681962,3522.6666666666665,230.097563848227,0.05362575949981193,0.00596984296644051,6.8,0.43204937989385733,8.0,0.163299316185545,9.933333333333334,0.41096093353126506,5.3999999999999995,0.28284271247461884,3.6,0.43204937989385733,4.2,0.0,0.12466666666666666,0.051441444596961136,0.05133333333333331,0.010498677165349113,-1.0,0.0,288.26666666666665,66.3938417492332,20.0,0.0,-107.44444444444446,0.8748897637790933,16.977777777777778,10.642936566823657,0
2025-11-07 00:07:52,42.5,4.387482193696061,115.81367560900401,3.1263546328103837,4917.25,471.4066052782884,0.023617758172207,0.0023343624835346307,19.25,2.0463381929681126,185.4891134085213,11.158529750095614,3549.0,204.42357985320578,0.05221587835920777,0.005717741098971101,6.85,0.38405728739343037,7.95,0.16583123951776982,10.05,0.40926763859362253,5.35,0.25980762113533146,3.5,0.41231056256176607,4.2,0.0,0.1345,0.04769433928675394,0.05499999999999998,0.011090536506409449,-1.0,0.0,299.5,60.70148268370385,20.0,0.0,-107.75000000000001,0.924211375534122,14.133333333333333,10.451156235874894,0
2025-11-07 00:07:53,43.2,4.166533331199932,115.32485353068145,2.962273236738677,4976.8,438.1371474778188,0.023294401783923023,0.002185780405027782,19.4,1.8547236990991407,183.99129072681703,10.420370439208297,3551.2,182.89494252165642,0.051494182103259754,0.005313890529855516,7.039999999999999,0.5122499389946278,8.08,0.29933259094191517,9.6,0.9715966241192897,5.319999999999999,0.23999999999999985,3.56,0.3878143885933063,4.32,0.23999999999999985,0.12079999999999999,0.05070069033060598,0.055199999999999985,0.009927738916792715,-1.0,0.0,263.12,90.78410433550579,20.0,0.0,-107.73333333333335,0.8273115763993938,14.133333333333331,9.347798314754836,0
2025-11-07 00:07:54,43.5,3.8622100754188224,115.14108164593826,2.7352171398919825,5004.0,404.5606670616081,0.0231251200750854,0.002030922155221884,19.5,1.707825127659933,181.78440893901418,10.716268140944297,3528.5,174.50477548384362,0.051160427723811235,0.004907968391477829,7.3,0.7461009761866462,8.133333333333333,0.29814239699997197,9.200000000000001,1.2596295751794124,5.3,0.22360679774997888,3.6333333333333333,0.39015666369065416,4.533333333333334,0.5249338582674539,0.11399999999999999,0.04871686908385365,0.05699999999999999,0.009916316520429038,-1.0,0.0,241.46666666666667,95.98157230542861,20.0,0.0,-107.72222222222224,0.7556372504853055,16.977777777777778,10.642936566823657,0
2025-11-07 00:07:55,42.714285714285715,4.060762972443398,114.90664141080423,2.5966156604274833,4905.285714285715,445.81953885455687,0.0236359033978628,0.0022584967226068923,19.571428571428573,1.5907898179514348,181.12235051915505,10.053001783167456,3530.5714285714284,161.6396849635078,0.0510318865047916,0.004554791541096805,7.371428571428571,0.712569366476567,8.2,0.32071349029490925,9.0,1.2649110640673518,5.285714285714286,0.20995626366712938,3.6571428571428575,0.36589281356759135,4.571428571428571,0.4948716593053933,0.10714285714285712,0.04812907814684703,0.05685714285714284,0.009187391537607755,-1.0,0.0,223.77142857142854,98.8692313005375,20.0,0.0,-107.71428571428575,0.699854212223768,16.571428571428573,9.903589674222886,0
2025-11-07 00:07:56,40.875,6.173279112432873,114.40045409159656,2.7736601255140534,4680.125,727.1809330386765,0.02479098223830209,0.0037151926475873097,19.75,1.5612494995995996,180.19039003759397,9.721617232753125,3545.125,156.0259894216345,0.05087130568865542,0.004281747730141029,7.475,0.7206767652699785,8.15,0.32787192621510003,8.975000000000001,1.1850632894491333,5.25,0.2179449471770336,3.625,0.3526683994916471,4.65,0.5074445782546109,0.11199999999999999,0.04681879964287852,0.055999999999999994,0.00888819441731561,-1.0,0.0,215.8,94.85799913554997,20.0,0.0,-107.66666666666669,0.6666666666666714,19.466666666666665,12.020722847556954,0
2025-11-07 00:07:57,38.22222222222222,9.495938052987333,114.27752781998126,2.6380444451054665,4374.111111111111,1104.1709252189016,0.028735462468249127,0.011693606038958932,19.555555555555557,1.5713484026367723,180.60133435440451,9.239034038196971,3519.0,164.6187514632927,0.05132355633291437,0.004234686338289899,7.533333333333333,0.6992058987801009,8.11111111111111,0.3281071791162978,8.755555555555556,1.2781158972931916,5.266666666666667,0.21081851067789192,3.6222222222222222,0.33259176771323923,4.755555555555556,0.563936779575534,0.10777777777777776,0.04572812841561596,0.055111111111111104,0.00874889763779092,-1.0,0.0,205.0888888888889,94.42500192032998,20.0,0.0,-107.85185185185186,0.8181748901620165,18.874074074074073,11.45651766385263,0
2025-11-07 00:07:58,36.1,11.031319050775387,114.05565739092431,2.58966967594824,4127.2,1282.9497106278172,0.03157312809913489,0.013983472246524879,19.5,1.5,180.67804302422724,8.76793778167362,3511.7,157.69911223592857,0.0514000267646864,0.004023921108539259,7.56,0.6681317235396024,8.08,0.3249615361854383,8.520000000000001,1.4034243834279065,5.26,0.20099751242241776,3.62,0.31559467676118996,4.82,0.5688585061331156,0.10479999999999998,0.04429175995600086,0.05419999999999999,0.008738420909981405,-1.0,0.0,196.52000000000004,93.19498698964446,20.0,0.0,-107.9,0.7895146188217967,16.69333333333333,12.685711997711792,0
2025-11-07 00:07:59,34.90909090909091,11.171835899053114,113.80158577040551,2.5965825971858845,3984.6363636363635,1303.676010554719,0.03295205272714534,0.014027675907304332,19.363636363636363,1.4937887931959075,181.04569567859042,8.440356851577206,3494.7272727272725,159.652515231783,0.05176314538736731,0.004004809331888837,7.454545454545454,0.7190443612103703,8.054545454545455,0.32012394293925467,8.472727272727274,1.3464369877508087,5.254545454545455,0.1924182771683338,3.5818181818181825,0.3242282636386728,4.800000000000001,0.546060269733862,0.09945454545454545,0.045487987697780057,0.053636363636363635,0.008520272373716364,-1.0,0.0,187.50909090909093,93.31504267845911,20.0,0.0,-107.93939393939394,0.7630108067887328,19.563636363636363,15.122299104673303,0
2025-11-07 00:08:00,35.666666666666664,10.98736648256634,113.82190816832626,2.4869521005515205,4070.75,1280.4340491281332,0.0320842642927944,0.01373540467241725,19.666666666666668,1.7480147469502527,180.7194239372586,8.153157315292711,3543.0,221.3541656862745,0.05113576032195965,0.004362532352428002,7.483333333333333,0.6950219820664346,8.033333333333333,0.3144660377352201,8.300000000000002,1.4106735979665885,5.250000000000001,0.18484227510682355,3.583333333333334,0.31046560016995267,4.8500000000000005,0.5484827557301444,0.09766666666666667,0.04395325800084551,0.053,0.008426149773176371,-1.0,0.0,181.83333333333337,91.30395512913022,20.0,0.0,-107.97222222222221,0.7385964333504571,17.688888888888886,15.757169639936242,0
2025-11-07 00:08:01,34.92307692307692,10.866048311928296,113.60483830922423,2.5049149149870638,3979.6153846153848,1270.0635077071804,0.03238167587456711,0.013236705572647531,19.615384615384617,1.6888075692384732,180.37258565868405,7.924907133484149,3528.0,218.92605003657144,0.05105821969152708,0.004199983699722592,7.43076923076923,0.6921367310278147,7.999999999999999,0.323443016025056,8.261538461538462,1.3618643677741988,5.230769230769231,0.18967427701443,3.6000000000000005,0.30382181012509996,4.907692307692308,0.5635895102773599,0.09676923076923077,0.042343201881318925,0.05430769230769231,0.00927680826565005,-1.0,0.0,175.7846153846154,90.18976443847416,20.0,0.0,-108.02564102564102,0.7333512639012827,17.415384615384614,15.16861703652607,0
2025-11-07 00:08:02,34.42857142857143,10.621503025966346,113.55398251162659,2.4207509507587543,3921.1428571428573,1241.88973844258,0.03277275740106113,0.012832911967189416,19.571428571428573,1.635074734608514,181.22567164546976,8.232798203012042,3537.0,213.44353552436965,0.051395271672348815,0.0042257218731441715,7.3428571428571425,0.7384484561897189,7.97142857142857,0.3282607226593159,8.214285714285715,1.323338388242372,5.2,0.2138089935299395,3.6000000000000005,0.2927700218845599,4.928571428571429,0.5482811732112995,0.09371428571428572,0.04226350768254634,0.05357142857142857,0.00932519081163862,-1.0,0.0,169.1857142857143,90.10699875420218,20.0,0.0,-108.02380952380952,0.7067058133169404,17.18095238095238,14.641264334585069,0
2025-11-07 00:08:03,35.06666666666667,10.53544282674229,113.73674731388178,2.4365975818273315,4000.866666666667,1236.3062655435433,0.03213192513289342,0.01262751142796582,19.466666666666665,1.6275407487644937,182.2032194616977,8.754356901770985,3536.266666666667,206.22430075580866,0.051686398343878906,0.0042252625169123485,7.306666666666667,0.7261466028901387,7.9466666666666645,0.33038697848970316,8.186666666666667,1.2826361742737324,5.1866666666666665,0.2124983660067897,3.6133333333333337,0.2872087897138402,4.973333333333333,0.555537777493324,0.0932,0.04087574668023408,0.054666666666666655,0.009897249898610993,-1.0,0.0,164.7866666666667,88.59406952813238,20.0,0.0,-108.06666666666666,0.7013215039137528,16.977777777777774,14.165219098156067,0
2025-11-07 00:08:04,35.3125,10.245235172996274,113.55448265804623,2.4625699708402604,4020.9375,1199.5696868434738,0.031695271277988685,0.012342939921043607,19.5,1.5811388300841898,182.29051824534162,8.48311016846102,3544.75,202.36090902148072,0.05150820180460616,0.004148897531562409,7.225,0.7709571972554635,7.925,0.33071891388307384,8.2,1.2429802894656055,5.2,0.21213203435596428,3.6125,0.2781074432660873,4.9125,0.5872339823273172,0.09025,0.041193901247636174,0.05512499999999998,0.009745992766260387,-1.0,0.0,160.675,87.24642901001737,20.0,0.0,-108.04166666666667,0.6859199013814272,18.4,14.780166891254419,0
2025-11-07 00:08:05,34.64705882352941,10.289578831320142,113.50716014874939,2.3965310222410054,3943.5882352941176,1204.1797334492169,0.032310600719792915,0.012224753340185912,19.41176470588235,1.5740103717952532,184.0936903747006,10.943167129810334,3561.705882352941,207.7044746483025,0.05170851624574353,0.004103999840383402,7.152941176470588,0.8015555810303916,7.894117647058823,0.34380327520476367,8.176470588235293,1.2095353564682236,5.164705882352941,0.24956709924231096,3.5999999999999996,0.2743977362280141,4.917647058823529,0.5700725383334455,0.08835294117647059,0.04067799112465753,0.054470588235294104,0.009810664347947936,-1.0,0.0,155.76470588235293,86.89047156301378,20.0,0.0,-108.05882352941177,0.6689694944796819,18.149019607843137,14.373969381171554,0
2025-11-07 00:08:06,34.888888888888886,10.049261381862234,113.33083643678182,2.4398393813095063,3963.5555555555557,1173.1446449712375,0.031942747074269945,0.011976748053965702,19.38888888888889,1.532568247125969,184.6820526053459,10.908018129258071,3569.3333333333335,204.28765122846863,0.05173071601733731,0.0039894211196929335,7.0777777777777775,0.838355238650561,7.8999999999999995,0.334995854037363,8.2,1.1794537341969422,5.177777777777778,0.2484519974999767,3.611111111111111,0.27057323693079816,4.877777777777777,0.5778846055087041,0.08611111111111111,0.04059815114685902,0.054222222222222206,0.009589088449062842,-1.0,0.0,152.25555555555556,85.67293895470029,20.0,0.0,-108.11111111111111,0.6849348892187715,17.451851851851853,14.261673677265849,0
2025-11-07 00:08:07,34.578947368421055,9.869228037180086,113.22630965517261,2.4158177405957026,3924.8947368421054,1153.575763247151,0.032078968821956766,0.01167162814543464,19.36842105263158,1.4942178491135145,185.0672077313803,10.742099374026704,3573.4736842105262,199.6134075290885,0.05176404400685396,0.00388559101943038,7.031578947368421,0.839205533810305,7.873684210526315,0.3446464324998926,8.178947368421053,1.1514654038125876,5.147368421052631,0.274088769816664,3.621052631578947,0.2667128307225247,4.873684210526315,0.5627396380894172,0.08557894736842106,0.039579787225131766,0.05368421052631578,0.00960839891136338,-1.0,0.0,169.2421052631579,110.21486343449169,20.0,0.0,-108.15789473684211,0.6955869333894354,16.828070175438597,14.131319217450462,0
2025-11-07 00:08:08,34.45,9.635740760315214,113.15561917241398,2.3747236324861882,3907.55,1126.905562813495,0.03202252981269792,0.01137875565519329,19.35,1.4585952145814822,185.10068945007447,10.471120450918288,3571.25,194.80037859306125,0.05194901001900034,0.0038720747383155524,6.9799999999999995,0.8482924024179399,7.87,0.33630343441600474,8.21,1.130442391278742,5.17,0.28478061731796295,3.63,0.26286878856189827,4.85,0.5581218504950329,0.0834,0.039729585953040096,0.05349999999999999,0.009399468070055868,-1.0,0.0,165.85999999999999,108.43101216902848,20.0,0.0,-108.13333333333333,0.6863753427324627,17.973333333333336,14.650269622092285,0
2025-11-07 00:08:09,34.714285714285715,9.47750648914052,113.06725635467998,2.3509430872380777,3933.4761904761904,1105.8423472865172,0.0316901737470895,0.011203560314296099,19.285714285714285,1.452185779235896,185.53240265086455,10.399554273420264,3567.6190476190477,190.79794253419882,0.052084723847722225,0.0038271891822458746,6.923809523809524,0.8651478056514866,7.847619047619048,0.34312159113622503,8.238095238095239,1.1103307917554037,5.142857142857142,0.3032701586302983,3.628571428571428,0.2566132111487138,4.866666666666667,0.5497474167490213,0.08257142857142857,0.03894877151748292,0.05285714285714285,0.0096129164807204,-1.0,0.0,180.58095238095237,124.62560930375052,20.0,0.0,-108.12698412698413,0.6704353041886588,17.79047619047619,14.320567008878603,0
2025-11-07 00:08:10,35.476190476190474,10.168199951290942,113.0568778443015,2.3435932182189037,4020.4285714285716,1187.0019686038386,0.03130214857700275,0.011497316486803917,19.61904761904762,1.4630753805464016,184.0404254251917,9.971416756951932,3601.095238095238,194.47215610758727,0.051212462380288114,0.0036362256489191344,6.914285714285714,0.8741176309016202,7.828571428571429,0.34522988495984486,8.247619047619049,1.1210620167285457,5.142857142857142,0.3032701586302983,3.628571428571428,0.2566132111487139,4.904761904761905,0.5295786199793463,0.08219047619047617,0.039283607447114094,0.05285714285714284,0.009612916480720402,-1.0,0.0,185.8952380952381,127.4490167952902,20.0,0.0,-108.20634920634922,0.5862281051625176,17.79047619047619,14.320567008878603,0
2025-11-07 00:08:11,35.42857142857143,10.1210362191655,112.98471313300635,2.311789945073494,4011.714285714286,1178.3558417540596,0.03131661930682624,0.011486025207990667,19.571428571428573,1.4333254231707058,185.05403086736857,10.735990697115804,3612.714285714286,213.33879669875037,0.051306958259567347,0.0035579121431183,6.857142857142857,0.9053131153002777,7.809523809523811,0.35711110970005083,8.238095238095237,1.1034474939398278,5.19047619047619,0.3778444652357596,3.6666666666666665,0.2494438257849294,4.980952380952381,0.5377369224187848,0.07657142857142857,0.035430107493582386,0.051523809523809506,0.009639299755337125,-1.0,0.0,184.54285714285714,126.02145158068686,20.0,0.0,-108.15873015873015,0.5875160483594165,20.228571428571428,16.264123811506387,0
2025-11-07 00:08:12,35.476190476190474,10.14945012640984,112.63664057064804,1.4790740508215858,4002.8571428571427,1171.8684017501316,0.03127851288154739,0.011509983472785612,19.666666666666668,1.4584183648679576,185.67260110248014,11.033599595492229,3643.2380952380954,239.0490893523366,0.05107337301321457,0.0036663126039126795,6.780952380952381,0.9399184603028821,7.771428571428572,0.3560936970636174,8.219047619047618,1.075979751809417,5.19047619047619,0.3778444652357596,3.6857142857142855,0.2435564162389413,5.057142857142857,0.5350313106738338,0.07228571428571426,0.0304085559030488,0.052095238095238076,0.009650584793061624,-1.0,0.0,191.56190476190477,137.87589476872543,20.0,0.0,-108.17460317460319,0.5598473678904223,19.00952380952381,16.35524006399846,0
2025-11-07 00:08:13,35.095238095238095,9.855647459607743,112.78552478336204,1.6202309148467573,3965.7619047619046,1142.401143155103,0.03152573193245627,0.011337459356439213,19.571428571428573,1.433325423170706,186.18769836945708,10.665190815123244,3636.5714285714284,241.3224618891596,0.05127233942092216,0.0036062622188970223,6.723809523809523,0.9611029189746944,7.752380952380953,0.364651232744317,8.209523809523809,1.0573573356001233,5.238095238095238,0.43476998897193636,3.7238095238095235,0.22657861434991083,5.133333333333333,0.5212926546058669,0.06666666666666667,0.02292292122440588,0.050761904761904744,0.00957131011535321,-1.0,0.0,190.2095238095238,136.61348293203298,20.0,0.0,-108.12698412698413,0.5584956217701281,21.447619047619046,17.916267832928387,0
2025-11-07 00:08:14,34.666666666666664,9.563488770334677,112.79624046799078,1.6247958399655553,3917.5714285714284,1109.5602977854646,0.0317087754318537,0.011212546271176141,19.476190476190474,1.467717619754518,187.12949731125605,10.773284955769716,3636.5714285714284,241.3224618891596,0.05161109589137532,0.003673515100529361,6.609523809523809,0.9689978927220497,7.714285714285715,0.31211370682236067,8.37142857142857,1.2286821655520104,5.257142857142857,0.4413954371907227,3.723809523809524,0.2265786143499108,5.161904761904761,0.5186761449215276,0.06599999999999999,0.023135213317324207,0.04942857142857142,0.010639420985728698,-1.0,0.0,198.8095238095238,137.45384646963157,20.0,0.0,-108.14285714285714,0.5498573992282111,22.26031746031746,17.953094732698023,0
2025-11-07 00:08:15,33.476190476190474,9.75714169513577,112.80470607645637,1.6326476835263881,3781.7619047619046,1126.0433851390537,0.033152996100908806,0.0118405436661178,19.476190476190474,1.467717619754518,187.68187826363697,10.201505693800994,3647.6190476190477,236.1818258784605,0.05173568095222155,0.003643767391405584,6.447619047619047,0.9048120286867519,7.685714285714288,0.27305278451107506,8.533333333333331,1.2863137932103403,5.2666666666666675,0.4422166387140534,3.7142857142857144,0.21884048177287727,5.180952380952381,0.5412675138431551,0.06485714285714285,0.023007836582731703,0.04914285714285712,0.010264528445948535,-1.0,0.0,215.32380952380953,148.93288326901103,20.0,0.0,-108.15873015873015,0.5406154401881367,21.44761904761905,17.916267832928387,0
2025-11-07 00:08:16,32.80952380952381,9.902472262829104,112.77692829867861,1.6255285654496037,3705.4285714285716,1141.668477082829,0.033867104336762766,0.011882006233320034,19.476190476190474,1.467717619754518,187.32473540649414,10.683843363562081,3640.4761904761904,241.44734594043067,0.05169945324912708,0.0036619891428128675,6.3047619047619055,0.9167625181797241,7.676190476190477,0.24281045302822776,8.714285714285714,1.4297138289367772,5.257142857142857,0.44568986502086066,3.695238095238095,0.22777639510669326,5.228571428571429,0.5495824017620383,0.06399999999999999,0.023282938777036678,0.049333333333333326,0.01042585309211732,-1.0,0.0,213.7428571428571,150.13322519057016,20.0,0.0,-108.14285714285714,0.5593971487843196,21.447619047619046,17.916267832928384,0
2025-11-07 00:08:17,32.285714285714285,10.42041429184106,112.83415118783425,1.5773778744840323,3648.3333333333335,1198.8668194564611,0.03495595862447242,0.012756840207250765,19.333333333333332,1.4584183648679574,188.02579360755232,10.238357233521564,3628.285714285714,247.20420378170542,0.05195734087674961,0.003705857762016953,6.161904761904762,0.8409043830340616,7.676190476190478,0.24281045302822776,8.799999999999997,1.4851647335276597,5.276190476190477,0.44283154047857803,3.7142857142857144,0.21884048177287724,5.2666666666666675,0.573488351136175,0.05971428571428571,0.014373066270410274,0.049809523809523804,0.010670917520327066,-1.0,0.0,228.98095238095235,159.83146963225752,20.0,0.0,-108.17460317460316,0.5307382062635053,20.228571428571428,17.49662487699178,0
2025-11-07 00:08:18,33.095238095238095,9.845979415862923,112.78233045954295,1.5792900692119303,3738.285714285714,1135.4533452853655,0.03355245523321724,0.01144626228461541,19.428571428571427,1.4333254231707062,188.1929893747481,10.198024387893055,3649.1428571428573,237.76725028086275,0.051715842598187255,0.0036685749062583114,5.990476190476191,0.8152736974869598,7.704761904761907,0.2869813175870355,9.114285714285714,1.7463664902784142,5.257142857142857,0.44568986502086066,3.7333333333333334,0.22537446792760438,5.238095238095239,0.5711110228786647,0.06085714285714286,0.01628989085960023,0.04904761904761904,0.011324125911716042,-1.0,0.0,252.49523809523802,177.34456769692716,20.0,0.0,-108.06349206349208,0.520673633868467,19.82222222222222,17.73098604029678,0
2025-11-07 00:08:19,33.95238095238095,9.167625181797241,112.94279464521722,1.6664148101979808,3839.9523809523807,1059.815279331193,0.032190788473312595,0.01019503929096354,19.428571428571427,1.433325423170706,189.00501944993607,10.300681959015611,3664.5714285714284,234.5755176257483,0.05169023381361443,0.0036677627639232343,5.838095238095239,0.7599976130765717,7.742857142857144,0.34444078704809755,9.419047619047618,1.80359932400241,5.2666666666666675,0.4465031683707065,3.733333333333333,0.22537446792760438,5.247619047619048,0.5753831415997415,0.06076190476190476,0.016194957363047605,0.049714285714285704,0.011535216707535038,-1.0,0.0,251.23809523809524,178.37416660115778,20.0,0.0,-108.03174603174602,0.5235689683324007,22.260317460317456,17.953094732698023,0
2025-11-07 00:08:20,35.19047619047619,9.358566473552951,113.10238394677637,1.6581552175553076,3985.5238095238096,1083.5539241661966,0.030928338775931635,0.009953684527451157,19.714285714285715,1.694328273776876,189.14523109014775,10.261395560732623,3720.714285714286,282.73142949536015,0.051147111086840974,0.003915171800039553,5.742857142857143,0.8074483197800626,7.780952380952381,0.38989503791349933,9.714285714285714,2.0392075291491976,5.247619047619048,0.45734122680163714,3.7523809523809524,0.19424836242258228,5.257142857142857,0.566166245626737,0.06466666666666668,0.021258798365300615,0.04923809523809523,0.011799534946060806,-1.0,0.0,266.2285714285714,178.0433043708539,20.0,0.0,-108.0,0.5245305283129615,21.85396825396825,17.449374926087224,0
2025-11-07 00:08:21,35.142857142857146,9.316067606359375,113.07474879123421,1.6470060584525117,3978.904761904762,1077.6350607988952,0.030966054774542534,0.009923277191077636,19.523809523809526,1.5312319229346216,190.00869409548716,9.972910399132331,3703.3809523809523,271.4750670285221,0.05152789553860114,0.003600568745140541,5.571428571428572,0.7310415642817328,7.828571428571429,0.4462999814803803,10.095238095238093,2.1297163214797705,5.2095238095238106,0.4917459292733557,3.7523809523809515,0.19424836242258228,5.20952380952381,0.5935404362241097,0.06714285714285713,0.025310050166994582,0.04885714285714285,0.012024917440705439,-1.0,0.0,280.0571428571428,177.3785421376677,20.0,0.0,-107.93650793650792,0.5598473678904258,22.666666666666668,16.655361244988303,0
2025-11-07 00:08:22,35.904761904761905,9.190599555056563,113.15298008375123,1.5844276884680495,4066.7619047619046,1060.0169317947757,0.030389881698508425,0.009968299747321921,19.523809523809526,1.5312319229346216,191.08889459674032,9.642926359941969,3723.904761904762,259.87632676990705,0.051612354274552366,0.003587512897008512,5.495238095238095,0.6806692718173576,7.895238095238096,0.507539527408542,10.361904761904762,2.1757267402117764,5.21904761904762,0.4895275152722437,3.7523809523809515,0.19424836242258228,5.209523809523809,0.5935404362241098,0.0680952380952381,0.02635635779791818,0.04799999999999999,0.01109268313112832,-1.0,0.0,289.4666666666667,172.93249256321667,20.0,0.0,-107.85714285714286,0.5687769164180605,23.885714285714286,16.92091961998792,0
2025-11-07 00:08:23,36.61904761904762,9.13119295641354,113.04844757307256,1.668332887631718,4142.9047619047615,1049.59801396997,0.029684683106382653,0.009938901149963235,19.61904761904762,1.557659736552012,190.60220167395713,9.82492680368626,3732.0,260.22023639327404,0.051212492826688015,0.0035689650942160017,5.409523809523811,0.6995949589412174,7.942857142857142,0.5242422455056336,10.676190476190476,2.230076821633167,5.20952380952381,0.4994327848429293,3.752380952380951,0.19424836242258228,5.180952380952381,0.6075862060090126,0.07219047619047617,0.030242856767963046,0.04695238095238094,0.012384614842911182,-1.0,0.0,305.0857142857143,168.36748437842257,20.0,0.0,-107.80952380952381,0.5960312176355106,25.1047619047619,17.095666970788674,0
2025-11-07 00:08:24,35.857142857142854,9.15103800662195,113.41533068995565,2.8032022991872068,4064.5714285714284,1035.2632318322105,0.03022606992006365,0.009878223064999476,19.61904761904762,1.5576597365520117,190.51490008665556,9.785629548978399,3730.4285714285716,261.5557067913106,0.05117948446822209,0.0035297235037611207,5.333333333333334,0.6274159654095467,8.00952380952381,0.5639189083080938,10.942857142857141,2.2048801778417473,5.219047619047619,0.4972486659888235,3.7523809523809515,0.19424836242258228,5.18095238095238,0.6075862060090125,0.07314285714285713,0.030968933303101878,0.04609523809523809,0.01133853422081725,-1.0,0.0,314.49523809523805,162.23161125874938,20.0,0.0,-107.73015873015873,0.5875160483594192,26.323809523809526,17.182374206468854,0
2025-11-07 00:08:25,35.285714285714285,9.310224063299634,114.11699939162438,3.7501089980372395,4020.190476190476,1043.2226452336743,0.030890291304973533,0.009982674839928063,19.857142857142858,1.9342948582466575,189.9168048485603,10.544403329442082,3759.190476190476,285.6489052178464,0.050804057176715274,0.004127715765587313,5.295238095238096,0.6098213559459854,8.057142857142857,0.5695206242943257,11.17142857142857,2.178060049271207,5.2285714285714295,0.5025107031723018,3.7619047619047614,0.19142620230706459,5.238095238095238,0.5472669675641386,0.07638095238095238,0.031511866533518826,0.04533333333333333,0.010767381665776867,-1.0,0.0,324.0761904761905,155.00222396180828,20.0,0.0,-107.68253968253968,0.62974077539293,26.730158730158728,17.59074403304705,0
2025-11-07 00:08:26,35.38095238095238,9.203913197145525,114.03366605829103,3.7986891973398076,4028.7619047619046,1033.0798109011762,0.030686266097842925,0.009792313203700385,19.904761904761905,1.8999940326914286,187.98962578980232,9.834025343704779,3732.714285714286,302.8311084946671,0.05058291103108879,0.004024742723670014,5.238095238095239,0.5971967773939383,8.066666666666666,0.5600453496376822,11.457142857142857,2.109518434906622,5.257142857142857,0.48262321749790205,3.77142857142857,0.17766436291597743,5.238095238095237,0.5472669675641386,0.07961904761904763,0.032919058295962395,0.04409523809523809,0.012243189601161015,-1.0,0.0,369.0761904761905,205.6862472073654,20.0,0.0,-107.6031746031746,0.6474945414086051,27.542857142857148,17.383009228155885,0
2025-11-07 00:08:27,34.42857142857143,9.795875850247867,114.34862011008718,3.752744481496681,3929.6666666666665,1099.6816999795174,0.03198600422339857,0.010802134898984043,19.904761904761905,1.8999940326914286,186.7765932083487,10.48310624407686,3709.6666666666665,322.31134509136217,0.05057404353305904,0.004021576457883546,5.228571428571429,0.5897076411585797,8.076190476190474,0.5605310083642727,11.657142857142857,2.02662549188392,5.3238095238095235,0.5838336047235848,3.8380952380952373,0.35250962901565236,5.295238095238095,0.49615300105261345,0.08276190476190477,0.03290086807641108,0.04485714285714285,0.013057695101377735,-1.0,0.0,379.4380952380952,196.7856036066868,20.0,0.0,-107.49206349206348,0.5964537850176456,27.542857142857148,17.383009228155885,0
2025-11-07 00:08:28,34.42857142857143,9.795875850247867,114.64090254030064,3.7464329656568025,3938.1428571428573,1094.9241019886474,0.03190096865501093,0.010788786575144836,20.142857142857142,2.076758332129193,185.40754558930107,11.53599405886409,3722.5238095238096,324.969246757087,0.050180643142614105,0.004226116001888395,5.228571428571429,0.5897076411585798,8.104761904761904,0.540261127759346,11.838095238095239,1.8347119121141375,5.428571428571429,0.6393023408319395,3.9142857142857146,0.48431170038442367,5.3619047619047615,0.5186761449215276,0.08352380952380953,0.03292071145389154,0.04666666666666666,0.015260697523012795,-1.0,0.0,371.68571428571425,196.07370403745114,20.0,0.0,-107.38095238095238,0.5172752614857206,28.761904761904766,16.685076453707424,0
2025-11-07 00:08:29,34.333333333333336,9.828691398308047,114.64824381014192,3.7410305690386316,3927.714285714286,1099.3386385354017,0.032089278460744754,0.010805047201270256,20.19047619047619,2.0614153163727016,185.6248388223838,11.583030420326574,3735.714285714286,322.4584348049695,0.04988810910318127,0.004059658637940071,5.209523809523809,0.5706343687217234,8.123809523809522,0.5362166956289237,12.028571428571428,1.71301540235559,5.485714285714285,0.702570595866971,3.9809523809523815,0.5551653958777019,5.409523809523811,0.47198139784243304,0.08695238095238096,0.032158056371136,0.04742857142857142,0.015798045173138257,-1.0,0.0,381.6190476190476,187.22344078679185,20.0,0.0,-107.33333333333333,0.5345224838248437,27.136507936507936,17.191981349632957,0
2025-11-07 00:08:30,33.57142857142857,9.978889281504081,114.84229142918954,3.667282619180661,3847.5714285714284,1119.3603007938048,0.03283020667543858,0.010829914222604934,20.333333333333332,2.0079208230769536,183.94343292669217,12.727315115326599,3728.1428571428573,329.8046009835702,0.04952905018242261,0.003941154114497155,5.180952380952381,0.5551653958777018,8.219047619047618,0.5753831415997416,12.180952380952382,1.5539868993806585,5.542857142857143,0.6765257384829728,4.076190476190476,0.645795752691988,5.409523809523811,0.47198139784243304,0.08847619047619049,0.03188613528765702,0.04657142857142856,0.016643521343786848,-1.0,0.0,391.97142857142853,197.81173623725488,20.0,0.0,-107.23809523809526,0.5832118435198006,27.949206349206356,16.959907965731926,0
2025-11-07 00:08:31,32.19047619047619,9.31777128276953,114.68255261727683,3.745902190297358,3685.6190476190477,1045.6162218743127,0.03391623766680952,0.010510224242970215,20.142857142857142,1.9342948582466573,183.7659239368262,12.916634110279954,3692.0,344.026300212782,0.049953256588674146,0.0037219220637487193,5.190476190476191,0.5706343687217235,8.247619047619045,0.5585858399472449,12.24761904761905,1.4695704094083473,5.571428571428571,0.699076163942955,4.123809523809524,0.6886181898104846,5.457142857142858,0.4786602618334881,0.09000000000000001,0.030456839094348705,0.04819047619047618,0.01773782358373,-1.0,0.0,391.7142857142856,197.92680293413494,20.0,0.0,-107.25396825396827,0.6163964393316698,27.542857142857148,17.383009228155885,0
2025-11-07 00:08:32,31.19047619047619,9.011204917154915,114.5814944162186,3.8102126866933337,3569.904761904762,1016.9778245820359,0.03487688973183432,0.010342985285445083,20.047619047619047,1.9874892147342103,182.31883398973625,12.371497355334922,3646.6190476190477,355.16521657639794,0.05022067632804918,0.0038623812915513115,5.2,0.5822779568622009,8.276190476190475,0.5290645490411867,12.266666666666667,1.4452988925785868,5.580952380952381,0.7088683453687008,4.161904761904761,0.7026996855503511,5.447619047619048,0.4737078139217481,0.09095238095238097,0.029358986926981738,0.0497142857142857,0.018166276598196356,-1.0,0.0,382.0095238095238,206.7501687792526,20.0,0.0,-107.23809523809526,0.609821355945985,24.698412698412703,17.249511843995325,0
2025-11-07 00:08:33,30.047619047619047,9.089377318900976,114.49570454471446,3.8493894888776117,3438.4285714285716,1031.0581975828138,0.03634343313778957,0.010822057891277555,19.904761904761905,2.021427169218202,181.3328173608625,11.97326030517185,3600.714285714286,350.83046276719216,0.050601472067094054,0.003925798845003239,5.2285714285714295,0.6150051158462073,8.314285714285713,0.49211469267671676,12.333333333333334,1.349897115421106,5.6380952380952385,0.7240601069999318,4.228571428571429,0.731041564281733,5.457142857142857,0.48262321749790194,0.09133333333333335,0.029109535883711356,0.05057142857142857,0.018944961457491808,-1.0,0.0,373.247619047619,206.11471521379642,20.0,0.0,-107.3015873015873,0.681616208050283,24.698412698412703,17.249511843995325,0
2025-11-07 00:08:34,29.333333333333332,8.946046391101826,114.39085106486097,3.843955550043427,3353.2380952380954,1012.4092389543772,0.03704559051787849,0.010606045117627222,19.904761904761905,2.021427169218202,181.0195341528424,11.996438641328288,3594.7619047619046,353.7406777855516,0.05076364749180847,0.004055230319585105,5.2285714285714295,0.6150051158462073,8.40952380952381,0.49943278484292947,12.352380952380951,1.3221984029562452,5.628571428571429,0.7178956398111526,4.304761904761905,0.7846601875827041,5.390476190476191,0.5254519704431894,0.09371428571428574,0.02729232031724894,0.050190476190476195,0.01927154094122815,-1.0,0.0,391.63809523809533,216.17099597571774,20.0,0.0,-107.30158730158729,0.6816162080502829,23.479365079365078,15.779748846890746,0
2025-11-07 00:08:35,28.571428571428573,8.941989916873613,114.51219690049253,3.8571032775502716,3269.2380952380954,1011.5989655590705,0.038259396365948876,0.010712783648842449,20.0,1.9760470401187074,179.1610685443768,12.276122741390404,3576.4285714285716,364.8688703041228,0.050457407909565065,0.003909488221080685,5.295238095238095,0.6999838028576364,8.419047619047618,0.48952751527224386,12.323809523809524,1.3529173986346488,5.647619047619049,0.7221786137191952,4.3619047619047615,0.7895002581357222,5.4,0.527347359996462,0.09533333333333334,0.025733678754158374,0.05238095238095236,0.019239038166425075,-1.0,0.0,382.5619047619048,223.771240494757,20.0,0.0,-107.38095238095238,0.8375178386205052,22.666666666666668,15.80066303611821,0
2025-11-07 00:08:36,29.571428571428573,9.100347604933136,114.58606449631137,3.8690824102537116,3386.6666666666665,1033.7654856712325,0.036919844431428615,0.01059302010559118,20.0,1.9760470401187074,178.26344949675777,12.692229804979712,3558.4761904761904,370.190764085301,0.050357022334497625,0.003892847771976089,5.380952380952381,0.7877750752346749,8.399999999999999,0.5200732549133733,12.304761904761904,1.3796052542652815,5.657142857142857,0.7201662695394119,4.352380952380951,0.7973880262451231,5.3999999999999995,0.5273473599964619,0.09657142857142857,0.02440252022224915,0.052380952380952375,0.019239038166425075,-1.0,0.0,365.4380952380953,229.34917126136872,20.0,0.0,-107.36507936507935,0.8287477766480418,22.260317460317463,16.12136385005907,0
2025-11-07 00:08:37,30.0,9.039595439746499,114.62755078779767,3.855607175922613,3436.4285714285716,1025.1105200081074,0.036384140461704365,0.010622311422824821,20.0,1.9760470401187074,177.6563066396149,13.376260130419176,3546.3333333333335,379.48503117895024,0.05034152455919274,0.003896875119230675,5.476190476190476,0.8314672985035102,8.380952380952381,0.5270032507526449,12.257142857142856,1.4197824878921317,5.704761904761905,0.7081002017310898,4.428571428571428,0.7789754303496582,5.39047619047619,0.5218143821639133,0.09838095238095237,0.022026988187602493,0.05304761904761903,0.01972785362417259,-1.0,0.0,366.5428571428572,228.04493410902407,20.0,0.0,-107.4761904761905,0.962643123813102,22.26031746031746,16.12136385005907,0
2025-11-07 00:08:38,30.61904761904762,8.560575139090723,114.69776554036534,3.821463571312159,3507.904761904762,966.4921798891329,0.035309719445484965,0.009712008506453818,20.095238095238095,1.9248936125150224,176.57112145442974,13.385932701465464,3542.5714285714284,381.3930070810687,0.05006932276124317,0.003747365574257564,5.533333333333333,0.8515159218002708,8.466666666666667,0.5701573160798388,12.219047619047618,1.4734536842524737,5.7142857142857135,0.7052765173932808,4.495238095238095,0.7822289218430883,5.304761904761905,0.5610162466675481,0.10009523809523808,0.019966411704957953,0.05238095238095236,0.019718196069514752,-1.0,0.0,355.552380952381,227.87366512222476,20.0,0.0,-107.46031746031747,0.9566043919567888,22.666666666666668,16.01861351166133,0
2025-11-07 00:08:39,30.047619047619047,8.714936223443337,114.92172785256294,3.8066508024509065,3448.714285714286,983.7800345923803,0.035988128310834415,0.009870819331237714,20.095238095238095,1.9248936125150224,175.72350240681067,13.236118307371603,3525.6190476190477,379.7937380298839,0.05008688966921668,0.003747255146557909,5.638095238095238,0.8409043830340616,8.409523809523808,0.6308760061592075,12.104761904761904,1.454869063156443,5.742857142857142,0.6876955504204076,4.457142857142857,0.8237957609640347,5.314285714285714,0.5574480238728341,0.10028571428571428,0.019964594511624956,0.05323809523809522,0.01919797797364721,-1.0,0.0,331.81904761904764,225.74799185743467,20.0,0.0,-107.4761904761905,0.951586970623614,22.666666666666668,16.018613511661332,0
2025-11-07 00:08:40,29.333333333333332,8.89265793108928,114.82989111786908,3.8165660390647544,3364.4285714285716,1005.1024383437868,0.03701851315630856,0.010162229028255457,20.19047619047619,1.9178124348192638,173.95288538807338,12.550664642334398,3507.3333333333335,376.8199435290943,0.04999316860336992,0.00373406696814423,5.723809523809524,0.8222528645390238,8.333333333333334,0.6964763923345608,11.999999999999998,1.4800257398019099,5.7523809523809515,0.6842577122547071,4.438095238095238,0.8476725504783477,5.276190476190476,0.5639189083080937,0.10095238095238093,0.01936731707081654,0.05228571428571428,0.019334506180704487,-1.0,0.0,332.6,224.9474181945215,20.0,0.0,-107.4603174603175,0.9510572812028764,21.853968253968258,15.106137636929912,0
2025-11-07 00:08:41,27.80952380952381,8.098318741560453,114.66628281740601,3.8952210856938345,3187.0,916.9856414724642,0.0387366464098454,0.01022840329105447,20.095238095238095,1.7702505043277241,172.7891047242927,12.356667215452951,3463.8571428571427,305.1791489030174,0.05004315002234009,0.0036596448842323936,5.828571428571428,0.7862768548781064,8.276190476190475,0.721047361171341,11.838095238095239,1.4150470934368196,5.790476190476189,0.6516680150307048,4.428571428571429,0.8580947095817832,5.209523809523809,0.6858465480910031,0.10247619047619048,0.022449136260018147,0.05380952380952379,0.019409421000709057,-1.0,0.0,324.43809523809523,225.02066460912826,20.0,0.0,-107.50793650793652,0.9846388837632308,21.041269841269845,14.572024748325472,0
2025-11-07 00:08:42,26.476190476190474,7.786551578685416,114.75207093110112,3.8876532371529784,3037.0,885.0212803467873,0.04097069270798545,0.011644911851803592,20.047619047619047,1.8120283419467094,171.3903300097285,11.355455257203717,3429.3809523809523,316.1239172630879,0.05018326362849692,0.003794566074810488,5.933333333333333,0.704633192879768,8.19047619047619,0.75963948962321,11.657142857142858,1.315320503607727,5.847619047619046,0.5753831415997416,4.40952380952381,0.8804245522986336,5.228571428571429,0.6684330341092033,0.10057142857142858,0.021718044787405587,0.053904761904761886,0.019336382588529235,-1.0,0.0,310.1333333333333,228.6583921868172,20.0,0.0,-107.52380952380955,0.9789932663561487,21.853968253968258,14.639854555145606,0
2025-11-07 00:08:43,25.095238095238095,7.476342127670277,114.7690777338222,3.8791610373295127,2881.6666666666665,859.9780358952328,0.043398565511815056,0.013052445385437685,20.0,1.8516401995451028,170.6493107950251,9.958210970145508,3406.5714285714284,307.23041941227905,0.05031777277140738,0.0039016389798191987,6.019047619047619,0.719536257810442,8.104761904761904,0.7649937382104076,11.504761904761903,1.2896940170429467,5.857142857142856,0.5661662456267372,4.380952380952381,0.9090125713516196,5.171428571428572,0.6853173454288007,0.10123809523809524,0.02208620505009267,0.0537142857142857,0.01937387258075962,-1.0,0.0,300.93333333333334,232.6997929753992,20.0,0.0,-107.5873015873016,0.9861729883815311,20.634920634920633,14.158223352022832,0
2025-11-07 00:08:44,23.666666666666668,6.749485577105529,114.87871228531722,3.794147084435084,2724.9523809523807,801.2653966244046,0.04604099540532886,0.014228959677738236,19.857142857142858,1.884415136896131,170.94900845186558,10.383784214857398,3385.9523809523807,292.7105633948022,0.050701358980964784,0.003988943017430566,6.114285714285715,0.6250986316732168,8.076190476190476,0.7571278824514966,11.257142857142856,1.2469281984030955,5.876190476190475,0.5290645490411867,4.352380952380953,0.9419427985964246,5.152380952380953,0.7061761871206333,0.09942857142857141,0.020322568802223027,0.05504761904761903,0.01806463577710983,-1.0,0.0,286.3809523809524,234.8819351221205,20.0,0.0,-107.63492063492065,0.980793124176219,19.415873015873014,13.550390451226873,0
2025-11-07 00:08:45,23.0,6.97614984548545,114.26306602681382,3.2779544081571657,2633.6666666666665,819.9379961072162,0.04781051782573196,0.014978231557853551,19.857142857142858,1.884415136896131,170.11302961588675,9.119595287201422,3370.904761904762,294.93468280312743,0.05068000222676273,0.003966639825532365,6.199999999999999,0.6172133998483676,7.99047619047619,0.7495425664743237,11.104761904761903,1.1688318101649677,5.885714285714285,0.5185012414787123,4.323809523809524,0.9670301920262104,5.095238095238096,0.7161246170326652,0.10009523809523808,0.020752291352327392,0.05485714285714284,0.01811677915841636,-1.0,0.0,277.1809523809524,237.90126727388727,20.0,0.0,-107.69841269841271,0.980793124176218,18.196825396825396,12.798387401568405,0
2025-11-07 00:08:46,22.428571428571427,7.115184490941613,113.69692846067623,2.0902188648389726,2553.4285714285716,824.4318431171727,0.049051052162420825,0.015280704476748714,19.61904761904762,1.4952684255340551,170.04922009207723,9.117573812771177,3328.904761904762,215.03131660337615,0.051087291323050045,0.0033357330799703294,6.2476190476190485,0.5753831415997416,7.99047619047619,0.7495425664743237,10.933333333333332,1.1115554667022047,5.847619047619047,0.5653646506535555,4.323809523809524,0.9670301920262104,5.000000000000001,0.8211490207542808,0.10133333333333334,0.02226535496564185,0.05714285714285713,0.019804486539035274,-1.0,0.0,274.6666666666667,237.92371192971225,20.0,0.0,-107.84126984126983,1.036983045781659,15.758730158730156,11.66441658466119,0
2025-11-07 00:08:47,22.142857142857142,7.086443894848102,113.82549988924765,2.001532227554307,2524.285714285714,822.9761983977736,0.04962873330562607,0.015075066314364076,19.666666666666668,1.4907119849998596,170.09333036776647,9.13142672976601,3338.0,216.67662980755887,0.05120759252786528,0.0033495962415477955,6.295238095238096,0.4884145297126889,8.066666666666666,0.7863922039368768,10.714285714285714,0.9691850844349376,5.80952380952381,0.6308760061592075,4.295238095238095,0.9964107923543288,4.923809523809525,0.8890362689611402,0.10104761904761907,0.021983708666010345,0.05838095238095238,0.018054088550206137,-1.0,0.0,230.2571428571429,172.21094642335373,20.0,0.0,-107.88888888888889,1.0043994933051705,15.352380952380951,11.261079536193844,0
2025-11-07 00:08:48,22.571428571428573,7.155227383638106,113.66474084878935,1.875970005223994,2569.904761904762,831.463649508212,0.048792171147070844,0.01535060302180439,19.714285714285715,1.4846149779161804,170.34044816225264,9.174311147303852,3351.0,217.0962042615253,0.051101416100134044,0.0033605921437639633,6.314285714285715,0.46831584202454274,8.123809523809522,0.8360364322801807,10.542857142857141,0.9010953274297047,5.6761904761904765,0.6995949589412174,4.2,1.000951927869047,4.838095238095239,0.9250360046924251,0.10352380952380952,0.025885497038227796,0.057047619047619035,0.01847128064365813,-1.0,0.0,219.9619047619048,173.58106786219918,20.0,0.0,-107.92063492063492,0.97538358703094,14.946031746031744,11.749044658631892,0
2025-11-07 00:08:49,23.285714285714285,8.401489987710836,113.58114628243618,1.738014214853876,2650.1428571428573,976.9486649141554,0.04833367062512014,0.015954953612038626,19.476190476190474,1.1388819755334663,170.65937046801707,9.037677224608554,3318.190476190476,177.3529220422266,0.05147007473697928,0.002975125348793495,6.323809523809524,0.4679283236776475,8.171428571428569,0.8558720738537512,10.399999999999997,0.9581728644118651,5.5619047619047635,0.7026996855503511,4.104761904761905,0.9771075831375701,4.714285714285714,0.9083138299098181,0.10638095238095238,0.02770331970906185,0.0559047619047619,0.01761467127115715,-1.0,0.0,255.9047619047619,250.19745816567033,20.0,0.0,-107.95238095238098,0.9444110971837228,14.946031746031746,11.749044658631892,0
2025-11-07 00:08:50,24.238095238095237,10.07545230890529,113.88368596497587,1.9683521789595908,2771.904761904762,1193.135161974212,0.04760565290893943,0.016873464541670272,19.61904761904762,1.361938061530961,169.00119241418685,8.4578588941649,3307.2380952380954,152.20972522646093,0.05124703435367788,0.003287149437655775,6.342857142857143,0.44568986502086055,8.22857142857143,0.8950354380549128,10.228571428571426,0.8264340247587293,5.428571428571429,0.720544012166771,4.0095238095238095,0.963082729920541,4.628571428571428,0.9243493758895945,0.10885714285714286,0.03046041258246313,0.054571428571428555,0.017858095212699748,-1.0,0.0,245.6095238095238,252.19167673430255,20.0,0.0,-107.98412698412702,0.9112825456766652,14.53968253968254,12.204013647385361,0
2025-11-07 00:08:51,24.523809523809526,10.149450126409839,113.66265421894411,2.0474998084018856,2798.2380952380954,1198.8692253540974,0.0472856824979718,0.017065843125506863,19.476190476190474,1.366923818514983,169.75931788659804,8.224933859113099,3298.190476190476,155.83496124872715,0.05151871538814373,0.0031803282515971564,6.4,0.3651483716701107,8.20952380952381,0.8739100759584352,10.076190476190474,0.779441046308957,5.352380952380953,0.7607133541986993,3.9047619047619055,0.9021013513306376,4.59047619047619,0.9164656551405262,0.11228571428571427,0.03299226872948218,0.0556190476190476,0.016511110805919476,-1.0,0.0,217.66666666666666,232.91093195086876,20.0,0.0,-108.14285714285717,0.8393208931049159,13.320634920634921,11.749044658631892,0
2025-11-07 00:08:52,25.047619047619047,10.339366244169211,113.68664642452201,2.022008843117051,2857.3333333333335,1216.082521218317,0.0466296416487031,0.017528950347340422,19.571428571428573,1.3997084244475304,169.22954106358813,8.648254299209203,3303.095238095238,154.21688647019934,0.051286247257606145,0.003297197765212381,6.409523809523811,0.36240566838934185,8.228571428571428,0.8778452283278408,9.942857142857141,0.8466018508588031,5.276190476190477,0.7315376902732008,3.8285714285714287,0.8558720738537512,4.504761904761905,0.8632586052285455,0.11457142857142856,0.03204843273572558,0.054666666666666655,0.015872507928380672,-1.0,0.0,254.39047619047622,295.4852311268009,20.0,0.0,-108.11111111111111,0.8314794192831064,14.133333333333335,11.777118879442845,0
2025-11-07 00:08:53,25.0,10.346381930299067,113.69113227683395,2.016510278926744,2852.1428571428573,1217.111736691351,0.04678423641414312,0.017507634656581207,19.571428571428573,1.3997084244475304,169.2454140794611,8.654749731016414,3303.3809523809523,153.85846191826718,0.05128416267188145,0.0032949338808371687,6.457142857142858,0.371062090262441,8.266666666666666,0.8844332774281065,9.809523809523808,0.9471283726058528,5.190476190476191,0.6995949589412174,3.7619047619047628,0.8317944975580208,4.457142857142856,0.8284072086850527,0.11866666666666667,0.03105959453531892,0.053047619047619045,0.01595969981361144,-1.0,0.0,285.54285714285714,311.71137530831083,20.0,0.0,-108.12698412698413,0.8195765487889334,15.352380952380955,11.261079536193844,0
2025-11-07 00:08:54,25.38095238095238,10.228234453968655,113.86125844696014,2.0079727213785987,2899.190476190476,1202.815570672476,0.046044471499201586,0.01749563250424501,19.761904761904763,1.4443572274383907,168.99745833150538,8.5200823168949,3331.5238095238096,179.68533847166833,0.05095476464098157,0.0032466127949669766,6.485714285714287,0.3732555798526747,8.247619047619049,0.889954010378946,9.695238095238095,0.9413648604305956,5.142857142857143,0.6477590885002646,3.6761904761904765,0.7696039562223588,4.3999999999999995,0.7584445235072207,0.12161904761904758,0.02978410600507496,0.05066666666666666,0.016087064704092234,-1.0,0.0,322.24761904761897,353.8560584664034,20.0,0.0,-108.06349206349205,0.82692166842103,16.977777777777778,12.163356076369892,0
2025-11-07 00:08:55,26.19047619047619,10.746512380520073,113.82617327467985,2.0196533616987984,2989.6666666666665,1256.5683174853393,0.04527861509906364,0.018052844733566265,19.761904761904763,1.4443572274383907,169.63906234153043,9.544309427615374,3343.714285714286,189.8062026326409,0.05078656421743736,0.003090903009103227,6.533333333333336,0.3454925170898486,8.142857142857142,0.8775351999839575,9.60952380952381,0.9370189619999117,5.142857142857143,0.6477590885002648,3.571428571428572,0.6393023408319395,4.428571428571429,0.769132385126475,0.12361904761904763,0.029404366683289603,0.0519047619047619,0.01543621209982971,-1.0,0.0,340.7904761904761,381.79353920144297,20.0,0.0,-108.0952380952381,0.8238691601499111,15.352380952380955,12.431895195045266,0
2025-11-07 00:08:56,27.523809523809526,11.713317807476963,113.8174269189947,2.0099762670077737,3144.095238095238,1373.2626393534454,0.04380771063602255,0.018744605253478083,19.80952380952381,1.467717619754518,171.05459522134905,10.017028380580566,3381.0,226.38378706881605,0.05068663369207068,0.003170561179866278,6.542857142857143,0.3553287258319548,8.104761904761903,0.8999874022801865,9.523809523809526,0.9247417976333984,5.123809523809523,0.627849513289505,3.504761904761905,0.5541842486086154,4.40952380952381,0.7444427522233449,0.1295238095238095,0.03343169161940729,0.051428571428571435,0.014891900734392262,-1.0,0.0,373.54285714285714,389.80198705964324,20.0,0.0,-108.0,0.7488968960054309,15.75873015873016,12.524523688571888,0
2025-11-07 00:08:57,28.095238095238095,12.614824091047508,114.00034279128013,2.3430275259876763,3220.0476190476193,1498.5919256546088,0.043531873318148354,0.01906689142363622,19.857142857142858,1.4891900734392278,171.72466324855992,9.95974374000004,3402.8571428571427,236.54180858969593,0.050549253473781086,0.003258623487919365,6.533333333333334,0.3454925170898486,8.085714285714285,0.9187391537607729,9.42857142857143,0.9527618286018895,5.152380952380953,0.6616135022079392,3.5047619047619043,0.5541842486086154,4.380952380952381,0.6925584366742036,0.13171428571428573,0.03170870821825999,0.0521904761904762,0.015698404673630113,-1.0,0.0,375.7238095238095,388.50551495106515,20.0,0.0,-107.98412698412697,0.7592546503556509,15.758730158730161,12.524523688571888,0
2025-11-07 00:08:58,28.238095238095237,12.686343470740352,113.82129036222767,2.4913967621231787,3229.8571428571427,1502.7300326473842,0.0434101069922037,0.019158012960439615,19.904761904761905,1.5088551921671292,172.34620519867332,9.407150635070995,3423.3809523809523,231.31106168152837,0.050480050778207,0.0033022255914356533,6.542857142857143,0.3553287258319548,8.047619047619046,0.9378897526941088,9.342857142857143,0.9240549502169272,5.133333333333333,0.642416074439621,3.438095238095237,0.44344558959325014,4.361904761904762,0.6636667196260704,0.1376190476190476,0.03410135619489444,0.05171428571428572,0.015172477768402,-1.0,0.0,408.4761904761905,393.48128037371123,20.0,0.0,-107.88888888888889,0.6613544970158665,16.165079365079368,12.603377712169305,0
2025-11-07 00:08:59,27.904761904761905,12.727565741539715,113.91804674594059,2.517651767131582,3194.2380952380954,1506.991639145193,0.043799528085330296,0.01902878113488108,19.857142857142858,1.5208304212067918,173.4028468026833,9.826885085987332,3435.5714285714284,231.86502055097066,0.05056949135701187,0.0032984585661011037,6.571428571428571,0.36663574390324105,7.94285714285714,0.87970310390518,9.266666666666667,0.9488505995769092,5.133333333333333,0.6424160744396209,3.3619047619047615,0.21038782889880492,4.428571428571429,0.7125693664765672,0.14161904761904762,0.03343576099595589,0.052952380952380945,0.015707069049972038,-1.0,0.0,434.38095238095246,399.99578523856576,20.0,0.0,-107.82539682539684,0.7390759826554222,16.571428571428573,12.93952676822606,0
2025-11-07 00:09:00,28.571428571428573,12.767411747143132,113.73057680847064,2.4331067064905305,3265.4285714285716,1511.2215674249558,0.04301532511239708,0.01929793490324166,19.904761904761905,1.5400915836948788,174.1679261677627,10.122037342157109,3459.714285714286,251.62484222447074,0.05057924400144479,0.0032977696883079435,6.5809523809523816,0.3698378635990018,7.9523809523809526,0.87266370963469,9.133333333333335,0.860417026980208,5.142857142857143,0.6506929848586178,3.380952380952381,0.21295885499997994,4.428571428571429,0.7125693664765672,0.14257142857142857,0.03256725119410811,0.053904761904761886,0.01610059082590792,-1.0,0.0,436.59047619047624,398.3491240999556,20.0,0.0,-107.82539682539684,0.7390759826554222,16.571428571428573,12.93952676822606,0
2025-11-07 00:09:01,28.142857142857142,13.191937343860973,114.10936468725852,2.935120778970612,3220.9523809523807,1553.0289751747796,0.04505308597287322,0.022012686964507654,19.761904761904763,1.5707069049972042,175.84970999240366,10.748637847968856,3466.9523809523807,251.58648540251164,0.05083466733967962,0.003416260863004974,6.590476190476191,0.36762398220226244,8.0,0.8462803768199261,9.04761904761905,0.797388026245123,5.133333333333333,0.645374260803711,3.3904761904761904,0.20909046095333475,4.428571428571429,0.7125693664765672,0.148,0.03285175939334292,0.055428571428571424,0.01622629091957871,-1.0,0.0,469.3714285714285,398.40006351937853,20.0,0.0,-107.88888888888889,0.7512482264253543,14.133333333333335,14.662394760264098,0
2025-11-07 00:09:02,29.761904761904763,13.79753173890779,130.10002761909794,70.91433643542524,4216.476190476191,4425.298016534863,0.043300821390842084,0.022505877817524188,19.571428571428573,1.5297503242103823,175.92354356623724,10.666692280727888,3437.190476190476,271.34367928929066,0.05095444578334685,0.003251035442032826,6.561904761904763,0.38849672484516445,8.028571428571428,0.8356023531064323,8.933333333333334,0.7046331928797679,5.114285714285715,0.6371706165210563,3.4095238095238094,0.22657861434991078,4.495238095238095,0.6778651294961616,0.14733333333333332,0.032743350227595586,0.05533333333333333,0.016146157830840512,-1.0,0.0,465.57142857142856,400.93459999030733,20.0,0.0,-107.82539682539684,0.7390759826554222,12.914285714285715,14.963364684817853,0
2025-11-07 00:09:03,32.61904761904762,16.409858217303956,152.0841546032249,118.50182663403042,6194.619047619048,9380.995644570288,0.040556108409875356,0.022567059122753693,18.857142857142858,3.8456619256323745,171.83359647629015,23.030720387681384,3306.4285714285716,730.477897806411,0.06567797062881324,0.06686141029710374,6.57142857142857,0.38685897164933136,8.076190476190476,0.8035070520950266,8.847619047619048,0.598107370213622,5.104761904761905,0.6313071778733924,3.41904761904762,0.22172279479662502,4.495238095238095,0.6778651294961617,0.15276190476190474,0.03223412087761715,0.056857142857142856,0.01613716713879192,-1.0,0.0,498.35238095238094,398.6089474290831,20.0,0.0,-107.88888888888889,0.7512482264253542,10.476190476190476,15.925571407047455,0
2025-11-07 00:09:04,33.61904761904762,15.812822375335875,169.75922463123612,137.51077989128186,6908.571428571428,9562.944389033908,0.03845235567854883,0.021296796395472457,18.761904761904763,3.89021681247621,167.88915203184575,27.401948375344812,3225.8571428571427,815.1496669887296,0.06603635167626394,0.06682190516801198,6.523809523809524,0.39267672624930094,8.114285714285714,0.7796737500150848,8.761904761904763,0.5223355886019841,5.095238095238096,0.6282827619988818,3.447619047619048,0.23015325663989658,4.514285714285714,0.6805360032361845,0.15399999999999997,0.0314415557593995,0.0578095238095238,0.016176464525202876,-1.0,0.0,500.8952380952381,396.27157411744133,20.0,0.0,-107.84126984126983,0.7532578106479229,9.663492063492063,16.1520614922986,0
