curTime_of_UTC8,curWindow,num_send_packets,avg_send_packetLen,send_dataStream,avg_send_packetInterval,max_send_packetInterval,min_send_packetInterval,std_send_packetInterval,cv_send_packetInterval,send_Mutation_of_numPackets,num_recv_packets,avg_recv_packetLen,recv_dataStream,avg_recv_packetInterval,max_recv_packetInterval,min_recv_packetInterval,std_recv_packetInterval,cv_recv_packetInterval,recv_Mutation_of_numPackets,label,mn_cc,mn_redrt,mn_rre_count,mn_rach_fail,mn_rlf_num,mn_ota_irat_mean,mn_irat_mean,mn_u_r_mean,mn_d_r_mean,mn_u_m_mean,mn_d_m_mean,mn_d_g_mean,mn_u_g_mean,mn_u_b_mean,mn_d_b_mean,mn_txp_md_mean,mn_mtpl_mean,mn_cqi_mean,mn_mac_mean,mn_pu_m_l_mean,mn_pd_m_l_mean,mn_rlf_cause_mean,mn_retr_mean,mn_pp_s_mean,mn_pp_dis_mean,mn_pp_r_mean,mn_ri_mean,mn_prach_cfg_mean,mn_pre_for_mean,mn_o_fail_mean,mn_ph_dis_mean,mn_ssnr_mean,mn_tsnr_mean,mn_path_loss_mean,mn_target_pwr_mean,mn_bandwidth_mean,rf_sul_state,rf_sul_band,mn_ver,rsrp_1_mean,rsrp_2_mean,rsrp_3_mean,rsrp_4_mean,snr_1_mean,snr_2_mean,snr_3_mean,snr_4_mean
2025-11-07 00:07:49,1762445269.0,36,114.83333333333331,4134,0.0269775258170233,0.216555118560791,7.700920104980469e-05,0.0360486260781679,1.3362465602913265,0.7142857142857143,16,203.375,3254,0.0616243183612823,0.0876109600067138,0.0025250911712646,0.018779324740119,0.3047388634795488,-0.2,0,0.0,0.0,0.0,0.0,0.0,9.0,9.0,6.2,8.0,9.4,5.8,4.2,4.2,0.052,0.0419999999999999,21.4,0.0,-1.0,194.4,-1.0,-1.0,-1.0,-0.388,1927.8,-0.4,38965432.0,-1.0,0.0,0.0,-1.0,0.0,-111.0,-111.0,119.2,22.2,20.0,0.0,158.0,4.0,-106.66666666666669,-119.33333333333331,-119.33333333333331,-121.33333333333331,14.133333333333333,2.4666666666666672,-1.2,-0.5333333333333333
2025-11-07 00:07:50,1762445270.0,46,114.80434782608695,5281,0.0221906744915506,0.0522668361663818,0.0001089572906494,0.0115670429514307,0.5212569341159536,0.2777777777777778,21,181.7142857142857,3816,0.0472864309946695,0.0847549438476562,5.960464477539063e-06,0.0259912237900192,0.5496550118774906,0.3125,0,0.0,0.0,0.0,0.0,0.0,9.0,9.0,7.0,7.8,10.4,5.2,3.2,4.2,0.164,0.066,-3.0,-19.8,-1.0,333.2,-1.0,-1.0,-1.0,-0.184,3825.6,-0.2,38979261.6,-1.0,0.0,0.0,-1.0,0.04,-111.0,-111.0,75.6,-2.4,20.0,0.0,158.0,4.0,-108.66666666666669,-122.66666666666669,-122.66666666666669,-211.66666666666663,5.599999999999999,28.166666666666668,-15.4,-15.2
2025-11-07 00:07:51,1762445271.0,41,121.0,4961,0.0244686603546142,0.0971648693084716,0.0001749992370605,0.0160928427590679,0.6576920242400284,-0.108695652173913,19,184.1052631578948,3498,0.051966529143484,0.0763909816741943,3.814697265625e-06,0.0245309989272151,0.4720538264058963,-0.0952380952380952,0,0.0,0.0,0.0,0.0,0.0,9.0,9.0,7.2,8.2,10.0,5.2,3.4,4.2,0.158,0.046,-2.8,-19.8,-1.0,337.2,-1.0,-1.0,-1.0,-0.184,4484.4,-0.2,39007397.0,-1.0,0.0,0.0,-1.0,0.04,-111.0,-111.0,76.2,-1.6,20.0,0.0,158.0,4.0,-107.0,-123.0,-123.0,-122.0,31.2,11.7,-0.2666666666666666,-0.7666666666666666
2025-11-07 00:07:52,1762445272.0,47,112.61702127659576,5293,0.0208341720256399,0.0439879894256591,0.0001249313354492,0.0116450403387835,0.5589394349078213,0.1463414634146341,21,172.76190476190476,3628,0.0479862349373953,0.0842080116271972,1.9073486328125e-06,0.0277109892667832,0.5774778809576545,0.1052631578947368,0,0.0,0.0,0.0,0.0,0.0,9.0,9.0,7.0,7.8,10.4,5.2,3.2,4.2,0.164,0.066,-3.0,-19.8,-1.0,333.2,-1.0,-1.0,-1.0,-0.184,3825.6,-0.2,38979261.6,-1.0,0.0,0.0,-1.0,0.04,-111.0,-111.0,75.6,-2.4,20.0,0.0,158.0,4.0,-108.66666666666669,-122.66666666666669,-122.66666666666669,-211.66666666666663,5.599999999999999,28.166666666666668,-15.4,-15.2
2025-11-07 00:07:53,1762445273.0,46,113.3695652173913,5215,0.0220009762307871,0.0652790069580078,0.000133991241455,0.0150405804141251,0.6836324105054039,-0.0212765957446808,20,178.0,3560,0.0486073970794677,0.0806770324707031,4.0531158447265625e-06,0.0235219026597067,0.4839161130403873,-0.0476190476190476,0,0.0,0.0,0.0,0.0,0.0,9.0,9.0,7.8,8.6,7.8,5.2,3.8,4.8,0.0659999999999999,0.056,22.0,0.0,-1.0,117.6,-1.0,-1.0,-1.0,-0.388,2112.4,-0.4,39021138.2,-1.0,0.0,0.0,-1.0,0.0,-111.0,-111.0,120.4,23.6,20.0,0.0,158.0,4.0,-107.66666666666669,-120.66666666666669,-120.66666666666669,-122.0,14.133333333333333,45.70000000000001,-2.2333333333333334,-0.1333333333333334
2025-11-07 00:07:54,1762445274.0,45,114.22222222222224,5140,0.0222787115308973,0.0654761791229248,0.0002729892730712,0.0122181014167435,0.5484204685625018,-0.0217391304347826,20,170.75,3415,0.0494916558265686,0.0829620361328125,5.0067901611328125e-06,0.0275170200065974,0.5559931173655644,0.0,0,0.0,0.0,0.0,0.0,0.0,9.0,9.0,8.6,8.4,7.2,5.2,4.0,5.6,0.08,0.066,22.6,0.0,-1.0,133.2,-1.0,-1.0,-1.0,-0.388,3105.6,-0.4,41004463.0,-1.0,0.0,0.0,-1.0,0.0,-111.0,-111.0,121.0,24.4,20.0,0.0,158.0,4.0,-107.66666666666669,-120.66666666666669,-120.66666666666669,-166.66666666666666,31.2,20.7,-7.2,-7.099999999999999
2025-11-07 00:07:55,1762445275.0,38,113.5,4313,0.0267006033345272,0.0974957942962646,0.0005199909210205,0.0183631397430328,0.6877425020312934,-0.1555555555555555,20,177.15,3543,0.0502606391906738,0.0846848487854003,5.0067901611328125e-06,0.0279540557198585,0.556181858607273,0.0,0,0.0,0.0,0.0,0.0,0.0,9.0,9.0,7.8,8.6,7.8,5.2,3.8,4.8,0.0659999999999999,0.056,22.0,0.0,-1.0,117.6,-1.0,-1.0,-1.0,-0.388,2112.4,-0.4,39021138.2,-1.0,0.0,0.0,-1.0,0.0,-111.0,-111.0,120.4,23.6,20.0,0.0,158.0,4.0,-107.66666666666669,-120.66666666666669,-120.66666666666669,-122.0,14.133333333333333,45.70000000000001,-2.2333333333333334,-0.1333333333333334
2025-11-07 00:07:56,1762445276.0,28,110.85714285714286,3104,0.0328765341213771,0.088951826095581,0.0027551651000976,0.0225722614790719,0.6865766748933213,-0.2631578947368421,21,173.66666666666666,3647,0.0497472399757022,0.082515001296997,5.0067901611328125e-06,0.0252578432585266,0.5077235093014846,0.05,0,0.0,0.0,0.0,0.0,0.0,9.0,9.0,8.2,7.8,8.8,5.0,3.4,5.2,0.146,0.05,22.2,0.0,-1.0,160.0,-1.0,-1.0,-1.0,-0.184,5196.6,-0.2,37107181.0,-1.0,0.0,0.0,-1.0,0.04,-111.0,-111.0,120.6,24.0,20.0,0.0,158.0,4.0,-107.33333333333331,-120.0,-120.0,-166.33333333333334,39.73333333333333,3.033333333333332,-7.466666666666666,-7.033333333333334
2025-11-07 00:07:57,1762445277.0,17,113.29411764705884,1926,0.0602913043078254,0.0896308422088623,0.0221569538116455,0.0253406568793698,0.4203036767954085,-0.3928571428571428,18,183.88888888888889,3310,0.0549415614869859,0.0782029628753662,5.0067901611328125e-06,0.0205947804247877,0.3748488369713709,-0.1428571428571428,0,0.0,0.0,0.0,0.0,0.0,9.0,9.0,8.0,7.8,7.0,5.4,3.6,5.6,0.074,0.048,23.0,0.0,-1.0,119.4,-1.0,-1.0,-1.0,-0.388,3105.6,-0.4,41032075.2,-1.0,0.0,0.0,-1.0,0.0,-111.0,-111.0,121.2,24.6,20.0,0.0,158.0,4.0,-109.33333333333331,-123.66666666666669,-123.66666666666669,-122.0,14.133333333333333,36.266666666666666,-3.0333333333333337,-1.3999999999999997
2025-11-07 00:07:58,1762445278.0,17,112.05882352941175,1905,0.0571121187771067,0.0908730030059814,0.0018060207366943,0.030316064170197,0.5308166606200074,0.0,19,181.3684210526316,3446,0.0520882606506347,0.0790019035339355,3.814697265625e-06,0.0233985705655047,0.4492100575683094,0.0555555555555555,0,0.0,0.0,0.0,0.0,0.0,9.0,9.0,7.8,7.8,6.4,5.2,3.6,5.4,0.078,0.046,23.0,0.0,-1.0,119.4,-1.0,-1.0,-1.0,-0.388,2917.4,-0.4,41059113.6,-1.0,0.0,0.0,-1.0,0.0,-111.0,-111.0,121.6,24.8,20.0,0.0,158.0,4.0,-108.33333333333331,-122.0,-122.0,-167.0,-2.9333333333333336,19.633333333333336,-9.833333333333334,-9.333333333333334
2025-11-07 00:07:59,1762445279.0,23,111.2608695652174,2559,0.0467412990072499,0.0920929908752441,0.0045089721679687,0.0325170043013506,0.6956803724326743,0.3529411764705882,18,184.72222222222223,3325,0.0553943316141764,0.0768270492553711,3.814697265625e-06,0.0224740775939541,0.4057107819349991,-0.0526315789473684,0,0.0,0.0,0.0,0.0,0.0,9.0,9.0,6.4,7.8,8.0,5.2,3.2,4.6,0.046,0.048,22.4,0.0,-1.0,97.4,-1.0,-1.0,-1.0,-0.184,4717.6,-0.2,37161681.6,-1.0,0.0,0.0,-1.0,0.0,-111.0,-111.0,121.0,24.2,20.0,0.0,158.0,4.0,-108.33333333333331,-121.0,-121.0,-167.0,48.26666666666667,12.866666666666667,-5.4,-5.666666666666667
2025-11-07 00:08:00,1762445280.0,44,114.04545454545456,5018,0.0225385915149341,0.0751299858093261,7.987022399902344e-05,0.0142205585293905,0.6309426443071185,0.9130434782608696,23,177.1304347826087,4074,0.0442345246024753,0.0775661468505859,3.0994415283203125e-06,0.0293142586951704,0.6627008871149939,0.2777777777777778,0,0.0,0.0,0.0,0.0,0.0,9.0,9.0,7.8,7.8,6.4,5.2,3.6,5.4,0.078,0.046,23.0,0.0,-1.0,119.4,-1.0,-1.0,-1.0,-0.388,2917.4,-0.4,41059113.6,-1.0,0.0,0.0,-1.0,0.0,-111.0,-111.0,121.6,24.8,20.0,0.0,158.0,4.0,-108.33333333333331,-122.0,-122.0,-167.0,-2.9333333333333336,19.633333333333336,-9.833333333333334,-9.333333333333334
2025-11-07 00:08:01,1762445281.0,26,111.0,2886,0.0359506148558396,0.0885150432586669,0.0086739063262939,0.0214977865010572,0.5979810522646801,-0.4090909090909091,19,176.21052631578948,3348,0.0501277321263363,0.0762140750885009,4.0531158447265625e-06,0.0200665928509872,0.4003092100878145,-0.1739130434782608,0,0.0,0.0,0.0,0.0,0.0,9.0,9.0,6.8,7.6,7.8,5.0,3.8,5.6,0.086,0.0699999999999999,22.8,0.0,-1.0,103.2,-1.0,-1.0,-1.0,-0.388,2942.4,-0.4,41086440.4,-1.0,0.0,0.0,-1.0,0.004,-111.0,-111.0,120.8,23.6,20.0,0.0,158.0,4.0,-108.66666666666669,-120.66666666666669,-120.66666666666669,-121.66666666666669,14.133333333333333,20.1,-1.1333333333333335,0.5
2025-11-07 00:08:02,1762445282.0,28,112.89285714285714,3161,0.0378568172454834,0.0882880687713623,0.0027189254760742,0.0238560894947878,0.6301662746789441,0.0769230769230769,19,192.31578947368425,3654,0.0557769474230314,0.0901989936828613,1.9073486328125e-06,0.0240644524973244,0.4314408301123298,0.0,0,0.0,0.0,0.0,0.0,0.0,9.0,9.0,6.2,7.6,7.6,4.8,3.6,5.2,0.054,0.044,22.6,0.0,-1.0,83.4,-1.0,-1.0,-1.0,-0.388,2942.4,-0.4,43074573.4,-1.0,0.0,0.0,-1.0,0.004,-111.0,-111.0,120.8,23.4,20.0,0.0,158.0,4.0,-108.0,-120.33333333333331,-120.33333333333331,-166.0,14.133333333333333,30.066666666666663,-6.166666666666667,-4.433333333333334
2025-11-07 00:08:03,1762445283.0,44,116.29545454545456,5117,0.0231602733785455,0.064296007156372,6.890296936035156e-05,0.017448514436877,0.7533811951045609,0.5714285714285714,18,195.88888888888889,3526,0.0557621717453002,0.0840198993682861,4.0531158447265625e-06,0.0208007947895717,0.3730269847555723,-0.0526315789473684,0,0.0,0.0,0.0,0.0,0.0,9.0,9.0,6.8,7.6,7.8,5.0,3.8,5.6,0.086,0.0699999999999999,22.8,0.0,-1.0,103.2,-1.0,-1.0,-1.0,-0.388,2942.4,-0.4,41086440.4,-1.0,0.0,0.0,-1.0,0.004,-111.0,-111.0,120.8,23.6,20.0,0.0,158.0,4.0,-108.66666666666669,-120.66666666666669,-120.66666666666669,-121.66666666666669,14.133333333333333,20.1,-1.1333333333333335,0.5
2025-11-07 00:08:04,1762445284.0,39,110.82051282051282,4322,0.0251454634544176,0.06032395362854,0.0042450428009033,0.0121670408762438,0.4838662408549203,-0.1136363636363636,20,183.6,3672,0.0488352537155151,0.0877909660339355,3.0994415283203125e-06,0.0250548374881956,0.5130481687297076,0.1111111111111111,0,0.0,0.0,0.0,0.0,0.0,9.0,9.0,6.0,7.6,8.4,5.4,3.6,4.0,0.046,0.062,22.0,0.0,-1.0,99.0,-1.0,-1.0,-1.0,-0.184,3946.0,-0.2,37216996.0,-1.0,0.0,0.0,-1.0,0.004,-111.0,-111.0,120.4,23.2,20.0,0.0,158.0,4.0,-107.66666666666669,-121.66666666666669,-121.66666666666669,-122.0,39.73333333333333,20.166666666666668,-0.6333333333333332,0.0
2025-11-07 00:08:05,1762445285.0,24,112.75,2706,0.0421558717886606,0.0884089469909668,0.0028789043426513,0.0279961963845548,0.6641114320896442,-0.3846153846153846,18,212.94444444444449,3833,0.0549135473039415,0.081597089767456,2.1457672119140625e-06,0.0235292299123584,0.428477690252394,-0.1,0,0.0,0.0,0.0,0.0,0.0,9.0,9.0,6.0,7.4,7.8,4.6,3.4,5.0,0.058,0.044,22.4,0.0,-1.0,77.2,-1.0,-1.0,-1.0,-0.388,2828.0,-0.4,39184579.0,-1.0,0.0,0.0,-1.0,0.004,-111.0,-111.0,120.6,23.2,20.0,0.0,158.0,4.0,-108.33333333333331,-119.66666666666669,-119.66666666666669,-167.33333333333334,14.133333333333333,37.7,-5.866666666666666,-6.333333333333333
2025-11-07 00:08:06,1762445286.0,39,110.33333333333331,4303,0.0256892351003793,0.0884320735931396,0.0071969032287597,0.0142196977089551,0.5535274854775722,0.625,19,194.68421052631567,3699,0.0521081121344315,0.0966649055480957,2.1457672119140625e-06,0.027811641994787,0.5337296028502622,0.0555555555555555,0,0.0,0.0,0.0,0.0,0.0,9.0,9.0,5.8,8.0,8.6,5.4,3.8,4.2,0.048,0.05,22.2,0.0,-1.0,92.6,-1.0,-1.0,-1.0,-0.388,2654.4,-0.4,39200281.2,-1.0,0.0,0.0,-1.0,0.004,-111.0,-111.0,120.6,23.0,20.0,0.0,158.0,4.0,-109.0,-119.33333333333331,-119.33333333333331,-121.66666666666669,5.599999999999999,28.066666666666663,-0.1666666666666667,0.2333333333333333
2025-11-07 00:08:07,1762445287.0,29,111.34482758620688,3229,0.0345309602803197,0.0883839130401611,0.003364086151123,0.0237338161129331,0.6873198984408154,-0.2564102564102564,19,192.0,3648,0.0523639478181537,0.0779721736907959,4.0531158447265625e-06,0.020612476123904,0.3936386957584976,0.0,0,0.0,0.0,0.0,0.0,0.0,9.0,9.0,6.2,7.4,7.8,4.6,3.8,4.8,0.076,0.044,22.2,0.0,-1.0,475.0,-1.0,-1.0,-1.0,-0.184,3731.6,-0.2,39212693.2,-1.0,0.0,0.0,-1.0,0.004,-111.0,-111.0,120.8,23.2,20.0,0.0,158.0,4.0,-109.0,-120.33333333333331,-120.33333333333331,-166.33333333333334,5.599999999999999,37.26666666666667,-6.266666666666666,-6.233333333333333
2025-11-07 00:08:08,1762445288.0,32,111.8125,3578,0.0309501886367797,0.0891871452331543,5.292892456054688e-05,0.0219110075060971,0.7079442313982895,0.1034482758620689,19,185.73684210526315,3529,0.0554633642497815,0.0800168514251709,2.86102294921875e-06,0.0213662520560318,0.3852318074289192,0.0,0,0.0,0.0,0.0,0.0,0.0,9.0,9.0,6.0,7.8,8.8,5.6,3.8,4.4,0.0419999999999999,0.05,22.2,0.0,-1.0,101.6,-1.0,-1.0,-1.0,-0.388,2913.0,-0.4,39228554.8,-1.0,0.0,0.0,-1.0,0.004,-111.0,-111.0,120.6,23.0,20.0,0.0,158.0,4.0,-107.66666666666669,-121.33333333333331,-121.33333333333331,-166.33333333333334,39.73333333333333,12.066666666666665,-6.966666666666666,-6.166666666666667
2025-11-07 00:08:09,1762445289.0,40,111.3,4452,0.0250430524349212,0.0883660316467285,0.0017170906066894,0.0171907021335353,0.68644595854313,0.25,18,194.16666666666663,3495,0.0547990004221598,0.0836718082427978,4.0531158447265625e-06,0.0227001940321658,0.4142446733934635,-0.0526315789473684,0,0.0,0.0,0.0,0.0,0.0,9.0,9.0,5.8,7.4,8.8,4.6,3.6,5.2,0.066,0.04,22.0,0.0,-1.0,475.0,-1.0,-1.0,-1.0,-0.184,4121.4,-0.2,39241046.6,-1.0,0.0,0.0,-1.0,0.004,-111.0,-111.0,120.2,22.8,20.0,0.0,158.0,4.0,-108.0,-120.33333333333331,-120.33333333333331,-167.33333333333334,14.133333333333333,46.26666666666667,-5.6000000000000005,-6.133333333333333
2025-11-07 00:08:10,1762445290.0,52,114.6153846153846,5960,0.0188289972452017,0.0723369121551513,8.20159912109375e-05,0.0124672358586998,0.6621295704887827,0.3,23,172.04347826086956,3957,0.043306827545166,0.0788729190826416,3.814697265625e-06,0.026496543828662,0.6118329448405797,0.2777777777777778,0,0.0,0.0,0.0,0.0,0.0,9.0,9.0,6.0,7.6,9.6,5.8,4.2,5.0,0.044,0.0419999999999999,22.2,0.0,-1.0,306.0,-1.0,-1.0,-1.0,-0.388,2913.0,-0.4,39256941.6,-1.0,0.0,0.0,-1.0,0.014,-111.0,-111.0,120.4,22.8,20.0,0.0,158.0,4.0,-108.33333333333331,-119.33333333333331,-119.33333333333331,-122.66666666666669,14.133333333333333,54.86666666666667,-0.2666666666666666,0.6
2025-11-07 00:08:11,1762445291.0,45,113.28888888888888,5098,0.0224945598178439,0.0656540393829345,9.989738464355467e-05,0.0146590559591143,0.6516711630643233,-0.1346153846153846,20,203.0,4060,0.0492708444595336,0.080043077468872,3.0994415283203125e-06,0.023800282649445,0.4830500250303665,-0.1304347826086956,0,0.0,0.0,0.0,0.0,0.0,9.0,9.0,5.8,7.4,10.2,6.2,4.0,5.8,0.046,0.038,22.4,0.0,-1.0,304.8,-1.0,-1.0,-1.0,-0.388,3162.6,-0.4,41253240.2,-1.0,0.0,0.0,-1.0,0.026,-111.0,-111.0,120.4,22.8,20.0,0.0,158.0,4.0,-107.66666666666669,-121.0,-121.0,-122.0,56.79999999999999,38.16666666666666,0.5333333333333333,1.6666666666666667
2025-11-07 00:08:12,1762445292.0,42,113.6904761904762,4775,0.0236684254237583,0.064918041229248,9.393692016601562e-05,0.0171573251273708,0.724903529499192,-0.0666666666666666,21,197.0952380952381,4139,0.0470612389700753,0.2164909839630127,2.1457672119140625e-06,0.0484151396777174,1.0287689133833269,0.05,0,0.0,0.0,0.0,0.0,0.0,9.0,9.0,5.6,7.4,9.6,5.2,3.8,5.8,0.0679999999999999,0.0579999999999999,22.0,0.0,-1.0,484.6,-1.0,-1.0,-1.0,-0.184,4678.8,-0.2,35370518.2,-1.0,0.0,0.0,-1.0,0.0,-111.0,-111.0,120.2,23.0,20.0,0.0,158.0,4.0,-107.33333333333331,-121.0,-121.0,-167.33333333333334,5.599999999999999,54.866666666666674,-8.033333333333333,-7.733333333333333
2025-11-07 00:08:13,1762445293.0,39,115.74358974358974,4514,0.0260257720947265,0.0503580570220947,0.0004739761352539,0.0113757337889471,0.4370949590868087,-0.0714285714285714,19,183.57894736842104,3488,0.0521645294992547,0.0831069946289062,3.0994415283203125e-06,0.0236934950994824,0.4542070124455158,-0.0952380952380952,0,0.0,0.0,0.0,0.0,0.0,9.0,9.0,5.8,7.4,10.2,6.2,4.0,5.8,0.046,0.038,22.4,0.0,-1.0,304.8,-1.0,-1.0,-1.0,-0.388,3162.6,-0.4,41253240.2,-1.0,0.0,0.0,-1.0,0.026,-111.0,-111.0,120.4,22.8,20.0,0.0,158.0,4.0,-107.66666666666669,-121.0,-121.0,-122.0,56.79999999999999,38.16666666666666,0.5333333333333333,1.6666666666666667
2025-11-07 00:08:14,1762445294.0,37,113.5945945945946,4203,0.025844889718133,0.0929739475250244,7.319450378417969e-05,0.017653670450191,0.6830623246113169,-0.0512820512820512,18,197.77777777777777,3560,0.0557212829589843,0.0955970287322998,4.0531158447265625e-06,0.0260079867812537,0.4667513991089875,-0.0526315789473684,0,0.0,0.0,0.0,0.0,0.0,9.0,9.0,5.4,7.8,11.2,5.6,3.8,5.4,0.052,0.028,22.2,0.0,-1.0,298.2,-1.0,-1.0,-1.0,-0.388,3641.8,-0.4,41282177.2,-1.0,0.0,0.0,-1.0,0.022,-111.0,-111.0,120.4,22.8,20.0,0.0,158.0,4.0,-108.0,-120.66666666666669,-120.66666666666669,-124.0,31.2,36.83333333333333,-1.1333333333333333,-0.9333333333333332
2025-11-07 00:08:15,1762445295.0,20,114.4,2288,0.0526073455810546,0.0887579917907714,0.0156950950622558,0.0278556327362311,0.529500822148736,-0.4594594594594595,20,182.35,3647,0.0521079421043396,0.0727481842041015,5.0067901611328125e-06,0.022235837450348,0.4267264557449529,0.1111111111111111,0,0.0,0.0,0.0,0.0,0.0,9.0,9.0,5.2,7.8,10.6,5.4,3.8,6.0,0.056,0.06,22.0,0.0,-1.0,480.0,-1.0,-1.0,-1.0,-0.184,4611.4,-0.2,37361680.8,-1.0,0.0,0.0,-1.0,0.0,-111.0,-111.0,120.2,22.8,20.0,0.0,158.0,4.0,-108.0,-121.33333333333331,-121.33333333333331,-167.33333333333334,14.133333333333333,28.33333333333333,-7.1000000000000005,-6.766666666666667
2025-11-07 00:08:16,1762445296.0,24,112.91666666666669,2710,0.0416968762874603,0.0890169143676757,0.0015351772308349,0.0295490678618428,0.7086638255136936,0.2,20,169.65,3393,0.0494998574256897,0.0723772048950195,5.0067901611328125e-06,0.0255418272983339,0.5159979973008595,0.0,0,0.0,0.0,0.0,0.0,0.0,9.0,9.0,4.8,8.4,11.6,5.0,3.4,5.8,0.048,0.06,22.0,0.0,-1.0,84.4,-1.0,-1.0,-1.0,-0.184,4482.8,-0.2,37390575.6,-1.0,0.0,0.0,-1.0,0.0,-111.0,-111.0,119.8,22.6,20.0,0.0,158.0,4.0,-107.33333333333331,-121.66666666666669,-121.66666666666669,-123.66666666666669,14.133333333333333,28.46666666666667,-1.5333333333333332,-1.4
2025-11-07 00:08:17,1762445297.0,17,112.05882352941175,1905,0.0557424741632798,0.089756965637207,0.0016920566558837,0.0344249714550375,0.6175716448143388,-0.2916666666666667,18,188.38888888888889,3391,0.0551628801557752,0.095121145248413,0.0024840831756591,0.024556993172513,0.4451724257900632,-0.1,0,0.0,0.0,0.0,0.0,0.0,9.0,9.0,5.2,7.8,10.6,5.4,3.8,6.0,0.056,0.06,22.0,0.0,-1.0,480.0,-1.0,-1.0,-1.0,-0.184,4611.4,-0.2,37361680.8,-1.0,0.0,0.0,-1.0,0.0,-111.0,-111.0,120.2,22.8,20.0,0.0,158.0,4.0,-108.0,-121.33333333333331,-121.33333333333331,-167.33333333333334,14.133333333333333,28.33333333333333,-7.1000000000000005,-6.766666666666667
2025-11-07 00:08:18,1762445298.0,34,112.20588235294116,3815,0.0308177330914665,0.08656907081604,6.389617919921875e-05,0.0235900173855738,0.7654689368474663,1.0,20,187.4,3748,0.0498700976371765,0.0753939151763916,6.198883056640625e-06,0.0232331450745553,0.4658732622419376,0.1111111111111111,0,0.0,0.0,0.0,0.0,0.0,9.0,9.0,4.4,8.4,13.6,5.0,4.0,5.0,0.098,0.032,21.6,0.0,-1.0,613.2,-1.0,-1.0,-1.0,-0.388,3216.4,-0.4,41340124.2,-1.0,0.0,0.0,-1.0,0.022,-111.0,-111.0,119.8,22.4,20.0,0.0,158.0,4.0,-107.0,-121.33333333333331,-121.33333333333331,-169.0,5.599999999999999,11.633333333333336,-8.266666666666667,-8.633333333333333
2025-11-07 00:08:19,1762445299.0,35,115.42857142857144,4040,0.0285171168191092,0.0761849880218505,7.414817810058594e-05,0.0213738428979299,0.7495092520576065,0.0294117647058823,19,198.42105263157896,3770,0.0515504761746055,0.0757081508636474,4.0531158447265625e-06,0.0213412078664378,0.4139866292244041,-0.05,0,0.0,0.0,0.0,0.0,0.0,9.0,9.0,4.6,8.6,12.8,5.4,3.6,5.6,0.076,0.06,-2.2,-19.8,-1.0,93.0,-1.0,-1.0,-1.0,-0.388,3440.0,-0.4,39391908.2,-1.0,0.0,0.0,-1.0,0.0,-111.0,-111.0,76.0,-1.8,20.0,0.0,158.0,4.0,-107.66666666666669,-121.33333333333331,-121.33333333333331,-167.33333333333334,48.26666666666667,46.03333333333333,-7.5,-6.266666666666667
2025-11-07 00:08:20,1762445300.0,49,114.6122448979592,5616,0.0202298553622498,0.0633139610290527,6.103515625e-05,0.0138737687454566,0.6858066208098512,0.4,24,187.66666666666663,4504,0.0439887543519338,0.0815780162811279,3.814697265625e-06,0.0280537383534741,0.6377479600588158,0.2631578947368421,0,0.0,0.0,0.0,0.0,0.0,9.0,9.0,4.4,8.6,14.2,4.8,3.6,4.8,0.128,0.038,21.6,0.0,-1.0,412.2,-1.0,-1.0,-1.0,-0.184,4118.0,-0.2,41369675.6,-1.0,0.0,0.0,-1.0,0.012,-111.0,-111.0,119.6,22.4,20.0,0.0,158.0,4.0,-107.66666666666669,-122.33333333333331,-122.33333333333331,-168.33333333333334,39.73333333333333,54.06666666666666,-7.233333333333333,-6.8
2025-11-07 00:08:21,1762445301.0,43,113.46511627906976,4879,0.0233306274857631,0.0529069900512695,5.698204040527344e-05,0.0119489809317848,0.5121585752066171,-0.1224489795918367,19,195.26315789473685,3710,0.0522309980894389,0.0747740268707275,3.0994415283203125e-06,0.0249638070231732,0.4779500284567779,-0.2083333333333333,0,0.0,0.0,0.0,0.0,0.0,9.0,9.0,4.2,8.8,14.4,4.4,3.6,4.4,0.13,0.038,21.2,0.0,-1.0,409.8,-1.0,-1.0,-1.0,-0.184,4291.0,-0.2,39431246.0,-1.0,0.0,0.0,-1.0,0.0,-111.0,-111.0,119.4,22.2,20.0,0.0,158.0,4.0,-107.0,-122.66666666666669,-122.66666666666669,-124.66666666666669,14.133333333333333,20.4,-1.6666666666666667,-2.4
2025-11-07 00:08:22,1762445302.0,42,112.64285714285714,4731,0.0238509802591233,0.0955188274383544,6.413459777832031e-05,0.0174962800355835,0.7335664968692828,-0.0232558139534883,19,198.8947368421053,3779,0.0519013655813116,0.0781230926513671,2.86102294921875e-06,0.025299355558722,0.4874506725470752,0.0,0,0.0,0.0,0.0,0.0,0.0,9.0,9.0,5.2,9.0,13.4,5.2,3.8,5.6,0.106,0.052,-2.0,-19.8,-1.0,300.8,-1.0,-1.0,-1.0,-0.388,3135.4,-0.4,39444132.4,-1.0,0.0,0.0,-1.0,0.0,-111.0,-111.0,75.8,-2.0,20.0,0.0,158.0,4.0,-107.0,-121.33333333333331,-121.33333333333331,-124.33333333333331,39.73333333333333,28.100000000000005,-1.3666666666666665,-1.5666666666666664
2025-11-07 00:08:23,1762445303.0,43,110.69767441860463,4760,0.0230476468108421,0.0556972026824951,0.0037128925323486,0.0090602318836778,0.3931087610825291,0.0238095238095238,21,182.0952380952381,3824,0.0473798570178803,0.0831689834594726,4.0531158447265625e-06,0.0232641460794114,0.4910134294122485,0.1052631578947368,0,0.0,0.0,0.0,0.0,0.0,9.0,9.0,4.4,8.6,14.2,4.6,3.6,4.6,0.1399999999999999,0.022,21.0,0.0,-1.0,411.4,-1.0,-1.0,-1.0,-0.184,4335.8,-0.2,39460124.0,-1.0,0.0,0.0,-1.0,0.0,-111.0,-111.0,119.2,22.0,20.0,0.0,158.0,4.0,-107.0,-121.0,-121.0,-212.0,39.73333333333333,28.7,-13.3,-13.533333333333331
2025-11-07 00:08:24,1762445304.0,28,124.0,3472,0.0345293964658464,0.0746691226959228,0.0016040802001953,0.0173937272773965,0.5037367882928655,-0.3488372093023256,18,194.0555555555556,3493,0.0550689962175157,0.0876049995422363,5.0067901611328125e-06,0.0229539746576593,0.4168221001703756,-0.1428571428571428,0,0.0,0.0,0.0,0.0,0.0,9.0,9.0,5.2,9.0,13.4,5.2,3.8,5.6,0.106,0.052,-2.0,-19.8,-1.0,300.8,-1.0,-1.0,-1.0,-0.388,3135.4,-0.4,39444132.4,-1.0,0.0,0.0,-1.0,0.0,-111.0,-111.0,75.8,-2.0,20.0,0.0,158.0,4.0,-107.0,-121.33333333333331,-121.33333333333331,-124.33333333333331,39.73333333333333,28.100000000000005,-1.3666666666666665,-1.5666666666666664
2025-11-07 00:08:25,1762445305.0,27,125.55555555555556,3390,0.0390941125375253,0.0884459018707275,0.0021259784698486,0.0267693649235938,0.6847415937092486,-0.0357142857142857,25,171.04,4276,0.040951280593872,0.0907449722290039,1.9073486328125e-06,0.0296677742906406,0.724465117095266,0.3888888888888889,0,0.0,0.0,0.0,0.0,0.0,9.0,9.0,5.2,8.6,13.2,5.6,3.8,5.2,0.114,0.046,-2.2,-19.8,-1.0,300.2,-1.0,-1.0,-1.0,-0.388,2845.4,-0.4,39473198.4,-1.0,0.0,0.0,-1.0,0.0,-111.0,-111.0,75.6,-2.2,20.0,0.0,158.0,4.0,-106.66666666666669,-120.33333333333331,-120.33333333333331,-168.66666666666666,48.26666666666667,28.8,-7.533333333333334,-7.566666666666666
2025-11-07 00:08:26,1762445306.0,26,111.0,2886,0.0378713424389178,0.0950138568878173,0.0206849575042724,0.0197770349139113,0.5222163683743035,-0.037037037037037,19,172.47368421052633,3277,0.0502694782457853,0.0830790996551513,4.0531158447265625e-06,0.0278168514540733,0.5533546880687091,-0.24,0,0.0,0.0,0.0,0.0,0.0,9.0,9.0,4.8,7.6,13.8,5.2,3.6,5.0,0.126,0.018,21.0,0.0,-1.0,1022.2,-1.0,-1.0,-1.0,-0.184,4335.8,-0.2,39489413.2,-1.0,0.0,0.0,-1.0,0.0,-111.0,-111.0,119.0,21.8,20.0,0.0,158.0,4.0,-106.66666666666669,-122.0,-122.0,-124.0,31.2,37.56666666666667,0.7333333333333334,-0.7333333333333334
2025-11-07 00:08:27,1762445307.0,19,116.94736842105264,2222,0.0529837357370477,0.0905549526214599,0.0025010108947753,0.0315248604556364,0.5949912745316934,-0.2692307692307692,19,169.21052631578948,3215,0.0519218946758069,0.0800690650939941,2.86102294921875e-06,0.0259889926143009,0.5005401435477769,0.0,0,0.0,0.0,0.0,0.0,0.0,9.0,9.0,5.6,8.2,12.8,6.8,5.2,5.4,0.114,0.066,-2.6,-19.8,-1.0,310.2,-1.0,-1.0,-1.0,-0.388,3383.8,-0.4,39507754.2,-1.0,0.0,0.0,-1.0,0.0,-111.0,-111.0,75.4,-2.4,20.0,0.0,158.0,4.0,-106.66666666666669,-120.66666666666669,-120.66666666666669,-124.33333333333331,5.599999999999999,27.766666666666666,-2.233333333333333,-2.833333333333333
2025-11-07 00:08:28,1762445308.0,29,117.48275862068964,3407,0.0327452133441793,0.0909371376037597,5.602836608886719e-05,0.0236586798019449,0.7225080366181355,0.5263157894736842,24,163.25,3918,0.04410253961881,0.0749680995941162,2.86102294921875e-06,0.0264955924841667,0.6007724886860306,0.2631578947368421,0,0.0,0.0,0.0,0.0,0.0,9.0,9.0,6.2,8.0,11.6,6.8,5.4,6.2,0.092,0.082,21.6,0.0,-1.0,312.2,-1.0,-1.0,-1.0,-0.388,3383.8,-0.4,37569991.8,-1.0,0.0,0.0,-1.0,0.0,-111.0,-111.0,118.8,21.8,20.0,0.0,158.0,4.0,-106.66666666666669,-120.33333333333331,-120.33333333333331,-212.0,31.2,54.86666666666667,-13.7,-13.6
2025-11-07 00:08:29,1762445309.0,30,111.96666666666668,3359,0.0349046945571899,0.0932340621948242,0.0016188621520996,0.0244539769127402,0.7005927776469538,0.0344827586206896,20,190.3,3806,0.0493201494216919,0.0810000896453857,4.0531158447265625e-06,0.0250064636181449,0.5070232736794309,-0.1666666666666666,0,0.0,0.0,0.0,0.0,0.0,9.0,9.0,5.6,8.2,12.8,6.8,5.2,5.4,0.114,0.066,-2.6,-19.8,-1.0,310.2,-1.0,-1.0,-1.0,-0.388,3383.8,-0.4,39507754.2,-1.0,0.0,0.0,-1.0,0.0,-111.0,-111.0,75.4,-2.4,20.0,0.0,158.0,4.0,-106.66666666666669,-120.66666666666669,-120.66666666666669,-124.33333333333331,5.599999999999999,27.766666666666666,-2.233333333333333,-2.833333333333333
2025-11-07 00:08:30,1762445310.0,24,115.375,2769,0.0406025449434916,0.0951879024505615,0.0008192062377929,0.0281259131707523,0.6927130604718595,-0.2,21,158.85714285714286,3336,0.0472587630862281,0.0749909877777099,5.0067901611328125e-06,0.0248490289959702,0.5258078581242335,0.05,0,0.0,0.0,0.0,0.0,0.0,9.0,9.0,5.2,9.4,12.0,5.8,5.6,5.2,0.098,0.022,20.8,0.0,-1.0,692.4,-1.0,-1.0,-1.0,-0.184,5030.6,-0.2,39565622.8,-1.0,0.0,0.0,-1.0,0.0,-111.0,-111.0,118.6,21.6,20.0,0.0,158.0,4.0,-106.0,-122.0,-122.0,-168.33333333333334,31.2,11.133333333333336,-6.8,-7.566666666666666
2025-11-07 00:08:31,1762445311.0,23,111.2608695652174,2559,0.0416356480639913,0.0908269882202148,0.018496036529541,0.0248929925342555,0.5978769081724542,-0.0416666666666666,19,168.31578947368422,3198,0.0522151620764481,0.0833051204681396,4.0531158447265625e-06,0.025178380768713,0.4822043974861065,-0.0952380952380952,0,0.0,0.0,0.0,0.0,0.0,9.0,9.0,6.2,8.2,11.0,6.4,5.2,6.0,0.076,0.076,21.4,0.0,-1.0,300.6,-1.0,-1.0,-1.0,-0.388,3250.8,-0.4,39585159.6,-1.0,0.0,0.0,-1.0,0.0,-111.0,-111.0,118.6,21.8,20.0,0.0,158.0,4.0,-108.66666666666669,-121.33333333333331,-121.33333333333331,-122.0,5.599999999999999,29.066666666666663,1.5,-0.2
2025-11-07 00:08:32,1762445312.0,24,111.16666666666669,2668,0.0426682531833648,0.0904209613800048,9.703636169433594e-05,0.0301664355117029,0.7069995432450462,0.0434782608695652,18,172.61111111111111,3107,0.0548866589864095,0.0777380466461181,2.1457672119140625e-06,0.0234058951216924,0.4264405149434946,-0.0526315789473684,0,0.0,0.0,0.0,0.0,0.0,9.0,9.0,6.0,8.0,10.6,6.4,4.8,5.6,0.066,0.0699999999999999,21.6,0.0,-1.0,101.0,-1.0,-1.0,-1.0,-0.184,4123.2,-0.2,39626013.0,-1.0,0.0,0.0,-1.0,0.0,-111.0,-111.0,119.0,22.2,20.0,0.0,158.0,4.0,-107.33333333333331,-120.0,-120.0,-123.66666666666669,-2.9333333333333336,45.26666666666667,-2.433333333333333,-1.2
2025-11-07 00:08:33,1762445313.0,18,111.88888888888889,2014,0.0544658369488186,0.0894429683685302,0.0006170272827148,0.0288722932518824,0.5300991386401283,-0.25,18,176.38888888888889,3175,0.0550579494900173,0.0750651359558105,5.0067901611328125e-06,0.0198291360951677,0.3601502830896925,0.0,0,0.0,0.0,0.0,0.0,0.0,9.0,9.0,6.2,8.2,11.0,6.4,5.2,6.0,0.076,0.076,21.4,0.0,-1.0,300.6,-1.0,-1.0,-1.0,-0.388,3250.8,-0.4,39585159.6,-1.0,0.0,0.0,-1.0,0.0,-111.0,-111.0,118.6,21.8,20.0,0.0,158.0,4.0,-108.66666666666669,-121.33333333333331,-121.33333333333331,-122.0,5.599999999999999,29.066666666666663,1.5,-0.2
2025-11-07 00:08:34,1762445314.0,24,113.54166666666669,2725,0.040771077076594,0.0921900272369384,0.0049490928649902,0.0273343335938447,0.6704344244448954,0.3333333333333333,19,177.0,3363,0.0555702134182578,0.0889608860015869,4.0531158447265625e-06,0.0218636979474423,0.3934427565156498,0.0555555555555555,0,0.0,0.0,0.0,0.0,0.0,9.0,9.0,5.8,9.4,10.6,6.0,5.6,4.4,0.096,0.03,21.4,0.0,-1.0,691.0,-1.0,-1.0,-1.0,-0.388,3009.2,-0.4,39647296.0,-1.0,0.0,0.0,-1.0,0.0,-111.0,-111.0,119.0,22.2,20.0,0.0,158.0,4.0,-107.66666666666669,-121.33333333333331,-121.33333333333331,-212.33333333333331,31.2,3.0000000000000004,-11.033333333333331,-13.9
2025-11-07 00:08:35,1762445315.0,21,116.14285714285714,2439,0.0513348125276111,0.1624579429626464,0.0001730918884277,0.0385838914983852,0.7516125918962367,-0.125,20,158.75,3175,0.0492902517318725,0.0780138969421386,5.0067901611328125e-06,0.0231004989758386,0.4686626293064989,0.0526315789473684,0,0.0,0.0,0.0,0.0,0.0,9.0,9.0,6.8,8.0,10.6,6.0,5.0,5.6,0.086,0.0739999999999999,22.0,0.0,-1.0,107.6,-1.0,-1.0,-1.0,-0.184,3871.4,-0.2,39665998.6,-1.0,0.0,0.0,-1.0,0.0,-111.0,-111.0,119.6,23.0,20.0,0.0,158.0,4.0,-109.66666666666669,-121.33333333333331,-121.33333333333331,-122.33333333333331,14.133333333333333,28.433333333333334,2.733333333333333,-0.2333333333333332
2025-11-07 00:08:36,1762445316.0,41,115.95121951219512,4754,0.0244767549561291,0.088573932647705,7.605552673339844e-05,0.0199715692213524,0.8159402362424454,0.9523809523809524,20,163.5,3270,0.0499998450279235,0.0727980136871337,5.0067901611328125e-06,0.0232309641804576,0.4646207236739197,0.0,0,0.0,0.0,0.0,0.0,0.0,9.0,9.0,7.0,7.4,10.2,5.6,3.6,6.0,0.0819999999999999,0.06,22.4,0.0,-1.0,120.4,-1.0,-1.0,-1.0,-0.184,3497.0,-0.2,39700070.4,-1.0,0.0,0.0,-1.0,0.0,-111.0,-111.0,120.0,23.6,20.0,0.0,158.0,4.0,-107.66666666666669,-122.66666666666669,-122.66666666666669,-123.66666666666669,5.599999999999999,62.833333333333336,-2.6333333333333333,-1.7666666666666666
2025-11-07 00:08:37,1762445317.0,33,113.78787878787878,3755,0.030447092923251,0.1571719646453857,0.0001280307769775,0.0254606312150831,0.8362253591586745,-0.1951219512195122,20,156.9,3138,0.0491744041442871,0.0773181915283203,5.0067901611328125e-06,0.0260786248739036,0.5303292500989744,0.0,0,0.0,0.0,0.0,0.0,0.0,9.0,9.0,6.8,8.0,10.6,6.0,5.0,5.6,0.086,0.0739999999999999,22.0,0.0,-1.0,107.6,-1.0,-1.0,-1.0,-0.184,3871.4,-0.2,39665998.6,-1.0,0.0,0.0,-1.0,0.0,-111.0,-111.0,119.6,23.0,20.0,0.0,158.0,4.0,-109.66666666666669,-121.33333333333331,-121.33333333333331,-122.33333333333331,14.133333333333333,28.433333333333334,2.733333333333333,-0.2333333333333332
2025-11-07 00:08:38,1762445318.0,30,113.53333333333332,3406,0.0331796328226725,0.1836168766021728,0.000108003616333,0.031075231050212,0.9365754954641194,-0.0909090909090909,20,165.6,3312,0.0494466423988342,0.0840089321136474,5.960464477539063e-06,0.0249350358974704,0.5042816799641444,0.0,0,0.0,0.0,0.0,0.0,0.0,9.0,9.0,6.4,9.6,9.8,5.6,5.2,4.2,0.092,0.046,22.4,0.0,-1.0,249.2,-1.0,-1.0,-1.0,-0.388,3473.6,-0.4,39720368.8,-1.0,0.0,0.0,-1.0,0.0,-111.0,-111.0,120.0,23.8,20.0,0.0,158.0,4.0,-107.66666666666669,-121.66666666666669,-121.66666666666669,-124.0,22.666666666666668,11.7,2.3666666666666667,-0.1666666666666666
2025-11-07 00:08:39,1762445319.0,22,116.9090909090909,2572,0.045064319263805,0.2458610534667968,0.0022559165954589,0.0538521119198809,1.1950055564943176,-0.2666666666666666,20,169.6,3392,0.0502390027046203,0.0708799362182617,5.0067901611328125e-06,0.0212995544192899,0.4239645150705003,0.0,0,0.0,0.0,0.0,0.0,0.0,9.0,9.0,6.6,7.2,11.2,5.6,3.2,5.2,0.102,0.05,21.8,0.0,-1.0,114.8,-1.0,-1.0,-1.0,-0.184,3497.0,-0.2,39733379.8,-1.0,0.0,0.0,-1.0,0.0,-111.0,-111.0,119.8,23.2,20.0,0.0,158.0,4.0,-107.33333333333331,-124.33333333333331,-124.33333333333331,-168.0,5.599999999999999,11.3,-6.433333333333333,-7.966666666666668
2025-11-07 00:08:40,1762445320.0,20,113.5,2270,0.0501551985740661,0.0940220355987548,0.0121290683746337,0.030807686204174,0.614247118545032,-0.0909090909090909,21,161.23809523809524,3386,0.0495823337918236,0.0752580165863037,2.86102294921875e-06,0.0230014379269128,0.4639038981804821,0.05,0,0.0,0.0,0.0,0.0,0.0,9.0,9.0,6.4,7.0,10.6,5.6,3.2,4.8,0.09,0.04,21.4,0.0,-1.0,109.4,-1.0,-1.0,-1.0,-0.184,3096.4,-0.2,41749703.2,-1.0,0.0,0.0,-1.0,0.0,-111.0,-111.0,119.6,22.6,20.0,0.0,158.0,4.0,-107.33333333333331,-122.66666666666669,-122.66666666666669,-123.0,31.2,46.7,-0.2666666666666666,0.4333333333333333
2025-11-07 00:08:41,1762445321.0,17,111.17647058823528,1890,0.0563106536865234,0.0999059677124023,0.0013089179992675,0.0331390855991655,0.5885047221019306,-0.15,22,163.22727272727272,3591,0.0450383641503073,0.0840308666229248,1.9073486328125e-06,0.0276564580326319,0.6140644438224594,0.0476190476190476,0,0.0,0.0,0.0,0.0,0.0,9.0,9.0,6.6,7.4,10.8,5.6,3.4,3.4,0.16,0.0699999999999999,21.4,0.0,-1.0,240.8,-1.0,-1.0,-1.0,-0.388,2900.8,-0.4,37780644.4,-1.0,0.0,0.0,-1.0,0.006,-111.0,-111.0,119.2,22.4,20.0,0.0,158.0,4.0,-108.66666666666669,-122.33333333333331,-122.33333333333331,-122.33333333333331,22.666666666666668,36.76666666666667,-3.8333333333333335,0.0999999999999999
2025-11-07 00:08:42,1762445322.0,15,115.26666666666668,1729,0.0702455997467041,0.0894031524658203,0.0085749626159667,0.0275505415353947,0.3922030936419957,-0.1176470588235294,18,165.88888888888889,2986,0.0551733838187323,0.083871841430664,3.814697265625e-06,0.0263422986803456,0.4774457692660492,-0.1818181818181818,0,0.0,0.0,0.0,0.0,0.0,9.0,9.0,6.4,7.0,10.6,5.6,3.2,4.8,0.09,0.04,21.4,0.0,-1.0,109.4,-1.0,-1.0,-1.0,-0.184,3096.4,-0.2,41749703.2,-1.0,0.0,0.0,-1.0,0.0,-111.0,-111.0,119.6,22.6,20.0,0.0,158.0,4.0,-107.33333333333331,-122.66666666666669,-122.66666666666669,-123.0,31.2,46.7,-0.2666666666666666,0.4333333333333333
2025-11-07 00:08:43,1762445323.0,13,113.0,1469,0.0748363091395451,0.0984511375427246,0.0055670738220214,0.02828656732781,0.3779791875500549,-0.1333333333333333,18,183.3333333333333,3300,0.0547260575824313,0.0829341411590576,3.0994415283203125e-06,0.0265497422493693,0.4851389524885597,0.0,0,0.0,0.0,0.0,0.0,0.0,9.0,9.0,7.0,7.2,10.2,5.4,3.2,4.4,0.12,0.048,21.6,0.0,-1.0,107.6,-1.0,-1.0,-1.0,-0.184,2976.0,-0.2,41775064.2,-1.0,0.0,0.0,-1.0,0.0,-111.0,-111.0,119.8,23.4,20.0,0.0,158.0,4.0,-108.33333333333331,-121.66666666666669,-121.66666666666669,-123.33333333333331,14.133333333333333,27.23333333333333,2.033333333333333,-1.1
2025-11-07 00:08:44,1762445324.0,13,113.0,1469,0.0785386745746319,0.0903429985046386,0.0241880416870117,0.0192141243198649,0.244645385524129,0.0,18,188.38888888888889,3391,0.0554351674185858,0.0751891136169433,0.001504898071289,0.0200910380792571,0.3624240534452001,0.0,0,0.0,0.0,0.0,0.0,0.0,9.0,9.0,6.4,8.0,9.0,5.0,3.0,4.2,0.102,0.05,21.6,0.0,-1.0,105.8,-1.0,-1.0,-1.0,-0.388,2224.8,-0.4,41800624.8,-1.0,0.0,0.0,-1.0,0.0,-111.0,-111.0,119.6,23.2,20.0,0.0,158.0,4.0,-108.0,-120.33333333333331,-120.33333333333331,-122.0,14.133333333333333,54.333333333333336,-0.0333333333333332,0.9666666666666668
2025-11-07 00:08:45,1762445325.0,14,111.07142857142856,1555,0.0716893672943115,0.0925729274749755,0.020777940750122,0.0255706267709528,0.3566864618287942,0.0769230769230769,18,176.5,3177,0.0546205043792724,0.0683989524841308,4.0531158447265625e-06,0.0226006108589992,0.4137752134631667,0.0,0,0.0,0.0,0.0,0.0,0.0,9.0,9.0,7.0,7.2,10.2,5.4,3.2,4.4,0.12,0.048,21.6,0.0,-1.0,107.6,-1.0,-1.0,-1.0,-0.184,2976.0,-0.2,41775064.2,-1.0,0.0,0.0,-1.0,0.0,-111.0,-111.0,119.8,23.4,20.0,0.0,158.0,4.0,-108.33333333333331,-121.66666666666669,-121.66666666666669,-123.33333333333331,14.133333333333333,27.23333333333333,2.033333333333333,-1.1
2025-11-07 00:08:46,1762445326.0,15,113.66666666666669,1705,0.0651453336079915,0.0904011726379394,0.00285005569458,0.0298026134778747,0.4574788680523208,0.0714285714285714,20,169.7,3394,0.0495043516159057,0.0714929103851318,5.0067901611328125e-06,0.0270654163827,0.5467280248955705,0.1111111111111111,0,0.0,0.0,0.0,0.0,0.0,9.0,9.0,6.2,8.6,9.6,4.8,3.8,3.2,0.14,0.094,21.4,0.0,-1.0,247.4,-1.0,-1.0,-1.0,-0.184,3217.0,-0.2,37831849.6,-1.0,0.0,0.0,-1.0,0.01,-111.0,-111.0,119.6,22.6,20.0,0.0,158.0,4.0,-109.66666666666669,-123.0,-123.0,-122.33333333333331,-2.9333333333333336,35.63333333333333,-2.466666666666667,-0.3333333333333333
2025-11-07 00:08:47,1762445327.0,20,113.7,2274,0.050002646446228,0.0910151004791259,0.003331184387207,0.0268999389971776,0.5379703057538233,0.3333333333333333,20,173.4,3468,0.0527958035469055,0.0752060413360595,3.814697265625e-06,0.0218442193264301,0.4137491591926048,0.0,0,0.0,0.0,0.0,0.0,0.0,9.0,9.0,5.8,9.2,9.2,4.4,3.0,3.4,0.12,0.044,21.8,0.0,-1.0,89.6,-1.0,-1.0,-1.0,-0.388,2081.6,-0.4,41826350.2,-1.0,0.0,0.0,-1.0,0.0,-111.0,-111.0,119.8,23.4,20.0,0.0,158.0,4.0,-107.66666666666669,-121.0,-121.0,-122.33333333333331,22.666666666666668,11.166666666666666,1.1,0.9
2025-11-07 00:08:48,1762445328.0,28,113.57142857142856,3180,0.0354159304073878,0.0882050991058349,0.000169038772583,0.0247909308379561,0.6999937754786394,0.4,20,174.4,3488,0.0496921896934509,0.071552038192749,0.0026609897613525,0.0206938954356003,0.4164416090991383,0.0,0,0.0,0.0,0.0,0.0,0.0,9.0,9.0,6.0,9.4,9.2,4.0,3.2,3.6,0.166,0.038,22.6,0.0,-1.0,94.0,-1.0,-1.0,-1.0,-0.388,2081.6,-0.4,41852359.6,-1.0,0.0,0.0,-1.0,0.012,-111.0,-111.0,121.2,24.8,20.0,0.0,158.0,4.0,-107.33333333333331,-120.0,-120.0,-165.66666666666666,-2.9333333333333336,20.3,-6.0,-4.966666666666668
2025-11-07 00:08:49,1762445329.0,44,115.72727272727272,5092,0.0231167023832147,0.0759069919586181,5.507469177246094e-05,0.0185667413944712,0.8031743060356505,0.5714285714285714,19,169.94736842105263,3229,0.0518443709925601,0.0847029685974121,3.814697265625e-06,0.0240165089903204,0.4632423642244,-0.05,0,0.0,0.0,0.0,0.0,0.0,9.0,9.0,6.4,9.0,8.6,4.4,3.4,3.6,0.152,0.058,22.4,0.0,-1.0,1067.0,-1.0,-1.0,-1.0,-0.184,2553.6,-0.2,37883441.8,-1.0,0.0,0.0,-1.0,0.01,-111.0,-111.0,120.4,23.8,20.0,0.0,158.0,4.0,-107.33333333333331,-120.33333333333331,-120.33333333333331,-166.66666666666666,31.2,11.4,1.8666666666666665,1.6333333333333335
2025-11-07 00:08:50,1762445330.0,50,118.32,5916,0.019616322517395,0.0554909706115722,4.792213439941406e-05,0.0146915092496582,0.7489430925001564,0.1363636363636363,23,155.47826086956522,3576,0.0446363013723622,0.0789370536804199,3.814697265625e-06,0.0235632365004391,0.5278940184553228,0.2105263157894736,0,0.0,0.0,0.0,0.0,0.0,9.0,9.0,6.0,9.4,9.2,4.0,3.2,3.6,0.166,0.038,22.6,0.0,-1.0,94.0,-1.0,-1.0,-1.0,-0.388,2081.6,-0.4,41852359.6,-1.0,0.0,0.0,-1.0,0.012,-111.0,-111.0,121.2,24.8,20.0,0.0,158.0,4.0,-107.33333333333331,-120.0,-120.0,-165.66666666666666,-2.9333333333333336,20.3,-6.0,-4.966666666666668
2025-11-07 00:08:51,1762445331.0,30,110.73333333333332,3322,0.0338831663131713,0.0876901149749755,0.0052590370178222,0.0210639791032709,0.621665015264019,-0.4,18,174.77777777777777,3146,0.0529640648100111,0.0896708965301513,5.0067901611328125e-06,0.0249950748093112,0.4719251609364165,-0.217391304347826,0,0.0,0.0,0.0,0.0,0.0,9.0,9.0,6.4,9.0,8.8,4.2,3.4,4.4,0.17,0.044,23.4,0.0,-1.0,105.6,-1.0,-1.0,-1.0,-0.388,3048.0,-0.4,39887451.0,-1.0,0.0,0.0,-1.0,0.016,-111.0,-111.0,121.4,25.6,20.0,0.0,158.0,4.0,-109.33333333333331,-122.33333333333331,-122.33333333333331,-120.66666666666669,5.599999999999999,11.166666666666666,0.5333333333333333,2.033333333333333
2025-11-07 00:08:52,1762445332.0,34,111.76470588235294,3800,0.0278587902293485,0.0862448215484619,0.0183219909667968,0.0129260008579314,0.4639828489147459,0.1333333333333333,21,157.1904761904762,3301,0.0473333313351585,0.0782980918884277,2.1457672119140625e-06,0.0258335549861497,0.5457793537333575,0.1666666666666666,0,0.0,0.0,0.0,0.0,0.0,9.0,9.0,6.4,8.6,8.2,4.8,3.6,4.2,0.124,0.056,22.8,0.0,-1.0,1071.8,-1.0,-1.0,-1.0,-0.184,2553.6,-0.2,39900283.8,-1.0,0.0,0.0,-1.0,0.004,-111.0,-111.0,120.4,24.4,20.0,0.0,158.0,4.0,-108.0,-121.33333333333331,-121.33333333333331,-121.0,22.666666666666668,36.03333333333333,1.2333333333333332,1.0333333333333334
2025-11-07 00:08:53,1762445333.0,23,111.2608695652174,2559,0.0459147432576055,0.0899012088775634,0.0213730335235595,0.0251721969174837,0.5482377801015828,-0.3235294117647059,18,172.94444444444446,3113,0.0548428826861911,0.0755259990692138,3.814697265625e-06,0.0219276215366675,0.3998262028299383,-0.1428571428571428,0,0.0,0.0,0.0,0.0,0.0,9.0,9.0,7.0,8.8,7.8,4.6,3.4,4.6,0.1519999999999999,0.036,23.4,0.0,-1.0,755.2,-1.0,-1.0,-1.0,-0.388,3309.4,-0.4,39913438.8,-1.0,0.0,0.0,-1.0,0.016,-111.0,-111.0,121.2,25.4,20.0,0.0,158.0,4.0,-107.66666666666669,-120.33333333333331,-120.33333333333331,-120.33333333333331,22.666666666666668,-5.833333333333333,1.6333333333333335,2.4333333333333336
2025-11-07 00:08:54,1762445334.0,26,115.46153846153848,3002,0.0389307737350463,0.0882189273834228,0.0180370807647705,0.023518669640612,0.6041151352571247,0.1304347826086956,22,171.1818181818182,3766,0.0481405908411199,0.0872449874877929,1.9073486328125e-06,0.0289711299162083,0.6018025414732198,0.2222222222222222,0,0.0,0.0,0.0,0.0,0.0,9.0,9.0,6.8,7.8,8.6,5.4,3.4,4.8,0.138,0.026,23.2,0.0,-1.0,1071.4,-1.0,-1.0,-1.0,-0.184,3022.8,-0.2,41925546.6,-1.0,0.0,0.0,-1.0,0.0,-111.0,-111.0,120.2,24.8,20.0,0.0,158.0,4.0,-107.33333333333331,-120.0,-120.0,-165.66666666666666,39.73333333333333,28.399999999999995,2.0666666666666664,2.4333333333333336
2025-11-07 00:08:55,1762445335.0,41,112.8048780487805,4625,0.0246880926736971,0.0881550312042236,9.083747863769533e-05,0.0186281826817531,0.7545411842041457,0.5769230769230769,19,190.4736842105264,3619,0.0520380045238294,0.0997321605682373,4.0531158447265625e-06,0.0282392974080791,0.5426668002833916,-0.1363636363636363,0,0.0,0.0,0.0,0.0,0.0,9.0,9.0,6.8,7.2,8.8,6.0,3.4,5.0,0.1379999999999999,0.056,23.4,0.0,-1.0,1080.4,-1.0,-1.0,-1.0,-0.184,3080.6,-0.2,41951698.8,-1.0,0.0,0.0,-1.0,0.0,-111.0,-111.0,119.6,24.8,20.0,0.0,158.0,4.0,-108.33333333333331,-122.0,-122.0,-120.33333333333331,-2.9333333333333336,11.6,0.7999999999999999,1.6333333333333335
2025-11-07 00:08:56,1762445336.0,49,115.95918367346938,5682,0.0204458188037483,0.0567359924316406,9.679794311523438e-05,0.0129609266909585,0.6339157563395049,0.1951219512195122,21,188.47619047619048,3958,0.0471917106991722,0.0800099372863769,3.0994415283203125e-06,0.0225721657298465,0.4783078510066065,0.1052631578947368,0,0.0,0.0,0.0,0.0,0.0,9.0,9.0,7.0,7.2,8.8,5.6,3.6,5.2,0.21,0.064,23.6,0.0,-1.0,795.4,-1.0,-1.0,-1.0,-0.388,3896.8,-0.4,37966590.8,-1.0,0.0,0.0,-1.0,0.022,-111.0,-111.0,120.8,26.0,20.0,0.0,158.0,4.0,-107.66666666666669,-121.0,-121.0,-119.33333333333331,22.666666666666668,28.73333333333333,3.3000000000000003,4.033333333333334
2025-11-07 00:08:57,1762445337.0,53,119.79245283018868,6349,0.0186841712807709,0.0599219799041748,5.412101745605469e-05,0.0108030651188385,0.5781934321034958,0.0816326530612244,21,177.57142857142858,3729,0.0471148604438418,0.0816090106964111,4.0531158447265625e-06,0.0256118931224074,0.5436054119896053,0.0,0,0.0,0.0,0.0,0.0,0.0,9.0,9.0,6.8,7.0,8.2,6.2,3.6,5.4,0.1279999999999999,0.076,23.6,0.0,-1.0,166.2,-1.0,-1.0,-1.0,-0.388,2436.2,-0.4,41978872.4,-1.0,0.0,0.0,-1.0,0.0,-111.0,-111.0,119.6,25.2,20.0,0.0,158.0,4.0,-107.33333333333331,-121.0,-121.0,-118.66666666666669,5.599999999999999,20.966666666666665,2.3666666666666667,4.500000000000001
2025-11-07 00:08:58,1762445338.0,36,110.02777777777776,3961,0.0278900000784132,0.0878300666809082,0.0061891078948974,0.0164164920629271,0.5886157051549624,-0.320754716981132,21,169.95238095238096,3569,0.0477211475372314,0.0915749073028564,3.814697265625e-06,0.0281198976164477,0.5892544305333177,0.0,0,0.0,0.0,0.0,0.0,0.0,9.0,9.0,7.0,7.2,8.8,5.6,3.6,5.2,0.21,0.064,23.6,0.0,-1.0,795.4,-1.0,-1.0,-1.0,-0.388,3896.8,-0.4,37966590.8,-1.0,0.0,0.0,-1.0,0.022,-111.0,-111.0,120.8,26.0,20.0,0.0,158.0,4.0,-107.66666666666669,-121.0,-121.0,-119.33333333333331,22.666666666666668,28.73333333333333,3.3000000000000003,4.033333333333334
2025-11-07 00:08:59,1762445339.0,23,115.56521739130434,2658,0.0413574757783309,0.072869062423706,0.0098178386688232,0.0178673785040547,0.4320229454965024,-0.3611111111111111,19,187.7894736842105,3568,0.0513248945537366,0.0750720500946044,4.0531158447265625e-06,0.0244078559026726,0.4755558898833749,-0.0952380952380952,0,0.0,0.0,0.0,0.0,0.0,9.0,9.0,7.0,7.4,8.2,5.6,3.6,5.6,0.176,0.072,23.8,0.0,-1.0,793.2,-1.0,-1.0,-1.0,-0.184,5539.6,-0.2,37993806.0,-1.0,0.0,0.0,-1.0,0.014,-111.0,-111.0,120.0,25.8,20.0,0.0,158.0,4.0,-106.33333333333331,-124.0,-124.0,-211.0,31.2,4.100000000000001,-3.966666666666667,-4.5
2025-11-07 00:09:00,1762445340.0,36,112.97222222222224,4067,0.0285960568322075,0.1471250057220459,9.489059448242188e-05,0.0231488849264069,0.8095131808639596,0.5652173913043478,21,185.66666666666663,3899,0.0504438082377115,0.0830190181732177,3.0994415283203125e-06,0.0260872620394875,0.517154888793364,0.1052631578947368,0,0.0,0.0,0.0,0.0,0.0,9.0,9.0,6.8,7.4,8.4,5.8,3.6,5.2,0.122,0.0699999999999999,23.6,0.0,-1.0,161.2,-1.0,-1.0,-1.0,-0.388,2720.4,-0.4,44009838.6,-1.0,0.0,0.0,-1.0,0.0,-111.0,-111.0,119.6,25.6,20.0,0.0,158.0,4.0,-107.33333333333331,-123.0,-123.0,-118.33333333333331,5.599999999999999,20.6,2.9,3.4
2025-11-07 00:09:01,1762445341.0,11,121.45454545454544,1336,0.0929481766440651,0.2608380317687988,0.0035510063171386,0.0827620523531024,0.8904107142416641,-0.6944444444444444,18,196.5555555555556,3538,0.054946223894755,0.0798120498657226,4.0531158447265625e-06,0.0236577246590324,0.4305614286497077,-0.1428571428571428,0,0.0,0.0,0.0,0.0,0.0,9.0,9.0,6.6,8.0,8.8,5.4,3.4,4.8,0.2039999999999999,0.072,23.8,0.0,-1.0,797.8,-1.0,-1.0,-1.0,-0.184,4881.0,-0.2,36017774.6,-1.0,0.0,0.0,-1.0,0.01,-111.0,-111.0,120.2,26.2,20.0,0.0,158.0,4.0,-108.66666666666669,-123.0,-123.0,-119.33333333333331,-20.0,28.899999999999995,-0.6666666666666666,2.9000000000000004
2025-11-07 00:09:02,1762445342.0,51,446.9803921568628,22796,0.0195130974638695,0.094322919845581,0.0031888484954833,0.0154737307188835,0.7929920274079874,3.636363636363636,18,164.77777777777777,2966,0.047553711467319,0.0799801349639892,3.814697265625e-06,0.0270331409047927,0.5684759416385641,0.0,0,0.0,0.0,0.0,0.0,0.0,9.0,9.0,6.0,8.0,8.4,5.2,3.8,4.8,0.146,0.0679999999999999,23.8,0.0,-1.0,161.0,-1.0,-1.0,-1.0,-0.388,2720.4,-0.4,46042741.4,-1.0,0.0,0.0,-1.0,0.012,-111.0,-111.0,119.6,25.8,20.0,0.0,158.0,4.0,-107.33333333333331,-122.66666666666669,-122.66666666666669,-119.0,-2.9333333333333336,20.5,0.8666666666666666,3.4333333333333336
2025-11-07 00:09:03,1762445343.0,75,576.9333333333333,43270,0.0126066271464029,0.0696899890899658,2.408027648925781e-05,0.0083842437049964,0.6650663660968757,0.4705882352941176,3,80.0,240,0.364367405573527,0.8641571998596191,0.0839481353759765,0.4339056535754878,1.1908465107972683,-0.8333333333333334,0,0.0,0.0,0.0,0.0,0.0,9.0,9.0,6.6,8.0,8.8,5.4,3.4,4.8,0.2039999999999999,0.072,23.8,0.0,-1.0,797.8,-1.0,-1.0,-1.0,-0.184,4881.0,-0.2,36017774.6,-1.0,0.0,0.0,-1.0,0.01,-111.0,-111.0,120.2,26.2,20.0,0.0,158.0,4.0,-108.66666666666669,-123.0,-123.0,-119.33333333333331,-20.0,28.899999999999995,-0.6666666666666666,2.9000000000000004
2025-11-07 00:09:04,1762445344.0,34,484.1764705882353,16462,0.030657501781688,0.1141610145568847,4.100799560546875e-05,0.0318251727069012,1.0380876084923116,-0.5466666666666666,16,100.5,1608,0.0622520595788955,0.1727900505065918,2.1457672119140625e-06,0.0558164811918836,0.8966206350352836,4.333333333333333,0,0.0,0.0,0.0,0.0,0.0,9.0,9.0,6.0,8.0,8.4,5.2,3.8,4.8,0.146,0.0679999999999999,23.8,0.0,-1.0,161.0,-1.0,-1.0,-1.0,-0.388,2720.4,-0.4,46042741.4,-1.0,0.0,0.0,-1.0,0.012,-111.0,-111.0,119.6,25.8,20.0,0.0,158.0,4.0,-107.33333333333331,-122.66666666666669,-122.66666666666669,-119.0,-2.9333333333333336,20.5,0.8666666666666666,3.4333333333333336
