timestamp,line_number,mn_cc,mn_redrt,mn_rre_count,mn_rach_fail,mn_rlf_num,mn_ota_irat,mn_irat,mn_u_r,mn_d_r,mn_u_m,mn_d_m,mn_d_g,mn_u_g,mn_u_b,mn_d_b,mn_txp_md,mn_mtpl,mn_cqi,mn_mac,mn_pu_m_l,mn_pd_m_l,mn_rlf_cause,mn_retr,mn_pp_s,mn_pp_dis,mn_pp_r,mn_ri,mn_prach_cfg,mn_pre_for,mn_o_fail,mn_ph_dis,mn_ssnr,mn_tsnr,mn_path_loss,mn_target_pwr,mn_bandwidth,mn_rsrp_4,mn_snr_4,qos,rf_sul_state,rf_sul_band,mn_ver
2025-11-07 00:07:49.787,741,0,0,0,0,0,"9,9,9,9,9","9,9,9,9,9","4,6,4,9,8","6,6,9,11,8","11,11,10,8,7","8,7,5,4,5","4,5,3,5,4","4,5,2,6,4","0.08,0.07,0.03,0.05,0.03","0.02,0.07,0.00,0.09,0.03","21.0,22.0,20.0,21.0,23.0","0.0,0.0,0.0,0.0,0.0","-1.0,-1.0,-1.0,-1.0,-1.0","585,103,69,143,72","-1.0,-1.0,-1.0,-1.0,-1.0","-1.0,-1.0,-1.0,-1.0,-1.0","-1,-1,-1,-1,-1","0.02,-1.00,0.02,-1.00,0.02","3421,-99,2309,-99,4107","0.00,-1.00,0.00,-1.00,0.00","38909123,38937334,38965507,38992975,39022221","-1.0,-1.0,-1.0,-1.0,-1.0","0,0,0,0,0","0,0,0,0,0","-1,-1,-1,-1,-1","0.00,0.00,0.00,0.00,0.00","-111.00,-111.00,-111.00,-111.00,-111.00","-111.00,-111.00,-111.00,-111.00,-111.00","119,119,118,119,121","22,23,20,22,24","20,20,20,20,20","{-106,-119,-119,-121},{-106,-119,-119,-123},{-108,-120,-120,-120}","{5.60,-14.10,3.60,2.20},{5.60,-15.10,-6.60,-3.20},{31.20,36.60,-0.60,-0.60}","2-ims,6-5;1-cbnet,5-9",0,{158},4
2025-11-07 00:07:51.077,750,0,0,0,0,0,"9,9,9,9,9","9,9,9,9,9","6,4,5,8,12","5,8,9,8,9","9,12,12,8,11","6,5,6,4,5","3,3,3,4,3","6,1,5,6,3","0.03,0.13,0.10,0.17,0.39","0.13,0.06,0.03,0.05,0.06","22.0,-99.0,19.0,21.0,22.0","0.0,-99.0,0.0,0.0,0.0","-1.0,-1.0,-1.0,-1.0,-1.0","83,60,1073,126,324","-1.0,-1.0,-1.0,-1.0,-1.0","-1.0,-1.0,-1.0,-1.0,-1.0","-1,-1,-1,-1,-1","0.02,0.02,0.02,0.02,-1.00","3590,6095,3004,6538,-99","0.00,0.00,0.00,0.00,-1.00","38922706,38951357,38979303,39008461,39034481","-1.0,-1.0,-1.0,-1.0,-1.0","0,0,0,0,0","0,0,0,0,0","-1,-1,-1,-1,-1","0.00,0.00,0.00,0.07,0.13","-111.00,-111.00,-111.00,-111.00,-111.00","-111.00,-111.00,-111.00,-111.00,-111.00","119,-99,118,120,120","22,-99,19,22,24","20,20,20,20,20","{-108,-121,-121,-256},{-107,-122,-122,-256},{-111,-125,-125,-123}","{5.60,36.80,-20.00,-20.00},{31.20,12.50,-20.00,-20.00},{-20.00,35.20,-6.20,-5.60}","2-ims,6-5;1-cbnet,5-9",0,{158},4
2025-11-07 00:07:52.472,757,0,0,0,0,0,"9,9,9,9,9","9,9,9,9,9","4,5,8,12,7","8,9,8,9,7","12,12,8,11,7","5,6,4,5,6","3,3,4,3,4","1,5,6,3,6","0.13,0.10,0.17,0.39,0.00","0.06,0.03,0.05,0.06,0.03","-99.0,19.0,21.0,22.0,23.0","-99.0,0.0,0.0,0.0,0.0","-1.0,-1.0,-1.0,-1.0,-1.0","60,1073,126,324,103","-1.0,-1.0,-1.0,-1.0,-1.0","-1.0,-1.0,-1.0,-1.0,-1.0","-1,-1,-1,-1,-1","0.02,0.02,0.02,-1.00,0.02","6095,3004,6538,-99,6884","0.00,0.00,0.00,-1.00,0.00","38951357,38979303,39008461,39034481,39063383","-1.0,-1.0,-1.0,-1.0,-1.0","0,0,0,0,0","0,0,0,0,0","-1,-1,-1,-1,-1","0.00,0.00,0.07,0.13,0.00","-111.00,-111.00,-111.00,-111.00,-111.00","-111.00,-111.00,-111.00,-111.00,-111.00","-99,118,120,120,122","-99,19,22,24,26","20,20,20,20,20","{-106,-122,-122,-122},{-108,-126,-126,-122},{-107,-121,-121,-122}","{5.60,-11.80,4.20,2.40},{56.80,61.50,-2.50,-3.50},{31.20,-14.60,-2.50,-1.20}","2-ims,6-5;1-cbnet,5-9",0,{158},4
2025-11-07 00:07:53.932,765,0,0,0,0,0,"9,9,9,9,9","9,9,9,9,9","4,9,8,11,7","9,11,8,8,7","10,8,7,4,10","5,4,5,6,6","3,5,4,3,4","2,6,4,6,6","0.03,0.05,0.03,0.06,0.16","0.00,0.09,0.03,0.03,0.13","20.0,21.0,23.0,24.0,22.0","0.0,0.0,0.0,0.0,0.0","-1.0,-1.0,-1.0,-1.0,-1.0","69,143,72,152,152","-1.0,-1.0,-1.0,-1.0,-1.0","-1.0,-1.0,-1.0,-1.0,-1.0","-1,-1,-1,-1,-1","0.02,-1.00,0.02,0.02,-1.00","2309,-99,4107,4344,-99","0.00,-1.00,0.00,0.00,-1.00","38965507,38992975,39022221,39048166,39076822","-1.0,-1.0,-1.0,-1.0,-1.0","0,0,0,0,0","0,0,0,0,0","-1,-1,-1,-1,-1","0.00,0.00,0.00,0.00,0.00","-111.00,-111.00,-111.00,-111.00,-111.00","-111.00,-111.00,-111.00,-111.00,-111.00","118,119,121,124,120","20,22,24,29,23","20,20,20,20,20","{-106,-118,-118,-122},{-108,-120,-120,-120},{-109,-124,-124,-124}","{31.20,63.70,-1.70,2.30},{31.20,36.60,-0.60,-0.60},{-20.00,36.80,-4.40,-2.10}","2-ims,6-5;1-cbnet,5-9",0,{158},4
2025-11-07 00:07:55.190,772,0,0,0,0,0,"9,9,9,9,9","9,9,9,9,9","9,8,11,7,8","11,8,8,7,8","8,7,4,10,7","4,5,6,6,5","5,4,3,4,4","6,4,6,6,6","0.05,0.03,0.06,0.16,0.10","0.09,0.03,0.03,0.13,0.05","21.0,23.0,24.0,22.0,23.0","0.0,0.0,0.0,0.0,0.0","-1.0,-1.0,-1.0,-1.0,-1.0","143,72,152,152,147","-1.0,-1.0,-1.0,-1.0,-1.0","-1.0,-1.0,-1.0,-1.0,-1.0","-1,-1,-1,-1,-1","-1.00,0.02,0.02,-1.00,0.02","-99,4107,4344,-99,7275","-1.00,0.00,0.00,-1.00,0.00","38992975,39022221,39048166,39076822,48882131","-1.0,-1.0,-1.0,-1.0,-1.0","0,0,0,0,0","0,0,0,0,0","-1,-1,-1,-1,-1","0.00,0.00,0.00,0.00,0.00","-111.00,-111.00,-111.00,-111.00,-111.00","-111.00,-111.00,-111.00,-111.00,-111.00","119,121,124,120,121","22,24,29,23,24","20,20,20,20,20","{-107,-122,-122,-256},{-109,-120,-120,-122},{-107,-120,-120,-122}","{31.20,12.50,-20.00,-20.00},{56.80,39.10,1.70,1.10},{5.60,10.50,-3.30,-2.40}","2-ims,6-5;1-cbnet,5-9",0,{158},4
2025-11-07 00:07:56.683,779,0,0,0,0,0,"9,9,9,9,9","9,9,9,9,9","8,12,7,7,7","8,9,7,8,7","8,11,7,10,8","4,5,6,5,5","4,3,4,3,3","6,3,6,7,4","0.17,0.39,0.00,0.14,0.03","0.05,0.06,0.03,0.05,0.06","21.0,22.0,23.0,23.0,22.0","0.0,0.0,0.0,0.0,0.0","-1.0,-1.0,-1.0,-1.0,-1.0","126,324,103,121,126","-1.0,-1.0,-1.0,-1.0,-1.0","-1.0,-1.0,-1.0,-1.0,-1.0","-1,-1,-1,-1,-1","0.02,-1.00,0.02,0.02,0.02","6538,-99,6884,6301,6359","0.00,-1.00,0.00,0.00,0.00","39008461,39034481,39063383,39090101,29339479","-1.0,-1.0,-1.0,-1.0,-1.0","0,0,0,0,0","0,0,0,0,0","-1,-1,-1,-1,-1","0.07,0.13,0.00,0.00,0.00","-111.00,-111.00,-111.00,-111.00,-111.00","-111.00,-111.00,-111.00,-111.00,-111.00","120,120,122,121,120","22,24,26,24,24","20,20,20,20,20","{-107,-119,-119,-121},{-107,-121,-121,-122},{-108,-120,-120,-256}","{56.80,36.80,0.10,0.10},{31.20,-14.60,-2.50,-1.20},{31.20,-13.10,-20.00,-20.00}","2-ims,6-5;1-cbnet,5-9",0,{158},4
2025-11-07 00:07:57.951,787,0,0,0,0,0,"9,9,9,9,9","9,9,9,9,9","8,11,7,8,6","8,8,7,8,8","7,4,10,7,7","5,6,6,5,5","4,3,4,4,3","4,6,6,6,6","0.03,0.06,0.16,0.10,0.02","0.03,0.03,0.13,0.05,0.00","23.0,24.0,22.0,23.0,23.0","0.0,0.0,0.0,0.0,0.0","-1.0,-1.0,-1.0,-1.0,-1.0","72,152,152,147,74","-1.0,-1.0,-1.0,-1.0,-1.0","-1.0,-1.0,-1.0,-1.0,-1.0","-1,-1,-1,-1,-1","0.02,0.02,-1.00,0.02,-1.00","4107,4344,-99,7275,-99","0.00,0.00,-1.00,0.00,-1.00","39022221,39048166,39076822,48882131,39131036","-1.0,-1.0,-1.0,-1.0,-1.0","0,0,0,0,0","0,0,0,0,0","-1,-1,-1,-1,-1","0.00,0.00,0.00,0.00,0.00","-111.00,-111.00,-111.00,-111.00,-111.00","-111.00,-111.00,-111.00,-111.00,-111.00","121,124,120,121,120","24,29,23,24,23","20,20,20,20,20","{-108,-126,-126,-122},{-109,-124,-124,-124},{-111,-121,-121,-120}","{56.80,61.50,-2.50,-3.50},{-20.00,36.80,-4.40,-2.10},{5.60,10.50,-2.20,1.40}","2-ims,6-5;1-cbnet,5-9",0,{158},4
2025-11-07 00:07:59.221,794,0,0,0,0,0,"9,9,9,9,9","9,9,9,9,9","11,7,8,6,7","8,7,8,8,8","4,10,7,7,4","6,6,5,5,4","3,4,4,3,4","6,6,6,6,3","0.06,0.16,0.10,0.02,0.05","0.03,0.13,0.05,0.00,0.02","24.0,22.0,23.0,23.0,23.0","0.0,0.0,0.0,0.0,0.0","-1.0,-1.0,-1.0,-1.0,-1.0","152,152,147,74,72","-1.0,-1.0,-1.0,-1.0,-1.0","-1.0,-1.0,-1.0,-1.0,-1.0","-1,-1,-1,-1,-1","0.02,-1.00,0.02,-1.00,0.02","4344,-99,7275,-99,3166","0.00,-1.00,0.00,-1.00,0.00","39048166,39076822,48882131,39131036,39157413","-1.0,-1.0,-1.0,-1.0,-1.0","0,0,0,0,0","0,0,0,0,0","-1,-1,-1,-1,-1","0.00,0.00,0.00,0.00,0.00","-111.00,-111.00,-111.00,-111.00,-111.00","-111.00,-111.00,-111.00,-111.00,-111.00","124,120,121,120,123","29,23,24,23,25","20,20,20,20,20","{-111,-125,-125,-123},{-107,-120,-120,-122},{-107,-121,-121,-256}","{-20.00,35.20,-6.20,-5.60},{5.60,10.50,-3.30,-2.40},{5.60,13.20,-20.00,-20.00}","2-ims,6-5;1-cbnet,5-9",0,{158},4
2025-11-07 00:08:00.448,803,0,0,0,0,0,"9,9,9,9,9","9,9,9,9,9","7,7,7,6,5","7,8,7,9,8","7,10,8,7,8","6,5,5,5,5","4,3,3,3,3","6,7,4,3,3","0.00,0.14,0.03,0.03,0.03","0.03,0.05,0.06,0.06,0.04","23.0,23.0,22.0,22.0,22.0","0.0,0.0,0.0,0.0,0.0","-1.0,-1.0,-1.0,-1.0,-1.0","103,121,126,62,75","-1.0,-1.0,-1.0,-1.0,-1.0","-1.0,-1.0,-1.0,-1.0,-1.0","-1,-1,-1,-1,-1","0.02,0.02,0.02,0.02,-1.00","6884,6301,6359,4143,-99","0.00,0.00,0.00,0.00,-1.00","39063383,39090101,29339479,39144154,39171291","-1.0,-1.0,-1.0,-1.0,-1.0","0,0,0,0,0","0,0,0,0,0","-1,-1,-1,-1,-1","0.00,0.00,0.00,0.00,0.00","-111.00,-111.00,-111.00,-111.00,-111.00","-111.00,-111.00,-111.00,-111.00,-111.00","122,121,120,121,121","26,24,24,23,24","20,20,20,20,20","{-109,-120,-120,-122},{-108,-120,-120,-256},{-108,-123,-123,-123}","{56.80,39.10,1.70,1.10},{31.20,-13.10,-20.00,-20.00},{56.80,12.60,2.10,1.90}","2-ims,6-5;1-cbnet,5-9",0,{158},4
2025-11-07 00:08:01.870,810,0,0,0,0,0,"9,9,9,9,9","9,9,9,9,9","7,8,6,7,6","7,8,8,8,7","10,7,7,4,11","6,5,5,4,5","4,4,3,4,4","6,6,6,3,7","0.16,0.10,0.02,0.05,0.10","0.13,0.05,0.00,0.02,0.15","22.0,23.0,23.0,23.0,23.0","0.0,0.0,0.0,0.0,0.0","-1.0,-1.0,-1.0,-1.0,-1.0","152,147,74,72,71","-1.0,-1.0,-1.0,-1.0,-1.0","-1.0,-1.0,-1.0,-1.0,-1.0","-1,-1,-1,-1,-1","-1.00,0.02,-1.00,0.02,0.02","-99,7275,-99,3166,4469","-1.00,0.00,-1.00,0.00,0.00","39076822,48882131,39131036,39157413,39184800","-1.0,-1.0,-1.0,-1.0,-1.0","0,0,0,0,0","0,0,0,0,0","-1,-1,-1,-1,-1","0.00,0.00,0.00,0.00,0.02","-111.00,-111.00,-111.00,-111.00,-111.00","-111.00,-111.00,-111.00,-111.00,-111.00","120,121,120,123,120","23,24,23,25,23","20,20,20,20,20","{-107,-121,-121,-122},{-111,-121,-121,-120},{-108,-120,-120,-123}","{31.20,-14.60,-2.50,-1.20},{5.60,10.50,-2.20,1.40},{5.60,64.40,1.30,1.30}","2-ims,6-5;1-cbnet,5-9",0,{158},4
2025-11-07 00:08:03.199,816,0,0,0,0,0,"9,9,9,9,9","9,9,9,9,9","8,6,7,6,4","8,8,8,7,7","7,7,4,11,9","5,5,4,5,5","4,3,4,4,3","6,6,3,7,4","0.10,0.02,0.05,0.10,0.00","0.05,0.00,0.02,0.15,0.00","23.0,23.0,23.0,23.0,21.0","0.0,0.0,0.0,0.0,0.0","-1.0,-1.0,-1.0,-1.0,-1.0","147,74,72,71,53","-1.0,-1.0,-1.0,-1.0,-1.0","-1.0,-1.0,-1.0,-1.0,-1.0","-1,-1,-1,-1,-1","0.02,-1.00,0.02,0.02,-1.00","7275,-99,3166,4469,-99","0.00,-1.00,0.00,0.00,-1.00","48882131,39131036,39157413,39184800,49017487","-1.0,-1.0,-1.0,-1.0,-1.0","0,0,0,0,0","0,0,0,0,0","-1,-1,-1,-1,-1","0.00,0.00,0.00,0.02,0.00","-111.00,-111.00,-111.00,-111.00,-111.00","-111.00,-111.00,-111.00,-111.00,-111.00","121,120,123,120,120","24,23,25,23,22","20,20,20,20,20","{-109,-121,-121,-122},{-107,-121,-121,-256},{-108,-119,-119,-120}","{-20.00,12.80,0.40,2.70},{5.60,13.20,-20.00,-20.00},{56.80,64.20,1.10,4.00}","2-ims,6-5;1-cbnet,5-9",0,{158},4
2025-11-07 00:08:04.504,825,0,0,0,0,0,"9,9,9,9,9","9,9,9,9,9","7,6,5,6,6","7,9,8,8,6","8,7,8,9,10","5,5,5,5,7","3,3,3,5,4","4,3,3,4,6","0.03,0.03,0.03,0.03,0.11","0.06,0.06,0.04,0.02,0.13","22.0,22.0,22.0,22.0,22.0","0.0,0.0,0.0,0.0,0.0","-1.0,-1.0,-1.0,-1.0,-1.0","126,62,75,99,133","-1.0,-1.0,-1.0,-1.0,-1.0","-1.0,-1.0,-1.0,-1.0,-1.0","-1,-1,-1,-1,-1","0.02,0.02,-1.00,0.02,0.02","6359,4143,-99,5356,3971","0.00,0.00,-1.00,0.00,0.00","29339479,39144154,39171291,39200159,39229897","-1.0,-1.0,-1.0,-1.0,-1.0","0,0,0,0,0","0,0,0,0,0","-1,-1,-1,-1,-1","0.00,0.00,0.00,0.00,0.02","-111.00,-111.00,-111.00,-111.00,-111.00","-111.00,-111.00,-111.00,-111.00,-111.00","120,121,121,120,120","24,23,24,23,22","20,20,20,20,20","{-107,-120,-120,-122},{-108,-123,-123,-123},{-108,-122,-122,-121}","{5.60,10.50,-3.30,-2.40},{56.80,12.60,2.10,1.90},{56.80,37.40,-0.70,0.50}","2-ims,6-5;1-cbnet,5-9",0,{158},4
2025-11-07 00:08:05.675,832,0,0,0,0,0,"9,9,9,9,9","9,9,9,9,9","6,7,6,4,7","8,8,7,7,7","7,4,11,9,8","5,4,5,5,4","3,4,4,3,3","6,3,7,4,5","0.02,0.05,0.10,0.00,0.12","0.00,0.02,0.15,0.00,0.05","23.0,23.0,23.0,21.0,22.0","0.0,0.0,0.0,0.0,0.0","-1.0,-1.0,-1.0,-1.0,-1.0","74,72,71,53,116","-1.0,-1.0,-1.0,-1.0,-1.0","-1.0,-1.0,-1.0,-1.0,-1.0","-1,-1,-1,-1,-1","-1.00,0.02,0.02,-1.00,0.02","-99,3166,4469,-99,6703","-1.00,0.00,0.00,-1.00,0.00","39131036,39157413,39184800,49017487,29432159","-1.0,-1.0,-1.0,-1.0,-1.0","0,0,0,0,0","0,0,0,0,0","-1,-1,-1,-1,-1","0.00,0.00,0.02,0.00,0.00","-111.00,-111.00,-111.00,-111.00,-111.00","-111.00,-111.00,-111.00,-111.00,-111.00","120,123,120,120,120","23,25,23,22,23","20,20,20,20,20","{-108,-120,-120,-256},{-108,-120,-120,-123},{-109,-119,-119,-123}","{31.20,-13.10,-20.00,-20.00},{5.60,64.40,1.30,1.30},{5.60,61.80,1.10,-0.30}","2-ims,6-5;1-cbnet,5-9",0,{158},4
2025-11-07 00:08:06.778,839,0,0,0,0,0,"9,9,9,9,9","9,9,9,9,9","6,5,6,6,6","9,8,8,6,9","7,8,9,10,9","5,5,5,7,5","3,3,5,4,4","3,3,4,6,5","0.03,0.03,0.03,0.11,0.04","0.06,0.04,0.02,0.13,0.00","22.0,22.0,22.0,22.0,23.0","0.0,0.0,0.0,0.0,0.0","-1.0,-1.0,-1.0,-1.0,-1.0","62,75,99,133,94","-1.0,-1.0,-1.0,-1.0,-1.0","-1.0,-1.0,-1.0,-1.0,-1.0","-1,-1,-1,-1,-1","0.02,-1.00,0.02,0.02,-1.00","4143,-99,5356,3971,-99","0.00,-1.00,0.00,0.00,-1.00","39144154,39171291,39200159,39229897,39255905","-1.0,-1.0,-1.0,-1.0,-1.0","0,0,0,0,0","0,0,0,0,0","-1,-1,-1,-1,-1","0.00,0.00,0.00,0.02,0.00","-111.00,-111.00,-111.00,-111.00,-111.00","-111.00,-111.00,-111.00,-111.00,-111.00","121,121,120,120,121","23,24,23,22,23","20,20,20,20,20","{-111,-121,-121,-120},{-107,-119,-119,-123},{-109,-118,-118,-122}","{5.60,10.50,-2.20,1.40},{31.20,36.90,1.40,-0.70},{-20.00,36.80,0.30,0.00}","2-ims,6-5;1-cbnet,5-9",0,{158},4
2025-11-07 00:08:07.864,846,0,0,0,0,0,"9,9,9,9,9","9,9,9,9,9","7,6,4,7,7","8,7,7,7,8","4,11,9,8,7","4,5,5,4,5","4,4,3,3,5","3,7,4,5,5","0.05,0.10,0.00,0.12,0.11","0.02,0.15,0.00,0.05,0.00","23.0,23.0,21.0,22.0,22.0","0.0,0.0,0.0,0.0,0.0","-1.0,-1.0,-1.0,-1.0,-1.0","72,71,53,116,2063","-1.0,-1.0,-1.0,-1.0,-1.0","-1.0,-1.0,-1.0,-1.0,-1.0","-1,-1,-1,-1,-1","0.02,0.02,-1.00,0.02,0.02","3166,4469,-99,6703,4419","0.00,0.00,-1.00,0.00,0.00","39157413,39184800,49017487,29432159,39271607","-1.0,-1.0,-1.0,-1.0,-1.0","0,0,0,0,0","0,0,0,0,0","-1,-1,-1,-1,-1","0.00,0.02,0.00,0.00,0.00","-111.00,-111.00,-111.00,-111.00,-111.00","-111.00,-111.00,-111.00,-111.00,-111.00","123,120,120,120,121","25,23,22,23,23","20,20,20,20,20","{-111,-120,-120,-256},{-108,-119,-119,-120},{-108,-122,-122,-123}","{-20.00,-14.60,-20.00,-20.00},{56.80,64.20,1.10,4.00},{-20.00,62.20,0.10,-2.70}","2-ims,6-5;1-cbnet,5-9",0,{158},4
2025-11-07 00:08:08.924,853,0,0,0,0,0,"9,9,9,9,9","9,9,9,9,9","5,6,6,6,7","8,8,6,9,8","8,9,10,9,8","5,5,7,5,6","3,5,4,4,3","3,4,6,5,4","0.03,0.03,0.11,0.04,0.00","0.04,0.02,0.13,0.00,0.06","22.0,22.0,22.0,23.0,22.0","0.0,0.0,0.0,0.0,0.0","-1.0,-1.0,-1.0,-1.0,-1.0","75,99,133,94,107","-1.0,-1.0,-1.0,-1.0,-1.0","-1.0,-1.0,-1.0,-1.0,-1.0","-1,-1,-1,-1,-1","-1.00,0.02,0.02,-1.00,0.02","-99,5356,3971,-99,5436","-1.00,0.00,0.00,-1.00,0.00","39171291,39200159,39229897,39255905,39285522","-1.0,-1.0,-1.0,-1.0,-1.0","0,0,0,0,0","0,0,0,0,0","-1,-1,-1,-1,-1","0.00,0.00,0.02,0.00,0.00","-111.00,-111.00,-111.00,-111.00,-111.00","-111.00,-111.00,-111.00,-111.00,-111.00","121,120,120,121,121","24,23,22,23,23","20,20,20,20,20","{-107,-121,-121,-256},{-108,-122,-122,-121},{-108,-121,-121,-122}","{5.60,13.20,-20.00,-20.00},{56.80,37.40,-0.70,0.50},{56.80,-14.40,-0.20,1.00}","2-ims,6-5;1-cbnet,5-9",0,{158},4
2025-11-07 00:08:09.995,860,0,0,0,0,0,"9,9,9,9,9","9,9,9,9,9","6,4,7,7,5","7,7,7,8,8","11,9,8,7,9","5,5,4,5,4","4,3,3,5,3","7,4,5,5,5","0.10,0.00,0.12,0.11,0.00","0.15,0.00,0.05,0.00,0.00","23.0,21.0,22.0,22.0,22.0","0.0,0.0,0.0,0.0,0.0","-1.0,-1.0,-1.0,-1.0,-1.0","71,53,116,2063,72","-1.0,-1.0,-1.0,-1.0,-1.0","-1.0,-1.0,-1.0,-1.0,-1.0","-1,-1,-1,-1,-1","0.02,-1.00,0.02,0.02,0.02","4469,-99,6703,4419,5115","0.00,-1.00,0.00,0.00,0.00","39184800,49017487,29432159,39271607,39299180","-1.0,-1.0,-1.0,-1.0,-1.0","0,0,0,0,0","0,0,0,0,0","-1,-1,-1,-1,-1","0.02,0.00,0.00,0.00,0.00","-111.00,-111.00,-111.00,-111.00,-111.00","-111.00,-111.00,-111.00,-111.00,-111.00","120,120,120,121,120","23,22,23,23,23","20,20,20,20,20","{-108,-123,-123,-123},{-109,-119,-119,-123},{-107,-119,-119,-256}","{56.80,12.60,2.10,1.90},{5.60,61.80,1.10,-0.30},{-20.00,64.40,-20.00,-20.00}","2-ims,6-5;1-cbnet,5-9",0,{158},4
2025-11-07 00:08:11.069,869,0,0,0,0,0,"9,9,9,9,9","9,9,9,9,9","6,6,6,7,5","8,6,9,8,7","9,10,9,8,12","5,7,5,6,6","5,4,4,3,5","4,6,5,4,6","0.03,0.11,0.04,0.00,0.04","0.02,0.13,0.00,0.06,0.00","22.0,22.0,23.0,22.0,22.0","0.0,0.0,0.0,0.0,0.0","-1.0,-1.0,-1.0,-1.0,-1.0","99,133,94,107,1097","-1.0,-1.0,-1.0,-1.0,-1.0","-1.0,-1.0,-1.0,-1.0,-1.0","-1,-1,-1,-1,-1","0.02,0.02,-1.00,0.02,-1.00","5356,3971,-99,5436,-99","0.00,0.00,-1.00,0.00,-1.00","39200159,39229897,39255905,39285522,39313225","-1.0,-1.0,-1.0,-1.0,-1.0","0,0,0,0,0","0,0,0,0,0","-1,-1,-1,-1,-1","0.00,0.02,0.00,0.00,0.05","-111.00,-111.00,-111.00,-111.00,-111.00","-111.00,-111.00,-111.00,-111.00,-111.00","120,120,121,121,120","23,22,23,23,23","20,20,20,20,20","{-108,-120,-120,-123},{-109,-118,-118,-122},{-108,-120,-120,-123}","{5.60,64.40,1.30,1.30},{-20.00,36.80,0.30,0.00},{56.80,63.40,-2.40,0.50}","2-ims,6-5;1-cbnet,5-9",0,{158},4
2025-11-07 00:08:12.235,877,0,0,0,0,0,"9,9,9,9,9","9,9,9,9,9","6,6,7,5,5","6,9,8,7,7","10,9,8,12,12","7,5,6,6,7","4,4,3,5,4","6,5,4,6,8","0.11,0.04,0.00,0.04,0.04","0.13,0.00,0.06,0.00,0.00","22.0,23.0,22.0,22.0,23.0","0.0,0.0,0.0,0.0,0.0","-1.0,-1.0,-1.0,-1.0,-1.0","133,94,107,1097,93","-1.0,-1.0,-1.0,-1.0,-1.0","-1.0,-1.0,-1.0,-1.0,-1.0","-1,-1,-1,-1,-1","0.02,-1.00,0.02,-1.00,0.02","3971,-99,5436,-99,6604","0.00,-1.00,0.00,-1.00,0.00","39229897,39255905,39285522,39313225,49181652","-1.0,-1.0,-1.0,-1.0,-1.0","0,0,0,0,0","0,0,0,0,0","-1,-1,-1,-1,-1","0.02,0.00,0.00,0.05,0.06","-111.00,-111.00,-111.00,-111.00,-111.00","-111.00,-111.00,-111.00,-111.00,-111.00","120,121,121,120,120","22,23,23,23,23","20,20,20,20,20","{-108,-119,-119,-120},{-108,-121,-121,-122},{-107,-123,-123,-124}","{56.80,64.20,1.10,4.00},{56.80,-14.40,-0.20,1.00},{56.80,64.70,0.70,0.00}","2-ims,6-5;1-cbnet,5-9",0,{158},4
2025-11-07 00:08:13.433,884,0,0,0,0,0,"9,9,9,9,9","9,9,9,9,9","7,7,5,5,4","7,8,8,6,8","8,7,9,11,13","4,5,4,7,6","3,5,3,3,5","5,5,5,8,6","0.12,0.11,0.00,0.08,0.03","0.05,0.00,0.00,0.12,0.12","22.0,22.0,22.0,22.0,22.0","0.0,0.0,0.0,0.0,0.0","-1.0,-1.0,-1.0,-1.0,-1.0","116,2063,72,75,97","-1.0,-1.0,-1.0,-1.0,-1.0","-1.0,-1.0,-1.0,-1.0,-1.0","-1,-1,-1,-1,-1","0.02,0.02,0.02,0.02,-1.00","6703,4419,5115,7256,-99","0.00,0.00,0.00,0.00,-1.00","29432159,39271607,39299180,39327859,29521786","-1.0,-1.0,-1.0,-1.0,-1.0","0,0,0,0,0","0,0,0,0,0","-1,-1,-1,-1,-1","0.00,0.00,0.00,0.00,0.00","-111.00,-111.00,-111.00,-111.00,-111.00","-111.00,-111.00,-111.00,-111.00,-111.00","120,121,120,120,120","23,23,23,23,23","20,20,20,20,20","{-108,-122,-122,-121},{-107,-119,-119,-256},{-107,-122,-122,-125}","{56.80,37.40,-0.70,0.50},{-20.00,64.40,-20.00,-20.00},{-20.00,62.80,-3.40,-3.70}","2-ims,6-5;1-cbnet,5-9",0,{158},4
2025-11-07 00:08:14.673,891,0,0,0,0,0,"9,9,9,9,9","9,9,9,9,9","6,7,5,5,4","9,8,7,7,8","9,8,12,12,15","5,6,6,7,4","4,3,5,4,3","5,4,6,8,4","0.04,0.00,0.04,0.04,0.14","0.00,0.06,0.00,0.00,0.08","23.0,22.0,22.0,23.0,21.0","0.0,0.0,0.0,0.0,0.0","-1.0,-1.0,-1.0,-1.0,-1.0","94,107,1097,93,100","-1.0,-1.0,-1.0,-1.0,-1.0","-1.0,-1.0,-1.0,-1.0,-1.0","-1,-1,-1,-1,-1","-1.00,0.02,-1.00,0.02,0.02","-99,5436,-99,6604,6367","-1.00,0.00,-1.00,0.00,0.00","39255905,39285522,39313225,49181652,39374582","-1.0,-1.0,-1.0,-1.0,-1.0","0,0,0,0,0","0,0,0,0,0","-1,-1,-1,-1,-1","0.00,0.00,0.05,0.06,0.00","-111.00,-111.00,-111.00,-111.00,-111.00","-111.00,-111.00,-111.00,-111.00,-111.00","121,121,120,120,120","23,23,23,23,22","20,20,20,20,20","{-109,-119,-119,-123},{-108,-120,-120,-123},{-107,-123,-123,-126}","{5.60,61.80,1.10,-0.30},{56.80,63.40,-2.40,0.50},{31.20,-14.70,-2.10,-3.00}","2-ims,6-5;1-cbnet,5-9",0,{158},4
2025-11-07 00:08:15.902,898,0,0,0,0,0,"9,9,9,9,9","9,9,9,9,9","7,5,5,4,5","8,8,6,8,9","7,9,11,13,13","5,4,7,6,5","5,3,3,5,3","5,5,8,6,6","0.11,0.00,0.08,0.03,0.06","0.00,0.00,0.12,0.12,0.06","22.0,22.0,22.0,22.0,22.0","0.0,0.0,0.0,0.0,0.0","-1.0,-1.0,-1.0,-1.0,-1.0","2063,72,75,97,93","-1.0,-1.0,-1.0,-1.0,-1.0","-1.0,-1.0,-1.0,-1.0,-1.0","-1,-1,-1,-1,-1","0.02,0.02,0.02,-1.00,0.02","4419,5115,7256,-99,6366","0.00,0.00,0.00,-1.00,0.00","39271607,39299180,39327859,29521786,39387972","-1.0,-1.0,-1.0,-1.0,-1.0","0,0,0,0,0","0,0,0,0,0","-1,-1,-1,-1,-1","0.00,0.00,0.00,0.00,0.00","-111.00,-111.00,-111.00,-111.00,-111.00","-111.00,-111.00,-111.00,-111.00,-111.00","121,120,120,120,120","23,23,23,23,22","20,20,20,20,20","{-109,-118,-118,-122},{-108,-123,-123,-124},{-107,-123,-123,-256}","{-20.00,36.80,0.30,0.00},{31.20,36.40,-1.60,-0.30},{31.20,11.80,-20.00,-20.00}","2-ims,6-5;1-cbnet,5-9",0,{158},4
2025-11-07 00:08:17.174,905,0,0,0,0,0,"9,9,9,9,9","9,9,9,9,9","5,5,4,5,5","8,6,8,9,11","9,11,13,13,12","4,7,6,5,3","3,3,5,3,3","5,8,6,6,4","0.00,0.08,0.03,0.06,0.07","0.00,0.12,0.12,0.06,0.00","22.0,22.0,22.0,22.0,22.0","0.0,0.0,0.0,0.0,0.0","-1.0,-1.0,-1.0,-1.0,-1.0","72,75,97,93,85","-1.0,-1.0,-1.0,-1.0,-1.0","-1.0,-1.0,-1.0,-1.0,-1.0","-1,-1,-1,-1,-1","0.02,0.02,-1.00,0.02,0.02","5115,7256,-99,6366,3776","0.00,0.00,-1.00,0.00,0.00","39299180,39327859,29521786,39387972,39416081","-1.0,-1.0,-1.0,-1.0,-1.0","0,0,0,0,0","0,0,0,0,0","-1,-1,-1,-1,-1","0.00,0.00,0.00,0.00,0.00","-111.00,-111.00,-111.00,-111.00,-111.00","-111.00,-111.00,-111.00,-111.00,-111.00","120,120,120,120,119","23,23,23,22,22","20,20,20,20,20","{-108,-121,-121,-122},{-107,-122,-122,-125},{-107,-122,-122,-124}","{56.80,-14.40,-0.20,1.00},{-20.00,62.80,-3.40,-3.70},{5.60,37.00,-1.00,-1.50}","2-ims,6-5;1-cbnet,5-9",0,{158},4
2025-11-07 00:08:18.553,912,0,0,0,0,0,"9,9,9,9,9","9,9,9,9,9","5,5,4,4,4","7,7,8,11,9","12,12,15,16,13","6,7,4,4,4","5,4,3,5,3","6,8,4,5,2","0.04,0.04,0.14,0.24,0.03","0.00,0.00,0.08,0.08,0.00","22.0,23.0,21.0,21.0,21.0","0.0,0.0,0.0,0.0,0.0","-1.0,-1.0,-1.0,-1.0,-1.0","1097,93,100,55,1721","-1.0,-1.0,-1.0,-1.0,-1.0","-1.0,-1.0,-1.0,-1.0,-1.0","-1,-1,-1,-1,-1","-1.00,0.02,0.02,-1.00,0.02","-99,6604,6367,-99,3309","-1.00,0.00,0.00,-1.00,0.00","39313225,49181652,39374582,39402060,39429102","-1.0,-1.0,-1.0,-1.0,-1.0","0,0,0,0,0","0,0,0,0,0","-1,-1,-1,-1,-1","0.05,0.06,0.00,0.00,0.00","-111.00,-111.00,-111.00,-111.00,-111.00","-111.00,-111.00,-111.00,-111.00,-111.00","120,120,120,119,120","23,23,22,22,22","20,20,20,20,20","{-107,-119,-119,-256},{-107,-123,-123,-126},{-107,-122,-122,-125}","{-20.00,64.40,-20.00,-20.00},{31.20,-14.70,-2.10,-3.00},{5.60,-14.80,-2.70,-2.90}","2-ims,6-5;1-cbnet,5-9",0,{158},4
2025-11-07 00:08:19.833,920,0,0,0,0,0,"9,9,9,9,9","9,9,9,9,9","5,4,5,5,4","6,8,9,11,9","11,13,13,12,15","7,6,5,3,6","3,5,3,3,4","8,6,6,4,4","0.08,0.03,0.06,0.07,0.14","0.12,0.12,0.06,0.00,0.00","22.0,22.0,22.0,22.0,-99.0","0.0,0.0,0.0,0.0,-99.0","-1.0,-1.0,-1.0,-1.0,-1.0","75,97,93,85,115","-1.0,-1.0,-1.0,-1.0,-1.0","-1.0,-1.0,-1.0,-1.0,-1.0","-1,-1,-1,-1,-1","0.02,-1.00,0.02,0.02,-1.00","7256,-99,6366,3776,-99","0.00,-1.00,0.00,0.00,-1.00","39327859,29521786,39387972,39416081,49305843","-1.0,-1.0,-1.0,-1.0,-1.0","0,0,0,0,0","0,0,0,0,0","-1,-1,-1,-1,-1","0.00,0.00,0.00,0.00,0.00","-111.00,-111.00,-111.00,-111.00,-111.00","-111.00,-111.00,-111.00,-111.00,-111.00","120,120,120,119,-99","23,23,22,22,-99","20,20,20,20,20","{-108,-120,-120,-123},{-107,-123,-123,-256},{-108,-121,-121,-123}","{56.80,63.40,-2.40,0.50},{31.20,11.80,-20.00,-20.00},{56.80,62.90,-0.10,0.70}","2-ims,6-5;1-cbnet,5-9",0,{158},4
2025-11-07 00:08:20.948,929,0,0,0,0,0,"9,9,9,9,9","9,9,9,9,9","5,4,4,4,5","7,8,11,9,8","12,15,16,13,15","7,4,4,4,5","4,3,5,3,3","8,4,5,2,5","0.04,0.14,0.24,0.03,0.19","0.00,0.08,0.08,0.00,0.03","23.0,21.0,21.0,21.0,22.0","0.0,0.0,0.0,0.0,0.0","-1.0,-1.0,-1.0,-1.0,-1.0","93,100,55,1721,92","-1.0,-1.0,-1.0,-1.0,-1.0","-1.0,-1.0,-1.0,-1.0,-1.0","-1,-1,-1,-1,-1","0.02,0.02,-1.00,0.02,0.02","6604,6367,-99,3309,4409","0.00,0.00,-1.00,0.00,0.00","49181652,39374582,39402060,39429102,39460982","-1.0,-1.0,-1.0,-1.0,-1.0","0,0,0,0,0","0,0,0,0,0","-1,-1,-1,-1,-1","0.06,0.00,0.00,0.00,0.00","-111.00,-111.00,-111.00,-111.00,-111.00","-111.00,-111.00,-111.00,-111.00,-111.00","120,120,119,120,119","23,22,22,22,23","20,20,20,20,20","{-108,-123,-123,-124},{-108,-122,-122,-125},{-107,-122,-122,-256}","{31.20,36.40,-1.60,-0.30},{31.20,62.50,-0.10,-0.10},{56.80,63.30,-20.00,-20.00}","2-ims,6-5;1-cbnet,5-9",0,{158},4
2025-11-07 00:08:22.109,936,0,0,0,0,0,"9,9,9,9,9","9,9,9,9,9","4,4,4,5,4","8,11,9,8,8","15,16,13,15,13","4,4,4,5,5","3,5,3,3,4","4,5,2,5,6","0.14,0.24,0.03,0.19,0.05","0.08,0.08,0.00,0.03,0.00","21.0,21.0,21.0,22.0,21.0","0.0,0.0,0.0,0.0,0.0","-1.0,-1.0,-1.0,-1.0,-1.0","100,55,1721,92,81","-1.0,-1.0,-1.0,-1.0,-1.0","-1.0,-1.0,-1.0,-1.0,-1.0","-1,-1,-1,-1,-1","0.02,-1.00,0.02,0.02,0.02","6367,-99,3309,4409,7469","0.00,-1.00,0.00,0.00,0.00","39374582,39402060,39429102,39460982,39489504","-1.0,-1.0,-1.0,-1.0,-1.0","0,0,0,0,0","0,0,0,0,0","-1,-1,-1,-1,-1","0.00,0.00,0.00,0.00,0.00","-111.00,-111.00,-111.00,-111.00,-111.00","-111.00,-111.00,-111.00,-111.00,-111.00","120,119,120,119,119","22,22,22,23,22","20,20,20,20,20","{-107,-122,-122,-125},{-107,-122,-122,-125},{-107,-124,-124,-124}","{-20.00,62.80,-3.40,-3.70},{5.60,-14.80,-2.70,-2.90},{56.80,13.20,1.10,-0.60}","2-ims,6-5;1-cbnet,5-9",0,{158},4
2025-11-07 00:08:23.241,943,0,0,0,0,0,"9,9,9,9,9","9,9,9,9,9","5,5,4,6,6","9,11,9,8,8","13,12,15,15,12","5,3,6,7,5","3,3,4,4,5","6,4,4,7,7","0.06,0.07,0.14,0.18,0.08","0.06,0.00,0.00,0.14,0.06","22.0,22.0,-99.0,23.0,22.0","0.0,0.0,-99.0,0.0,0.0","-1.0,-1.0,-1.0,-1.0,-1.0","93,85,115,151,1060","-1.0,-1.0,-1.0,-1.0,-1.0","-1.0,-1.0,-1.0,-1.0,-1.0","-1,-1,-1,-1,-1","0.02,0.02,-1.00,0.02,-1.00","6366,3776,-99,5733,-99","0.00,0.00,-1.00,0.00,-1.00","39387972,39416081,49305843,29606374,39504392","-1.0,-1.0,-1.0,-1.0,-1.0","0,0,0,0,0","0,0,0,0,0","-1,-1,-1,-1,-1","0.00,0.00,0.00,0.00,0.00","-111.00,-111.00,-111.00,-111.00,-111.00","-111.00,-111.00,-111.00,-111.00,-111.00","120,119,-99,120,119","22,22,-99,23,22","20,20,20,20,20","{-107,-123,-123,-126},{-108,-121,-121,-123},{-106,-120,-120,-124}","{31.20,-14.70,-2.10,-3.00},{56.80,62.90,-0.10,0.70},{31.20,36.10,-1.90,-2.40}","2-ims,6-5;1-cbnet,5-9",0,{158},4
2025-11-07 00:08:24.393,950,0,0,0,0,0,"9,9,9,9,9","9,9,9,9,9","4,4,5,4,5","11,9,8,8,7","16,13,15,13,14","4,4,5,5,5","5,3,3,4,3","5,2,5,6,5","0.24,0.03,0.19,0.05,0.19","0.08,0.00,0.03,0.00,0.00","21.0,21.0,22.0,21.0,20.0","0.0,0.0,0.0,0.0,0.0","-1.0,-1.0,-1.0,-1.0,-1.0","55,1721,92,81,108","-1.0,-1.0,-1.0,-1.0,-1.0","-1.0,-1.0,-1.0,-1.0,-1.0","-1,-1,-1,-1,-1","-1.00,0.02,0.02,0.02,0.02","-99,3309,4409,7469,6591","-1.00,0.00,0.00,0.00,0.00","39402060,39429102,39460982,39489504,39518972","-1.0,-1.0,-1.0,-1.0,-1.0","0,0,0,0,0","0,0,0,0,0","-1,-1,-1,-1,-1","0.00,0.00,0.00,0.00,0.00","-111.00,-111.00,-111.00,-111.00,-111.00","-111.00,-111.00,-111.00,-111.00,-111.00","119,120,119,119,119","22,22,23,22,21","20,20,20,20,20","{-107,-123,-123,-256},{-107,-122,-122,-256},{-107,-118,-118,-124}","{31.20,11.80,-20.00,-20.00},{56.80,63.30,-20.00,-20.00},{31.20,11.00,0.10,-0.60}","2-ims,6-5;1-cbnet,5-9",0,{158},4
2025-11-07 00:08:25.621,957,0,0,0,0,0,"9,9,9,9,9","9,9,9,9,9","5,4,6,6,5","11,9,8,8,7","12,15,15,12,12","3,6,7,5,7","3,4,4,5,3","4,4,7,7,4","0.07,0.14,0.18,0.08,0.10","0.00,0.00,0.14,0.06,0.03","22.0,-99.0,23.0,22.0,21.0","0.0,-99.0,0.0,0.0,0.0","-1.0,-1.0,-1.0,-1.0,-1.0","85,115,151,1060,90","-1.0,-1.0,-1.0,-1.0,-1.0","-1.0,-1.0,-1.0,-1.0,-1.0","-1,-1,-1,-1,-1","0.02,-1.00,0.02,-1.00,0.02","3776,-99,5733,-99,4916","0.00,-1.00,0.00,-1.00,0.00","39416081,49305843,29606374,39504392,39533302","-1.0,-1.0,-1.0,-1.0,-1.0","0,0,0,0,0","0,0,0,0,0","-1,-1,-1,-1,-1","0.00,0.00,0.00,0.00,0.00","-111.00,-111.00,-111.00,-111.00,-111.00","-111.00,-111.00,-111.00,-111.00,-111.00","119,-99,120,119,119","22,-99,23,22,21","20,20,20,20,20","{-108,-122,-122,-125},{-106,-121,-121,-125},{-106,-118,-118,-256}","{31.20,62.50,-0.10,-0.10},{56.80,-14.80,-2.50,-2.60},{56.80,38.70,-20.00,-20.00}","2-ims,6-5;1-cbnet,5-9",0,{158},4
2025-11-07 00:08:26.807,965,0,0,0,0,0,"9,9,9,9,9","9,9,9,9,9","4,5,4,5,6","9,8,8,7,6","13,15,13,14,14","4,5,5,5,7","3,3,4,3,5","2,5,6,5,7","0.03,0.19,0.05,0.19,0.17","0.00,0.03,0.00,0.00,0.06","21.0,22.0,21.0,20.0,21.0","0.0,0.0,0.0,0.0,0.0","-1.0,-1.0,-1.0,-1.0,-1.0","1721,92,81,108,3109","-1.0,-1.0,-1.0,-1.0,-1.0","-1.0,-1.0,-1.0,-1.0,-1.0","-1,-1,-1,-1,-1","0.02,0.02,0.02,0.02,-1.00","3309,4409,7469,6591,-99","0.00,0.00,0.00,0.00,-1.00","39429102,39460982,39489504,39518972,39548506","-1.0,-1.0,-1.0,-1.0,-1.0","0,0,0,0,0","0,0,0,0,0","-1,-1,-1,-1,-1","0.00,0.00,0.00,0.00,0.00","-111.00,-111.00,-111.00,-111.00,-111.00","-111.00,-111.00,-111.00,-111.00,-111.00","120,119,119,119,118","22,23,22,21,21","20,20,20,20,20","{-107,-122,-122,-124},{-107,-124,-124,-124},{-106,-120,-120,-124}","{5.60,37.00,-1.00,-1.50},{56.80,13.20,1.10,-0.60},{31.20,62.50,2.10,-0.10}","2-ims,6-5;1-cbnet,5-9",0,{158},4
2025-11-07 00:08:28.039,972,0,0,0,0,0,"9,9,9,9,9","9,9,9,9,9","4,6,6,5,7","9,8,8,7,9","15,15,12,12,10","6,7,5,7,9","4,4,5,3,10","4,7,7,4,5","0.14,0.18,0.08,0.10,0.07","0.00,0.14,0.06,0.03,0.10","-99.0,23.0,22.0,21.0,20.0","-99.0,0.0,0.0,0.0,0.0","-1.0,-1.0,-1.0,-1.0,-1.0","115,151,1060,90,135","-1.0,-1.0,-1.0,-1.0,-1.0","-1.0,-1.0,-1.0,-1.0,-1.0","-1,-1,-1,-1,-1","-1.00,0.02,-1.00,0.02,0.02","-99,5733,-99,4916,6468","-1.00,0.00,-1.00,0.00,0.00","49305843,29606374,39504392,39533302,39588860","-1.0,-1.0,-1.0,-1.0,-1.0","0,0,0,0,0","0,0,0,0,0","-1,-1,-1,-1,-1","0.00,0.00,0.00,0.00,0.00","-111.00,-111.00,-111.00,-111.00,-111.00","-111.00,-111.00,-111.00,-111.00,-111.00","-99,120,119,119,118","-99,23,22,21,21","20,20,20,20,20","{-107,-122,-122,-125},{-106,-120,-120,-124},{-107,-120,-120,-124}","{5.60,-14.80,-2.70,-2.90},{31.20,36.10,-1.90,-2.40},{-20.00,62.00,-2.10,-3.20}","2-ims,6-5;1-cbnet,5-9",0,{158},4
2025-11-07 00:08:29.358,979,0,0,0,0,0,"9,9,9,9,9","9,9,9,9,9","6,6,5,7,7","8,8,7,9,8","15,12,12,10,9","7,5,7,9,6","4,5,3,10,5","7,7,4,5,8","0.18,0.08,0.10,0.07,0.03","0.14,0.06,0.03,0.10,0.08","23.0,22.0,21.0,20.0,22.0","0.0,0.0,0.0,0.0,0.0","-1.0,-1.0,-1.0,-1.0,-1.0","151,1060,90,135,125","-1.0,-1.0,-1.0,-1.0,-1.0","-1.0,-1.0,-1.0,-1.0,-1.0","-1,-1,-1,-1,-1","0.02,-1.00,0.02,0.02,-1.00","5733,-99,4916,6468,-99","0.00,-1.00,0.00,0.00,-1.00","29606374,39504392,39533302,39588860,39617031","-1.0,-1.0,-1.0,-1.0,-1.0","0,0,0,0,0","0,0,0,0,0","-1,-1,-1,-1,-1","0.00,0.00,0.00,0.00,0.00","-111.00,-111.00,-111.00,-111.00,-111.00","-111.00,-111.00,-111.00,-111.00,-111.00","120,119,119,118,118","23,22,21,21,22","20,20,20,20,20","{-107,-122,-122,-256},{-106,-118,-118,-256},{-107,-121,-121,-124}","{56.80,63.30,-20.00,-20.00},{56.80,38.70,-20.00,-20.00},{-20.00,62.60,-1.10,-0.80}","2-ims,6-5;1-cbnet,5-9",0,{158},4
2025-11-07 00:08:30.563,988,0,0,0,0,0,"9,9,9,9,9","9,9,9,9,9","4,5,6,5,6","8,7,6,7,19","13,14,14,9,10","5,5,7,7,5","4,3,5,4,12","6,5,7,3,5","0.05,0.19,0.17,0.03,0.05","0.00,0.00,0.06,0.05,0.00","21.0,20.0,21.0,20.0,22.0","0.0,0.0,0.0,0.0,0.0","-1.0,-1.0,-1.0,-1.0,-1.0","81,108,3109,75,89","-1.0,-1.0,-1.0,-1.0,-1.0","-1.0,-1.0,-1.0,-1.0,-1.0","-1,-1,-1,-1,-1","0.02,0.02,-1.00,0.02,0.02","7469,6591,-99,4253,6939","0.00,0.00,-1.00,0.00,0.00","39489504,39518972,39548506,39603141,39667991","-1.0,-1.0,-1.0,-1.0,-1.0","0,0,0,0,0","0,0,0,0,0","-1,-1,-1,-1,-1","0.00,0.00,0.00,0.00,0.00","-111.00,-111.00,-111.00,-111.00,-111.00","-111.00,-111.00,-111.00,-111.00,-111.00","119,119,118,118,119","22,21,21,20,24","20,20,20,20,20","{-106,-121,-121,-125},{-106,-120,-120,-124},{-106,-125,-125,-256}","{56.80,-14.80,-2.50,-2.60},{31.20,62.50,2.10,-0.10},{5.60,-14.30,-20.00,-20.00}","2-ims,6-5;1-cbnet,5-9",0,{158},4
2025-11-07 00:08:31.834,995,0,0,0,0,0,"9,9,9,9,9","9,9,9,9,9","6,5,7,7,6","8,7,9,8,9","12,12,10,9,12","5,7,9,6,5","5,3,10,5,3","7,4,5,8,6","0.08,0.10,0.07,0.03,0.10","0.06,0.03,0.10,0.08,0.11","22.0,21.0,20.0,22.0,22.0","0.0,0.0,0.0,0.0,0.0","-1.0,-1.0,-1.0,-1.0,-1.0","1060,90,135,125,93","-1.0,-1.0,-1.0,-1.0,-1.0","-1.0,-1.0,-1.0,-1.0,-1.0","-1,-1,-1,-1,-1","-1.00,0.02,0.02,-1.00,0.02","-99,4916,6468,-99,5068","-1.00,0.00,0.00,-1.00,0.00","39504392,39533302,39588860,39617031,39682213","-1.0,-1.0,-1.0,-1.0,-1.0","0,0,0,0,0","0,0,0,0,0","-1,-1,-1,-1,-1","0.00,0.00,0.00,0.00,0.00","-111.00,-111.00,-111.00,-111.00,-111.00","-111.00,-111.00,-111.00,-111.00,-111.00","119,119,118,118,119","22,21,21,22,23","20,20,20,20,20","{-107,-124,-124,-124},{-107,-120,-120,-124},{-112,-120,-120,-118}","{56.80,13.20,1.10,-0.60},{-20.00,62.00,-2.10,-3.20},{-20.00,12.00,5.50,3.20}","2-ims,6-5;1-cbnet,5-9",0,{158},4
2025-11-07 00:08:33.150,1002,0,0,0,0,0,"9,9,9,9,9","9,9,9,9,9","5,7,7,6,5","7,9,8,9,7","12,10,9,12,10","7,9,6,5,5","3,10,5,3,3","4,5,8,6,5","0.10,0.07,0.03,0.10,0.03","0.03,0.10,0.08,0.11,0.03","21.0,20.0,22.0,22.0,23.0","0.0,0.0,0.0,0.0,0.0","-1.0,-1.0,-1.0,-1.0,-1.0","90,135,125,93,62","-1.0,-1.0,-1.0,-1.0,-1.0","-1.0,-1.0,-1.0,-1.0,-1.0","-1,-1,-1,-1,-1","0.02,0.02,-1.00,0.02,0.02","4916,6468,-99,5068,4263","0.00,0.00,-1.00,0.00,0.00","39533302,39588860,39617031,39682213,39708659","-1.0,-1.0,-1.0,-1.0,-1.0","0,0,0,0,0","0,0,0,0,0","-1,-1,-1,-1,-1","0.00,0.00,0.00,0.00,0.00","-111.00,-111.00,-111.00,-111.00,-111.00","-111.00,-111.00,-111.00,-111.00,-111.00","119,118,118,119,121","21,21,22,23,24","20,20,20,20,20","{-107,-118,-118,-124},{-107,-121,-121,-124},{-108,-121,-121,-123}","{31.20,11.00,0.10,-0.60},{-20.00,62.60,-1.10,-0.80},{-20.00,62.20,-6.30,-2.20}","2-ims,6-5;1-cbnet,5-9",0,{158},4
2025-11-07 00:08:34.543,1009,0,0,0,0,0,"9,9,9,9,9","9,9,9,9,9","6,5,6,7,5","6,7,19,7,8","14,9,10,9,11","7,7,5,6,5","5,4,12,4,3","7,3,5,4,3","0.17,0.03,0.05,0.12,0.11","0.06,0.05,0.00,0.04,0.00","21.0,20.0,22.0,23.0,21.0","0.0,0.0,0.0,0.0,0.0","-1.0,-1.0,-1.0,-1.0,-1.0","3109,75,89,100,82","-1.0,-1.0,-1.0,-1.0,-1.0","-1.0,-1.0,-1.0,-1.0,-1.0","-1,-1,-1,-1,-1","-1.00,0.02,0.02,-1.00,0.02","-99,4253,6939,-99,4052","-1.00,0.00,0.00,-1.00,0.00","39548506,39603141,39667991,39696039,39720803","-1.0,-1.0,-1.0,-1.0,-1.0","0,0,0,0,0","0,0,0,0,0","-1,-1,-1,-1,-1","0.00,0.00,0.00,0.00,0.00","-111.00,-111.00,-111.00,-111.00,-111.00","-111.00,-111.00,-111.00,-111.00,-111.00","118,118,119,121,119","21,20,24,24,22","20,20,20,20,20","{-106,-118,-118,-256},{-106,-125,-125,-256},{-111,-121,-121,-125}","{56.80,38.70,-20.00,-20.00},{5.60,-14.30,-20.00,-20.00},{31.20,-15.40,6.90,-1.70}","2-ims,6-5;1-cbnet,5-9",0,{158},4
2025-11-07 00:08:35.844,1017,0,0,0,0,0,"9,9,9,9,9","9,9,9,9,9","7,7,6,5,9","9,8,9,7,7","10,9,12,10,12","9,6,5,5,5","10,5,3,3,4","5,8,6,5,4","0.07,0.03,0.10,0.03,0.20","0.10,0.08,0.11,0.03,0.05","20.0,22.0,22.0,23.0,23.0","0.0,0.0,0.0,0.0,0.0","-1.0,-1.0,-1.0,-1.0,-1.0","135,125,93,62,123","-1.0,-1.0,-1.0,-1.0,-1.0","-1.0,-1.0,-1.0,-1.0,-1.0","-1,-1,-1,-1,-1","0.02,-1.00,0.02,0.02,0.02","6468,-99,5068,4263,3657","0.00,-1.00,0.00,0.00,0.00","39588860,39617031,39682213,39708659,39733230","-1.0,-1.0,-1.0,-1.0,-1.0","0,0,0,0,0","0,0,0,0,0","-1,-1,-1,-1,-1","0.00,0.00,0.00,0.00,0.00","-111.00,-111.00,-111.00,-111.00,-111.00","-111.00,-111.00,-111.00,-111.00,-111.00","118,118,119,121,122","21,22,23,24,25","20,20,20,20,20","{-106,-120,-120,-124},{-112,-120,-120,-118},{-111,-124,-124,-125}","{31.20,62.50,2.10,-0.10},{-20.00,12.00,5.50,3.20},{31.20,10.80,0.60,-3.80}","2-ims,6-5;1-cbnet,5-9",0,{158},4
2025-11-07 00:08:37.215,1024,0,0,0,0,0,"9,9,9,9,9","9,9,9,9,9","7,6,5,9,8","8,9,7,7,6","9,12,10,12,8","6,5,5,5,7","5,3,3,4,3","8,6,5,4,7","0.03,0.10,0.03,0.20,0.05","0.08,0.11,0.03,0.05,0.03","22.0,22.0,23.0,23.0,22.0","0.0,0.0,0.0,0.0,0.0","-1.0,-1.0,-1.0,-1.0,-1.0","125,93,62,123,199","-1.0,-1.0,-1.0,-1.0,-1.0","-1.0,-1.0,-1.0,-1.0,-1.0","-1,-1,-1,-1,-1","-1.00,0.02,0.02,0.02,0.02","-99,5068,4263,3657,4596","-1.00,0.00,0.00,0.00,0.00","39617031,39682213,39708659,39733230,39759219","-1.0,-1.0,-1.0,-1.0,-1.0","0,0,0,0,0","0,0,0,0,0","-1,-1,-1,-1,-1","0.00,0.00,0.00,0.00,0.00","-111.00,-111.00,-111.00,-111.00,-111.00","-111.00,-111.00,-111.00,-111.00,-111.00","118,119,121,122,120","22,23,24,25,24","20,20,20,20,20","{-107,-121,-121,-124},{-108,-121,-121,-123},{-108,-126,-126,-124}","{56.80,62.40,-2.70,-1.30},{-20.00,62.20,-6.30,-2.20},{-20.00,63.90,1.10,-1.80}","2-ims,6-5;1-cbnet,5-9",0,{158},4
2025-11-07 00:08:38.631,1031,0,0,0,0,0,"9,9,9,9,9","9,9,9,9,9","6,7,5,9,5","19,7,8,7,7","10,9,11,7,12","5,6,5,6,6","12,4,3,3,4","5,4,3,5,4","0.05,0.12,0.11,0.10,0.08","0.00,0.04,0.00,0.03,0.16","22.0,23.0,21.0,24.0,22.0","0.0,0.0,0.0,0.0,0.0","-1.0,-1.0,-1.0,-1.0,-1.0","89,100,82,40,935","-1.0,-1.0,-1.0,-1.0,-1.0","-1.0,-1.0,-1.0,-1.0,-1.0","-1,-1,-1,-1,-1","0.02,-1.00,0.02,-1.00,0.02","6939,-99,4052,-99,6575","0.00,-1.00,0.00,-1.00,0.00","39667991,39696039,39720803,39745669,39771342","-1.0,-1.0,-1.0,-1.0,-1.0","0,0,0,0,0","0,0,0,0,0","-1,-1,-1,-1,-1","0.00,0.00,0.00,0.00,0.00","-111.00,-111.00,-111.00,-111.00,-111.00","-111.00,-111.00,-111.00,-111.00,-111.00","119,121,119,122,119","24,24,22,27,22","20,20,20,20,20","{-107,-121,-121,-124},{-111,-121,-121,-125},{-105,-123,-123,-123}","{-20.00,62.60,-1.10,-0.80},{31.20,-15.40,6.90,-1.70},{56.80,-12.10,1.30,2.00}","2-ims,6-5;1-cbnet,5-9",0,{158},4
2025-11-07 00:08:40.052,1039,0,0,0,0,0,"9,9,9,9,9","9,9,9,9,9","6,5,9,8,5","9,7,7,6,7","12,10,12,8,14","5,5,5,7,6","3,3,4,3,3","6,5,4,7,4","0.10,0.03,0.20,0.05,0.13","0.11,0.03,0.05,0.03,0.03","22.0,23.0,23.0,22.0,19.0","0.0,0.0,0.0,0.0,0.0","-1.0,-1.0,-1.0,-1.0,-1.0","93,62,123,199,97","-1.0,-1.0,-1.0,-1.0,-1.0","-1.0,-1.0,-1.0,-1.0,-1.0","-1,-1,-1,-1,-1","0.02,0.02,0.02,0.02,-1.00","5068,4263,3657,4596,-99","0.00,0.00,0.00,0.00,-1.00","39682213,39708659,39733230,39759219,39783578","-1.0,-1.0,-1.0,-1.0,-1.0","0,0,0,0,0","0,0,0,0,0","-1,-1,-1,-1,-1","0.00,0.00,0.00,0.00,0.00","-111.00,-111.00,-111.00,-111.00,-111.00","-111.00,-111.00,-111.00,-111.00,-111.00","119,121,122,120,117","23,24,25,24,20","20,20,20,20,20","{-106,-125,-125,-256},{-111,-124,-124,-125},{-105,-124,-124,-123}","{5.60,-14.30,-20.00,-20.00},{31.20,10.80,0.60,-3.80},{-20.00,37.40,0.10,-0.10}","2-ims,6-5;1-cbnet,5-9",0,{158},4
2025-11-07 00:08:41.295,1048,0,0,0,0,0,"9,9,9,9,9","9,9,9,9,9","5,9,8,5,5","7,7,6,7,8","10,12,8,14,9","5,5,7,6,5","3,4,3,3,3","5,4,7,4,4","0.03,0.20,0.05,0.13,0.04","0.03,0.05,0.03,0.03,0.06","23.0,23.0,22.0,19.0,20.0","0.0,0.0,0.0,0.0,0.0","-1.0,-1.0,-1.0,-1.0,-1.0","62,123,199,97,66","-1.0,-1.0,-1.0,-1.0,-1.0","-1.0,-1.0,-1.0,-1.0,-1.0","-1,-1,-1,-1,-1","0.02,0.02,0.02,-1.00,0.02","4263,3657,4596,-99,3065","0.00,0.00,0.00,-1.00,0.00","39708659,39733230,39759219,39783578,49763830","-1.0,-1.0,-1.0,-1.0,-1.0","0,0,0,0,0","0,0,0,0,0","-1,-1,-1,-1,-1","0.00,0.00,0.00,0.00,0.00","-111.00,-111.00,-111.00,-111.00,-111.00","-111.00,-111.00,-111.00,-111.00,-111.00","121,122,120,117,118","24,25,24,20,20","20,20,20,20,20","{-106,-121,-121,-123},{-108,-126,-126,-124},{-108,-121,-121,-122}","{56.80,11.70,-4.50,1.50},{-20.00,63.90,1.10,-1.80},{56.80,64.50,2.60,1.60}","2-ims,6-5;1-cbnet,5-9",0,{158},4
2025-11-07 00:08:42.497,1053,0,0,0,0,0,"9,9,9,9,9","9,9,9,9,9","5,9,5,5,9","8,7,7,7,8","11,7,12,13,11","5,6,6,6,5","3,3,4,4,3","3,5,4,3,2","0.11,0.10,0.08,0.17,0.34","0.00,0.03,0.16,0.05,0.11","21.0,24.0,22.0,19.0,21.0","0.0,0.0,0.0,0.0,0.0","-1.0,-1.0,-1.0,-1.0,-1.0","82,40,935,53,94","-1.0,-1.0,-1.0,-1.0,-1.0","-1.0,-1.0,-1.0,-1.0,-1.0","-1,-1,-1,-1,-1","0.02,-1.00,0.02,0.02,-1.00","4052,-99,6575,4075,-99","0.00,-1.00,0.00,0.00,-1.00","39720803,39745669,39771342,39796868,29868540","-1.0,-1.0,-1.0,-1.0,-1.0","0,0,0,0,0","0,0,0,0,0","-1,-1,-1,-1,-1","0.00,0.00,0.00,0.00,0.03","-111.00,-111.00,-111.00,-111.00,-111.00","-111.00,-111.00,-111.00,-111.00,-111.00","119,122,119,117,119","22,27,22,19,22","20,20,20,20,20","{-108,-121,-121,-123},{-105,-123,-123,-123},{-113,-123,-123,-121}","{-20.00,62.20,-6.30,-2.20},{56.80,-12.10,1.30,2.00},{31.20,60.20,-6.50,0.50}","2-ims,6-5;1-cbnet,5-9",0,{158},4
2025-11-07 00:08:43.933,1062,0,0,0,0,0,"9,9,9,9,9","9,9,9,9,9","9,8,5,5,8","7,6,7,8,8","12,8,14,9,8","5,7,6,5,4","4,3,3,3,3","4,7,4,4,3","0.20,0.05,0.13,0.04,0.18","0.05,0.03,0.03,0.06,0.07","23.0,22.0,19.0,20.0,24.0","0.0,0.0,0.0,0.0,0.0","-1.0,-1.0,-1.0,-1.0,-1.0","123,199,97,66,53","-1.0,-1.0,-1.0,-1.0,-1.0","-1.0,-1.0,-1.0,-1.0,-1.0","-1,-1,-1,-1,-1","0.02,0.02,-1.00,0.02,0.02","3657,4596,-99,3065,3661","0.00,0.00,-1.00,0.00,0.00","39733230,39759219,39783578,49763830,39835464","-1.0,-1.0,-1.0,-1.0,-1.0","0,0,0,0,0","0,0,0,0,0","-1,-1,-1,-1,-1","0.00,0.00,0.00,0.00,0.00","-111.00,-111.00,-111.00,-111.00,-111.00","-111.00,-111.00,-111.00,-111.00,-111.00","122,120,117,118,122","25,24,20,20,28","20,20,20,20,20","{-111,-121,-121,-125},{-105,-124,-124,-123},{-109,-120,-120,-122}","{31.20,-15.40,6.90,-1.70},{-20.00,37.40,0.10,-0.10},{31.20,59.70,-0.90,-1.50}","2-ims,6-5;1-cbnet,5-9",0,{158},4
2025-11-07 00:08:45.498,1067,0,0,0,0,0,"9,9,9,9,9","9,9,9,9,9","8,5,5,8,6","6,7,8,8,11","8,14,9,8,6","7,6,5,4,3","3,3,3,3,3","7,4,4,3,3","0.05,0.13,0.04,0.18,0.11","0.03,0.03,0.06,0.07,0.06","22.0,19.0,20.0,24.0,23.0","0.0,0.0,0.0,0.0,0.0","-1.0,-1.0,-1.0,-1.0,-1.0","199,97,66,53,114","-1.0,-1.0,-1.0,-1.0,-1.0","-1.0,-1.0,-1.0,-1.0,-1.0","-1,-1,-1,-1,-1","0.02,-1.00,0.02,0.02,-1.00","4596,-99,3065,3661,-99","0.00,-1.00,0.00,0.00,-1.00","39759219,39783578,49763830,39835464,39861033","-1.0,-1.0,-1.0,-1.0,-1.0","0,0,0,0,0","0,0,0,0,0","-1,-1,-1,-1,-1","0.00,0.00,0.00,0.00,0.00","-111.00,-111.00,-111.00,-111.00,-111.00","-111.00,-111.00,-111.00,-111.00,-111.00","120,117,118,122,121","24,20,20,28,24","20,20,20,20,20","{-107,-120,-120,-122},{-108,-121,-121,-122},{-109,-120,-120,-122}","{-20.00,38.10,0.20,1.40},{56.80,64.50,2.60,1.60},{5.60,60.40,-2.90,-0.10}","2-ims,6-5;1-cbnet,5-9",0,{158},4
2025-11-07 00:08:46.828,1077,0,0,0,0,0,"9,9,9,9,9","9,9,9,9,9","5,5,9,6,6","7,7,8,10,11","12,13,11,5,7","6,6,5,4,3","4,4,3,4,4","4,3,2,2,5","0.08,0.17,0.34,0.03,0.08","0.16,0.05,0.11,0.15,0.00","22.0,19.0,21.0,22.0,23.0","0.0,0.0,0.0,0.0,0.0","-1.0,-1.0,-1.0,-1.0,-1.0","935,53,94,82,73","-1.0,-1.0,-1.0,-1.0,-1.0","-1.0,-1.0,-1.0,-1.0,-1.0","-1,-1,-1,-1,-1","0.02,0.02,-1.00,0.02,0.02","6575,4075,-99,2012,3522","0.00,0.00,-1.00,0.00,0.00","39771342,39796868,29868540,39848136,39874362","-1.0,-1.0,-1.0,-1.0,-1.0","0,0,0,0,0","0,0,0,0,0","-1,-1,-1,-1,-1","0.00,0.00,0.03,0.02,0.00","-111.00,-111.00,-111.00,-111.00,-111.00","-111.00,-111.00,-111.00,-111.00,-111.00","119,117,119,121,122","22,19,22,24,26","20,20,20,20,20","{-108,-126,-126,-124},{-113,-123,-123,-121},{-108,-120,-120,-122}","{-20.00,63.90,1.10,-1.80},{31.20,60.20,-6.50,0.50},{-20.00,-17.20,-2.00,0.30}","2-ims,6-5;1-cbnet,5-9",0,{158},4
2025-11-07 00:08:48.010,1084,0,0,0,0,0,"9,9,9,9,9","9,9,9,9,9","5,5,8,6,5","7,8,8,11,12","14,9,8,6,9","6,5,4,3,4","3,3,3,3,3","4,4,3,3,3","0.13,0.04,0.18,0.11,0.14","0.03,0.06,0.07,0.06,0.00","19.0,20.0,24.0,23.0,23.0","0.0,0.0,0.0,0.0,0.0","-1.0,-1.0,-1.0,-1.0,-1.0","97,66,53,114,118","-1.0,-1.0,-1.0,-1.0,-1.0","-1.0,-1.0,-1.0,-1.0,-1.0","-1,-1,-1,-1,-1","-1.00,0.02,0.02,-1.00,0.02","-99,3065,3661,-99,3880","-1.00,0.00,0.00,-1.00,0.00","39783578,49763830,39835464,39861033,39887846","-1.0,-1.0,-1.0,-1.0,-1.0","0,0,0,0,0","0,0,0,0,0","-1,-1,-1,-1,-1","0.00,0.00,0.00,0.00,0.00","-111.00,-111.00,-111.00,-111.00,-111.00","-111.00,-111.00,-111.00,-111.00,-111.00","117,118,122,121,121","20,20,28,24,25","20,20,20,20,20","{-105,-123,-123,-123},{-109,-120,-120,-122},{-109,-120,-120,-122}","{56.80,-12.10,1.30,2.00},{31.20,59.70,-0.90,-1.50},{-20.00,-14.10,2.90,2.20}","2-ims,6-5;1-cbnet,5-9",0,{158},4
2025-11-07 00:08:49.158,1091,0,0,0,0,0,"9,9,9,9,9","9,9,9,9,9","5,8,6,5,6","8,8,11,12,8","9,8,6,9,14","5,4,3,4,4","3,3,3,3,4","4,3,3,3,5","0.04,0.18,0.11,0.14,0.36","0.06,0.07,0.06,0.00,0.00","20.0,24.0,23.0,23.0,23.0","0.0,0.0,0.0,0.0,0.0","-1.0,-1.0,-1.0,-1.0,-1.0","66,53,114,118,119","-1.0,-1.0,-1.0,-1.0,-1.0","-1.0,-1.0,-1.0,-1.0,-1.0","-1,-1,-1,-1,-1","0.02,0.02,-1.00,0.02,-1.00","3065,3661,-99,3880,-99","0.00,0.00,-1.00,0.00,-1.00","49763830,39835464,39861033,39887846,39913625","-1.0,-1.0,-1.0,-1.0,-1.0","0,0,0,0,0","0,0,0,0,0","-1,-1,-1,-1,-1","0.00,0.00,0.00,0.00,0.06","-111.00,-111.00,-111.00,-111.00,-111.00","-111.00,-111.00,-111.00,-111.00,-111.00","118,122,121,121,124","20,28,24,25,27","20,20,20,20,20","{-106,-121,-121,-256},{-109,-120,-120,-122},{-107,-119,-119,-119}","{5.60,12.90,-20.00,-20.00},{5.60,60.40,-2.90,-0.10},{-20.00,-12.40,4.90,5.20}","2-ims,6-5;1-cbnet,5-9",0,{158},4
2025-11-07 00:08:50.420,1100,0,0,0,0,0,"9,9,9,9,9","9,9,9,9,9","9,6,6,5,6","8,10,11,9,7","11,5,7,11,9","5,4,3,4,6","3,4,4,3,3","2,2,5,4,5","0.34,0.03,0.08,0.13,0.18","0.11,0.15,0.00,0.00,0.03","21.0,22.0,23.0,23.0,23.0","0.0,0.0,0.0,0.0,0.0","-1.0,-1.0,-1.0,-1.0,-1.0","94,82,73,4974,112","-1.0,-1.0,-1.0,-1.0,-1.0","-1.0,-1.0,-1.0,-1.0,-1.0","-1,-1,-1,-1,-1","-1.00,0.02,0.02,0.02,0.02","-99,2012,3522,3123,4210","-1.00,0.00,0.00,0.00,0.00","29868540,39848136,39874362,39900244,39925927","-1.0,-1.0,-1.0,-1.0,-1.0","0,0,0,0,0","0,0,0,0,0","-1,-1,-1,-1,-1","0.03,0.02,0.00,0.00,0.00","-111.00,-111.00,-111.00,-111.00,-111.00","-111.00,-111.00,-111.00,-111.00,-111.00","119,121,122,121,119","22,24,26,24,23","20,20,20,20,20","{-108,-121,-121,-122},{-108,-120,-120,-122},{-106,-120,-120,-256}","{56.80,64.50,2.60,1.60},{-20.00,-17.20,-2.00,0.30},{56.80,-13.10,5.00,3.00}","2-ims,6-5;1-cbnet,5-9",0,{158},4
2025-11-07 00:08:51.642,1107,0,0,0,0,0,"9,9,9,9,9","9,9,9,9,9","8,6,5,6,7","8,11,12,8,6","8,6,9,14,7","4,3,4,4,6","3,3,3,4,4","3,3,3,5,8","0.18,0.11,0.14,0.36,0.06","0.07,0.06,0.00,0.00,0.09","24.0,23.0,23.0,23.0,24.0","0.0,0.0,0.0,0.0,0.0","-1.0,-1.0,-1.0,-1.0,-1.0","53,114,118,119,124","-1.0,-1.0,-1.0,-1.0,-1.0","-1.0,-1.0,-1.0,-1.0,-1.0","-1,-1,-1,-1,-1","0.02,-1.00,0.02,-1.00,0.02","3661,-99,3880,-99,7897","0.00,-1.00,0.00,-1.00,0.00","39835464,39861033,39887846,39913625,39939287","-1.0,-1.0,-1.0,-1.0,-1.0","0,0,0,0,0","0,0,0,0,0","-1,-1,-1,-1,-1","0.00,0.00,0.00,0.06,0.02","-111.00,-111.00,-111.00,-111.00,-111.00","-111.00,-111.00,-111.00,-111.00,-111.00","122,121,121,124,119","28,24,25,27,24","20,20,20,20,20","{-113,-123,-123,-121},{-109,-120,-120,-122},{-106,-124,-124,-119}","{31.20,60.20,-6.50,0.50},{-20.00,-14.10,2.90,2.20},{5.60,-12.60,5.20,3.40}","2-ims,6-5;1-cbnet,5-9",0,{158},4
2025-11-07 00:08:52.811,1115,0,0,0,0,0,"9,9,9,9,9","9,9,9,9,9","6,6,5,6,9","10,11,9,7,6","5,7,11,9,9","4,3,4,6,7","4,4,3,3,4","2,5,4,5,5","0.03,0.08,0.13,0.18,0.20","0.15,0.00,0.00,0.03,0.10","22.0,23.0,23.0,23.0,23.0","0.0,0.0,0.0,0.0,0.0","-1.0,-1.0,-1.0,-1.0,-1.0","82,73,4974,112,118","-1.0,-1.0,-1.0,-1.0,-1.0","-1.0,-1.0,-1.0,-1.0,-1.0","-1,-1,-1,-1,-1","0.02,0.02,0.02,0.02,-1.00","2012,3522,3123,4210,-99","0.00,0.00,0.00,0.00,-1.00","39848136,39874362,39900244,39925927,39952750","-1.0,-1.0,-1.0,-1.0,-1.0","0,0,0,0,0","0,0,0,0,0","-1,-1,-1,-1,-1","0.02,0.00,0.00,0.00,0.00","-111.00,-111.00,-111.00,-111.00,-111.00","-111.00,-111.00,-111.00,-111.00,-111.00","121,122,121,119,119","24,26,24,23,25","20,20,20,20,20","{-109,-120,-120,-122},{-106,-120,-120,-120},{-109,-124,-124,-121}","{31.20,59.70,-0.90,-1.50},{56.80,36.90,5.80,4.20},{-20.00,11.50,-1.20,0.40}","2-ims,6-5;1-cbnet,5-9",0,{158},4
2025-11-07 00:08:53.967,1122,0,0,0,0,0,"9,9,9,9,9","9,9,9,9,9","6,5,6,7,11","11,12,8,6,7","6,9,14,7,3","3,4,4,6,6","3,3,4,4,3","3,3,5,8,4","0.11,0.14,0.36,0.06,0.09","0.06,0.00,0.00,0.09,0.03","23.0,23.0,23.0,24.0,24.0","0.0,0.0,0.0,0.0,0.0","-1.0,-1.0,-1.0,-1.0,-1.0","114,118,119,124,3301","-1.0,-1.0,-1.0,-1.0,-1.0","-1.0,-1.0,-1.0,-1.0,-1.0","-1,-1,-1,-1,-1","-1.00,0.02,-1.00,0.02,0.02","-99,3880,-99,7897,4968","-1.00,0.00,-1.00,0.00,0.00","39861033,39887846,39913625,39939287,39965403","-1.0,-1.0,-1.0,-1.0,-1.0","0,0,0,0,0","0,0,0,0,0","-1,-1,-1,-1,-1","0.00,0.00,0.06,0.02,0.00","-111.00,-111.00,-111.00,-111.00,-111.00","-111.00,-111.00,-111.00,-111.00,-111.00","121,121,124,119,121","24,25,27,24,27","20,20,20,20,20","{-108,-120,-120,-122},{-107,-119,-119,-119},{-108,-122,-122,-120}","{56.80,-16.60,-3.30,-0.60},{-20.00,-12.40,4.90,5.20},{31.20,11.50,3.30,2.70}","2-ims,6-5;1-cbnet,5-9",0,{158},4
2025-11-07 00:08:55.099,1129,0,0,0,0,0,"9,9,9,9,9","9,9,9,9,9","6,5,6,9,8","11,9,7,6,6","7,11,9,9,7","3,4,6,7,7","4,3,3,4,3","5,4,5,5,5","0.08,0.13,0.18,0.20,0.10","0.00,0.00,0.03,0.10,0.00","23.0,23.0,23.0,23.0,24.0","0.0,0.0,0.0,0.0,0.0","-1.0,-1.0,-1.0,-1.0,-1.0","73,4974,112,118,80","-1.0,-1.0,-1.0,-1.0,-1.0","-1.0,-1.0,-1.0,-1.0,-1.0","-1,-1,-1,-1,-1","0.02,0.02,0.02,-1.00,0.02","3522,3123,4210,-99,4358","0.00,0.00,0.00,-1.00,0.00","39874362,39900244,39925927,39952750,49974450","-1.0,-1.0,-1.0,-1.0,-1.0","0,0,0,0,0","0,0,0,0,0","-1,-1,-1,-1,-1","0.00,0.00,0.00,0.00,0.00","-111.00,-111.00,-111.00,-111.00,-111.00","-111.00,-111.00,-111.00,-111.00,-111.00","122,121,119,119,120","26,24,23,25,26","20,20,20,20,20","{-109,-120,-120,-122},{-106,-120,-120,-256},{-107,-120,-120,-119}","{5.60,60.40,-2.90,-0.10},{56.80,-13.10,5.00,3.00},{56.80,37.90,4.10,4.40}","2-ims,6-5;1-cbnet,5-9",0,{158},4
2025-11-07 00:08:56.235,1136,0,0,0,0,0,"9,9,9,9,9","9,9,9,9,9","5,6,9,8,6","9,7,6,6,8","11,9,9,7,8","4,6,7,7,6","3,3,4,3,4","4,5,5,5,6","0.13,0.18,0.20,0.10,0.08","0.00,0.03,0.10,0.00,0.15","23.0,23.0,23.0,24.0,24.0","0.0,0.0,0.0,0.0,0.0","-1.0,-1.0,-1.0,-1.0,-1.0","4974,112,118,80,118","-1.0,-1.0,-1.0,-1.0,-1.0","-1.0,-1.0,-1.0,-1.0,-1.0","-1,-1,-1,-1,-1","0.02,0.02,-1.00,0.02,0.02","3123,4210,-99,4358,3811","0.00,0.00,-1.00,0.00,0.00","39900244,39925927,39952750,49974450,40005123","-1.0,-1.0,-1.0,-1.0,-1.0","0,0,0,0,0","0,0,0,0,0","-1,-1,-1,-1,-1","0.00,0.00,0.00,0.00,0.00","-111.00,-111.00,-111.00,-111.00,-111.00","-111.00,-111.00,-111.00,-111.00,-111.00","121,119,119,120,119","24,23,25,26,26","20,20,20,20,20","{-109,-120,-120,-122},{-109,-124,-124,-121},{-107,-122,-122,-118}","{-20.00,-14.10,2.90,2.20},{-20.00,11.50,-1.20,0.40},{31.20,37.40,0.70,2.30}","2-ims,6-5;1-cbnet,5-9",0,{158},4
2025-11-07 00:08:57.398,1143,0,0,0,0,0,"9,9,9,9,9","9,9,9,9,9","6,7,11,6,5","8,6,7,7,8","14,7,3,12,8","4,6,6,6,6","4,4,3,3,4","5,8,4,3,6","0.36,0.06,0.09,0.36,0.18","0.00,0.09,0.03,0.06,0.14","23.0,24.0,24.0,23.0,24.0","0.0,0.0,0.0,0.0,0.0","-1.0,-1.0,-1.0,-1.0,-1.0","119,124,3301,130,303","-1.0,-1.0,-1.0,-1.0,-1.0","-1.0,-1.0,-1.0,-1.0,-1.0","-1,-1,-1,-1,-1","-1.00,0.02,0.02,-1.00,0.02","-99,7897,4968,-99,6817","-1.00,0.00,0.00,-1.00,0.00","39913625,39939287,39965403,29994422,40020217","-1.0,-1.0,-1.0,-1.0,-1.0","0,0,0,0,0","0,0,0,0,0","-1,-1,-1,-1,-1","0.06,0.02,0.00,0.03,0.00","-111.00,-111.00,-111.00,-111.00,-111.00","-111.00,-111.00,-111.00,-111.00,-111.00","124,119,121,120,120","27,24,27,25,27","20,20,20,20,20","{-106,-120,-120,-120},{-108,-122,-122,-120},{-109,-121,-121,-118}","{56.80,36.90,5.80,4.20},{31.20,11.50,3.30,2.70},{-20.00,37.80,0.80,5.20}","2-ims,6-5;1-cbnet,5-9",0,{158},4
2025-11-07 00:08:58.469,1150,0,0,0,0,0,"9,9,9,9,9","9,9,9,9,9","6,9,8,6,5","7,6,6,8,8","9,9,7,8,8","6,7,7,6,5","3,4,3,4,4","5,5,5,6,6","0.18,0.20,0.10,0.08,0.08","0.03,0.10,0.00,0.15,0.10","23.0,23.0,24.0,24.0,24.0","0.0,0.0,0.0,0.0,0.0","-1.0,-1.0,-1.0,-1.0,-1.0","112,118,80,118,403","-1.0,-1.0,-1.0,-1.0,-1.0","-1.0,-1.0,-1.0,-1.0,-1.0","-1,-1,-1,-1,-1","0.02,-1.00,0.02,0.02,-1.00","4210,-99,4358,3811,-99","0.00,-1.00,0.00,0.00,-1.00","39925927,39952750,49974450,40005123,40036112","-1.0,-1.0,-1.0,-1.0,-1.0","0,0,0,0,0","0,0,0,0,0","-1,-1,-1,-1,-1","0.00,0.00,0.00,0.00,0.00","-111.00,-111.00,-111.00,-111.00,-111.00","-111.00,-111.00,-111.00,-111.00,-111.00","119,119,120,119,121","23,25,26,26,26","20,20,20,20,20","{-107,-119,-119,-119},{-107,-120,-120,-119},{-108,-124,-124,-118}","{-20.00,-12.40,4.90,5.20},{56.80,37.90,4.10,4.40},{-20.00,37.40,-1.90,3.90}","2-ims,6-5;1-cbnet,5-9",0,{158},4
2025-11-07 00:08:59.612,1157,0,0,0,0,0,"9,9,9,9,9","9,9,9,9,9","7,11,6,5,6","6,7,7,8,9","7,3,12,8,11","6,6,6,6,4","4,3,3,4,4","8,4,3,6,7","0.06,0.09,0.36,0.18,0.19","0.09,0.03,0.06,0.14,0.04","24.0,24.0,23.0,24.0,24.0","0.0,0.0,0.0,0.0,0.0","-1.0,-1.0,-1.0,-1.0,-1.0","124,3301,130,303,108","-1.0,-1.0,-1.0,-1.0,-1.0","-1.0,-1.0,-1.0,-1.0,-1.0","-1,-1,-1,-1,-1","0.02,0.02,-1.00,0.02,0.02","7897,4968,-99,6817,8115","0.00,0.00,-1.00,0.00,0.00","39939287,39965403,29994422,40020217,40049701","-1.0,-1.0,-1.0,-1.0,-1.0","0,0,0,0,0","0,0,0,0,0","-1,-1,-1,-1,-1","0.02,0.00,0.03,0.00,0.02","-111.00,-111.00,-111.00,-111.00,-111.00","-111.00,-111.00,-111.00,-111.00,-111.00","119,121,120,120,120","24,27,25,27,26","20,20,20,20,20","{-106,-120,-120,-256},{-106,-124,-124,-256},{-107,-128,-128,-121}","{56.80,-13.10,5.00,3.00},{56.80,-13.30,-20.00,-20.00},{-20.00,38.70,3.10,3.50}","2-ims,6-5;1-cbnet,5-9",0,{158},4
2025-11-07 00:09:00.802,1166,0,0,0,0,0,"9,9,9,9,9","9,9,9,9,9","9,8,6,5,6","6,6,8,8,9","9,7,8,8,10","7,7,6,5,4","4,3,4,4,3","5,5,6,6,4","0.20,0.10,0.08,0.08,0.15","0.10,0.00,0.15,0.10,0.00","23.0,24.0,24.0,24.0,23.0","0.0,0.0,0.0,0.0,0.0","-1.0,-1.0,-1.0,-1.0,-1.0","118,80,118,403,87","-1.0,-1.0,-1.0,-1.0,-1.0","-1.0,-1.0,-1.0,-1.0,-1.0","-1,-1,-1,-1,-1","-1.00,0.02,0.02,-1.00,0.02","-99,4358,3811,-99,5631","-1.00,0.00,0.00,-1.00,0.00","39952750,49974450,40005123,40036112,50080758","-1.0,-1.0,-1.0,-1.0,-1.0","0,0,0,0,0","0,0,0,0,0","-1,-1,-1,-1,-1","0.00,0.00,0.00,0.00,0.00","-111.00,-111.00,-111.00,-111.00,-111.00","-111.00,-111.00,-111.00,-111.00,-111.00","119,120,119,121,119","25,26,26,26,25","20,20,20,20,20","{-106,-124,-124,-119},{-107,-122,-122,-118},{-109,-123,-123,-118}","{5.60,-12.60,5.20,3.40},{31.20,37.40,0.70,2.30},{-20.00,37.00,2.80,4.50}","2-ims,6-5;1-cbnet,5-9",0,{158},4
2025-11-07 00:09:01.942,1173,0,0,0,0,0,"9,9,9,9,9","9,9,9,9,9","11,6,5,6,5","7,7,8,9,9","3,12,8,11,10","6,6,6,4,5","3,3,4,4,3","4,3,6,7,4","0.09,0.36,0.18,0.19,0.20","0.03,0.06,0.14,0.04,0.09","24.0,23.0,24.0,24.0,24.0","0.0,0.0,0.0,0.0,0.0","-1.0,-1.0,-1.0,-1.0,-1.0","3301,130,303,108,147","-1.0,-1.0,-1.0,-1.0,-1.0","-1.0,-1.0,-1.0,-1.0,-1.0","-1,-1,-1,-1,-1","0.02,-1.00,0.02,0.02,0.02","4968,-99,6817,8115,4604","0.00,-1.00,0.00,0.00,0.00","39965403,29994422,40020217,40049701,30059130","-1.0,-1.0,-1.0,-1.0,-1.0","0,0,0,0,0","0,0,0,0,0","-1,-1,-1,-1,-1","0.00,0.03,0.00,0.02,0.00","-111.00,-111.00,-111.00,-111.00,-111.00","-111.00,-111.00,-111.00,-111.00,-111.00","121,120,120,120,120","27,25,27,26,26","20,20,20,20,20","{-109,-124,-124,-121},{-109,-121,-121,-118},{-108,-124,-124,-119}","{-20.00,11.50,-1.20,0.40},{-20.00,37.80,0.80,5.20},{-20.00,37.40,-1.60,3.10}","2-ims,6-5;1-cbnet,5-9",0,{158},4
2025-11-07 00:09:03.025,1181,0,0,0,0,0,"9,9,9,9,9","9,9,9,9,9","8,6,5,6,5","6,8,8,9,9","7,8,8,10,9","7,6,5,4,4","3,4,4,3,5","5,6,6,4,3","0.10,0.08,0.08,0.15,0.32","0.00,0.15,0.10,0.00,0.09","24.0,24.0,24.0,23.0,24.0","0.0,0.0,0.0,0.0,0.0","-1.0,-1.0,-1.0,-1.0,-1.0","80,118,403,87,117","-1.0,-1.0,-1.0,-1.0,-1.0","-1.0,-1.0,-1.0,-1.0,-1.0","-1,-1,-1,-1,-1","0.02,0.02,-1.00,0.02,-1.00","4358,3811,-99,5631,-99","0.00,0.00,-1.00,0.00,-1.00","49974450,40005123,40036112,50080758,50117264","-1.0,-1.0,-1.0,-1.0,-1.0","0,0,0,0,0","0,0,0,0,0","-1,-1,-1,-1,-1","0.00,0.00,0.00,0.00,0.06","-111.00,-111.00,-111.00,-111.00,-111.00","-111.00,-111.00,-111.00,-111.00,-111.00","120,119,121,119,119","26,26,26,25,26","20,20,20,20,20","{-108,-122,-122,-120},{-108,-124,-124,-118},{-106,-122,-122,-119}","{31.20,11.50,3.30,2.70},{-20.00,37.40,-1.90,3.90},{-20.00,12.60,1.20,3.70}","2-ims,6-5;1-cbnet,5-9",0,{158},4
2025-11-07 00:09:04.093,1186,0,0,0,0,0,"9,9,9,9,9","9,9,9,9,9","6,5,6,5,7","7,8,9,9,9","12,8,11,10,9","6,6,4,5,5","3,4,4,3,3","3,6,7,4,5","0.36,0.18,0.19,0.20,0.25","0.06,0.14,0.04,0.09,0.00","23.0,24.0,24.0,24.0,24.0","0.0,0.0,0.0,0.0,0.0","-1.0,-1.0,-1.0,-1.0,-1.0","130,303,108,147,4528","-1.0,-1.0,-1.0,-1.0,-1.0","-1.0,-1.0,-1.0,-1.0,-1.0","-1,-1,-1,-1,-1","-1.00,0.02,0.02,0.02,0.02","-99,6817,8115,4604,3399","-1.00,0.00,0.00,0.00,0.00","29994422,40020217,40049701,30059130,30080840","-1.0,-1.0,-1.0,-1.0,-1.0","0,0,0,0,0","0,0,0,0,0","-1,-1,-1,-1,-1","0.03,0.00,0.02,0.00,0.00","-111.00,-111.00,-111.00,-111.00,-111.00","-111.00,-111.00,-111.00,-111.00,-111.00","120,120,120,120,118","25,27,26,26,25","20,20,20,20,20","{-107,-120,-120,-119},{-107,-128,-128,-121},{-109,-122,-122,-119}","{56.80,37.90,4.10,4.40},{-20.00,38.70,3.10,3.50},{-20.00,-14.00,-1.90,1.00}","2-ims,6-5;1-cbnet,5-9",0,{158},4
2025-11-07 00:09:05.234,1193,0,0,0,0,0,"9,9,9,9,9","9,9,9,9,9","5,6,5,7,7","8,9,9,9,5","8,11,10,9,8","6,4,5,5,6","4,4,3,3,3","6,7,4,5,16","0.18,0.19,0.20,0.25,0.14","0.14,0.04,0.09,0.00,0.02","24.0,24.0,24.0,24.0,24.0","0.0,0.0,0.0,0.0,0.0","-1.0,-1.0,-1.0,-1.0,-1.0","303,108,147,4528,3759","-1.0,-1.0,-1.0,-1.0,-1.0","-1.0,-1.0,-1.0,-1.0,-1.0","-1,-1,-1,-1,-1","0.02,0.02,0.02,0.02,-1.00","6817,8115,4604,3399,-99","0.00,0.00,0.00,0.00,-1.00","40020217,40049701,30059130,30080840,50147410","-1.0,-1.0,-1.0,-1.0,-1.0","0,0,0,0,0","0,0,0,0,0","-1,-1,-1,-1,-1","0.00,0.02,0.00,0.00,0.10","-111.00,-111.00,-111.00,-111.00,-111.00","-111.00,-111.00,-111.00,-111.00,-111.00","120,120,120,118,119","27,26,26,25,26","20,20,20,20,20","{-107,-122,-122,-118},{-108,-124,-124,-119},{-103,-121,-121,-112}","{31.20,37.40,0.70,2.30},{-20.00,37.40,-1.60,3.10},{5.60,-12.20,10.40,7.40}","2-ims,6-5;1-cbnet,5-9",0,{158},4
2025-11-07 00:09:06.388,1202,0,0,0,0,0,"9,9,9,9,9","9,9,9,9,9","5,6,5,9,12","8,9,9,4,5","8,10,9,2,14","5,4,4,3,7","4,3,5,0,2","6,4,3,5,31","0.08,0.15,0.32,0.07,0.07","0.10,0.00,0.09,0.00,0.03","24.0,23.0,24.0,25.0,22.0","0.0,0.0,0.0,0.0,0.0","-1.0,-1.0,-1.0,-1.0,-1.0","403,87,117,7136,1704","-1.0,-1.0,-1.0,-1.0,-1.0","-1.0,-1.0,-1.0,-1.0,-1.0","-1,-1,-1,-1,-1","-1.00,0.02,-1.00,0.02,0.02","-99,5631,-99,7549,19050","-1.00,0.00,-1.00,0.01,0.01","40036112,50080758,50117264,40111988,40129035","-1.0,-1.0,-1.0,-1.0,-1.0","0,0,0,0,0","0,0,0,0,0","-1,-1,-1,-1,-1","0.00,0.00,0.06,0.00,0.00","-111.00,-111.00,-111.00,-111.00,-111.00","-111.00,-111.00,-111.00,-111.00,-111.00","121,119,119,120,116","26,25,26,28,23","20,20,20,20,20","{-109,-121,-121,-118},{-106,-122,-122,-119},{-101,-115,-115,-115}","{-20.00,37.80,0.80,5.20},{-20.00,12.60,1.20,3.70},{31.20,39.20,9.90,2.70}","2-ims,6-5;1-cbnet,5-9",0,{158},4
2025-11-07 00:09:07.517,1209,0,0,0,0,0,"9,9,9,9,9","9,9,9,9,9","6,5,7,7,4","9,9,9,5,4","11,10,9,8,17","4,5,5,6,8","4,3,3,3,2","7,4,5,16,2","0.19,0.20,0.25,0.14,0.24","0.04,0.09,0.00,0.02,0.03","24.0,24.0,24.0,24.0,-99.0","0.0,0.0,0.0,0.0,-99.0","-1.0,-1.0,-1.0,-1.0,-1.0","108,147,4528,3759,235","-1.0,-1.0,-1.0,-1.0,-1.0","-1.0,-1.0,-1.0,-1.0,-1.0","-1,-1,-1,-1,-1","0.02,0.02,0.02,-1.00,0.02","8115,4604,3399,-99,29586","0.00,0.00,0.00,-1.00,0.01","40049701,30059130,30080840,50147410,30101800","-1.0,-1.0,-1.0,-1.0,-1.0","0,0,0,0,0","0,0,0,0,0","-1,-1,-1,-1,-1","0.02,0.00,0.00,0.10,0.00","-111.00,-111.00,-111.00,-111.00,-111.00","-111.00,-111.00,-111.00,-111.00,-111.00","120,120,118,119,-99","26,26,25,26,-99","20,20,20,20,20","{-108,-124,-124,-118},{-109,-122,-122,-119},{-106,-117,-117,-113}","{-20.00,37.40,-1.90,3.90},{-20.00,-14.00,-1.90,1.00},{5.60,38.60,11.10,5.30}","2-ims,6-5;1-cbnet,5-9",0,{158},4
2025-11-07 00:09:08.687,1216,0,0,0,0,0,"9,9,9,9,9","9,9,9,9,9","6,5,9,12,11","9,9,4,5,32","10,9,2,14,11","4,4,3,7,12","3,5,0,2,68","4,3,5,31,7","0.15,0.32,0.07,0.07,0.26","0.00,0.09,0.00,0.03,0.19","23.0,24.0,25.0,22.0,18.0","0.0,0.0,0.0,0.0,0.0","-1.0,-1.0,-1.0,-1.0,-1.0","87,117,7136,1704,405","-1.0,-1.0,-1.0,-1.0,-1.0","-1.0,-1.0,-1.0,-1.0,-1.0","-1,-1,-1,-1,-1","0.02,-1.00,0.02,0.02,-1.00","5631,-99,7549,19050,-99","0.00,-1.00,0.01,0.01,-1.00","50080758,50117264,40111988,40129035,40395896","-1.0,-1.0,-1.0,-1.0,-1.0","0,0,0,0,0","0,0,0,0,0","-1,-1,-1,-1,-1","0.00,0.06,0.00,0.00,0.01","-111.00,-111.00,-111.00,-111.00,-111.00","-111.00,-111.00,-111.00,-111.00,-111.00","119,119,120,116,115","25,26,28,23,18","20,20,20,20,20","{-107,-128,-128,-121},{-107,-122,-122,-118},{-103,-118,-118,-108}","{-20.00,38.70,3.10,3.50},{-20.00,-13.60,0.60,3.60},{5.60,12.80,-0.20,7.40}","2-ims,6-5;1-cbnet,5-9",0,{158},4
2025-11-07 00:09:09.805,1225,0,0,0,0,0,"9,9,9,9,9","9,9,9,9,9","5,7,7,4,7","9,9,5,4,4","10,9,8,17,8","5,5,6,8,5","3,3,3,2,0","4,5,16,2,3","0.20,0.25,0.14,0.24,0.05","0.09,0.00,0.02,0.03,0.00","24.0,24.0,24.0,-99.0,18.0","0.0,0.0,0.0,-99.0,0.0","-1.0,-1.0,-1.0,-1.0,-1.0","147,4528,3759,235,98","-1.0,-1.0,-1.0,-1.0,-1.0","-1.0,-1.0,-1.0,-1.0,-1.0","-1,-1,-1,-1,-1","0.02,0.02,-1.00,0.02,0.02","4604,3399,-99,29586,6454","0.00,0.00,-1.00,0.01,0.01","30059130,30080840,50147410,30101800,40410003","-1.0,-1.0,-1.0,-1.0,-1.0","0,0,0,0,0","0,0,0,0,0","-1,-1,-1,-1,-1","0.00,0.00,0.10,0.00,0.00","-111.00,-111.00,-111.00,-111.00,-111.00","-111.00,-111.00,-111.00,-111.00,-111.00","120,118,119,-99,117","26,25,26,-99,18","20,20,20,20,20","{-109,-123,-123,-118},{-103,-121,-121,-112},{-105,-103,-103,-256}","{-20.00,37.00,2.80,4.50},{5.60,-12.20,10.40,7.40},{5.60,13.30,-20.00,-20.00}","2-ims,6-5;1-cbnet,5-9",0,{158},4
2025-11-07 00:09:10.832,1257,0,0,0,0,0,"9,9,9,9,9","9,9,9,9,9","5,9,12,11,8","9,4,5,32,8","9,2,14,11,10","4,3,7,12,5","5,0,2,68,5","3,5,31,7,6","0.32,0.07,0.07,0.26,0.06","0.09,0.00,0.03,0.19,0.03","24.0,25.0,22.0,18.0,16.0","0.0,0.0,0.0,0.0,0.0","-1.0,-1.0,-1.0,-1.0,-1.0","117,7136,1704,405,63","-1.0,-1.0,-1.0,-1.0,-1.0","-1.0,-1.0,-1.0,-1.0,-1.0","-1,-1,-1,-1,-1","-1.00,0.02,0.02,-1.00,0.02","-99,7549,19050,-99,2280","-1.00,0.01,0.01,-1.00,0.01","50117264,40111988,40129035,40395896,40416787","-1.0,-1.0,-1.0,-1.0,-1.0","0,0,0,0,0","0,0,0,0,0","-1,-1,-1,-1,-1","0.06,0.00,0.00,0.01,0.00","-111.00,-111.00,-111.00,-111.00,-111.00","-111.00,-111.00,-111.00,-111.00,-111.00","119,120,116,115,114","26,28,23,18,16","20,20,20,20,20","{-108,-124,-124,-119},{-101,-115,-115,-115},{-100,-102,-102,-106}","{-20.00,37.40,-1.60,3.10},{31.20,39.20,9.90,2.70},{31.20,65.20,-20.00,-20.00}","2-ims,6-5;1-cbnet,5-9",0,{158},4
2025-11-07 00:09:11.862,1264,0,0,0,0,0,"9,9,9,9,9","9,9,9,9,9","7,7,4,7,8","9,5,4,4,5","9,8,17,8,13","5,6,8,5,7","3,3,2,0,2","5,16,2,3,4","0.25,0.14,0.24,0.05,0.16","0.00,0.02,0.03,0.00,0.00","24.0,24.0,-99.0,18.0,-99.0","0.0,0.0,-99.0,0.0,-99.0","-1.0,-1.0,-1.0,-1.0,-1.0","4528,3759,235,98,235","-1.0,-1.0,-1.0,-1.0,-1.0","-1.0,-1.0,-1.0,-1.0,-1.0","-1,-1,-1,-1,-1","0.02,-1.00,0.02,0.02,-1.00","3399,-99,29586,6454,-99","0.00,-1.00,0.01,0.01,-1.00","30080840,50147410,30101800,40410003,40437326","-1.0,-1.0,-1.0,-1.0,-1.0","0,0,0,0,0","0,0,0,0,0","-1,-1,-1,-1,-1","0.00,0.10,0.00,0.00,0.00","-111.00,-111.00,-111.00,-111.00,-111.00","-111.00,-111.00,-111.00,-111.00,-111.00","118,119,-99,117,-99","25,26,-99,18,-99","20,20,20,20,20","{-106,-122,-122,-119},{-106,-117,-117,-113},{-100,-102,-102,-108}","{-20.00,12.60,1.20,3.70},{5.60,38.60,11.10,5.30},{5.60,64.50,3.80,3.00}","2-ims,6-5;1-cbnet,5-9",0,{158},4
2025-11-07 00:09:12.889,1271,0,0,0,0,0,"9,9,9,9,9","9,9,9,9,9","9,12,11,8,5","4,5,32,8,5","2,14,11,10,13","3,7,12,5,6","0,2,68,5,1","5,31,7,6,4","0.07,0.07,0.26,0.06,0.20","0.00,0.03,0.19,0.03,0.00","25.0,22.0,18.0,16.0,15.0","0.0,0.0,0.0,0.0,0.0","-1.0,-1.0,-1.0,-1.0,-1.0","7136,1704,405,63,10","-1.0,-1.0,-1.0,-1.0,-1.0","-1.0,-1.0,-1.0,-1.0,-1.0","-1,-1,-1,-1,-1","0.02,0.02,-1.00,0.02,0.02","7549,19050,-99,2280,6421","0.01,0.01,-1.00,0.01,0.01","40111988,40129035,40395896,40416787,40443219","-1.0,-1.0,-1.0,-1.0,-1.0","0,0,0,0,0","0,0,0,0,0","-1,-1,-1,-1,-1","0.00,0.00,0.01,0.00,0.00","-111.00,-111.00,-111.00,-111.00,-111.00","-111.00,-111.00,-111.00,-111.00,-111.00","120,116,115,114,113","28,23,18,16,15","20,20,20,20,20","{-109,-122,-122,-119},{-103,-118,-118,-108},{-105,-103,-103,-100}","{-20.00,-14.00,-1.90,1.00},{5.60,12.80,-0.20,7.40},{-20.00,62.10,5.30,13.20}","2-ims,6-5;1-cbnet,5-9",0,{158},4
2025-11-07 00:09:13.913,1278,0,0,0,0,0,"9,9,9,9,9","9,9,9,9,9","7,4,7,8,6","5,4,4,5,4","8,17,8,13,13","6,8,5,7,7","3,2,0,2,0","16,2,3,4,0","0.14,0.24,0.05,0.16,0.14","0.02,0.03,0.00,0.00,0.00","24.0,-99.0,18.0,-99.0,15.0","0.0,-99.0,0.0,-99.0,0.0","-1.0,-1.0,-1.0,-1.0,-1.0","3759,235,98,235,50","-1.0,-1.0,-1.0,-1.0,-1.0","-1.0,-1.0,-1.0,-1.0,-1.0","-1,-1,-1,-1,-1","-1.00,0.02,0.02,-1.00,0.02","-99,29586,6454,-99,1113","-1.00,0.01,0.01,-1.00,0.01","50147410,30101800,40410003,40437326,40446944","-1.0,-1.0,-1.0,-1.0,-1.0","0,0,0,0,0","0,0,0,0,0","-1,-1,-1,-1,-1","0.10,0.00,0.00,0.00,0.00","-111.00,-111.00,-111.00,-111.00,-111.00","-111.00,-111.00,-111.00,-111.00,-111.00","119,-99,117,-99,113","26,-99,18,-99,15","20,20,20,20,20","{-107,-122,-122,-118},{-105,-103,-103,-256},{-104,-113,-113,-256}","{-20.00,-13.60,0.60,3.60},{5.60,13.30,-20.00,-20.00},{5.60,62.90,-20.00,-20.00}","2-ims,6-5;1-cbnet,5-9",0,{158},4
2025-11-07 00:09:14.943,1285,0,0,0,0,0,"9,9,9,9,9","9,9,9,9,9","12,11,8,5,12","5,32,8,5,4","14,11,10,13,10","7,12,5,6,8","2,68,5,1,2","31,7,6,4,9","0.07,0.26,0.06,0.20,0.13","0.03,0.19,0.03,0.00,0.00","22.0,18.0,16.0,15.0,21.0","0.0,0.0,0.0,0.0,0.0","-1.0,-1.0,-1.0,-1.0,-1.0","1704,405,63,10,1164","-1.0,-1.0,-1.0,-1.0,-1.0","-1.0,-1.0,-1.0,-1.0,-1.0","-1,-1,-1,-1,-1","0.02,-1.00,0.02,0.02,0.02","19050,-99,2280,6421,8222","0.01,-1.00,0.01,0.01,0.01","40129035,40395896,40416787,40443219,30337258","-1.0,-1.0,-1.0,-1.0,-1.0","0,0,0,0,0","0,0,0,0,0","-1,-1,-1,-1,-1","0.00,0.01,0.00,0.00,0.03","-111.00,-111.00,-111.00,-111.00,-111.00","-111.00,-111.00,-111.00,-111.00,-111.00","116,115,114,113,117","23,18,16,15,22","20,20,20,20,20","{-103,-121,-121,-112},{-100,-102,-102,-106},{-102,-112,-112,-107}","{5.60,-12.20,10.40,7.40},{31.20,65.20,-20.00,-20.00},{56.80,64.50,6.90,12.30}","2-ims,6-5;1-cbnet,5-9",0,{158},4
2025-11-07 00:09:15.967,1292,0,0,0,0,0,"9,9,9,9,9","9,9,9,9,9","4,7,8,6,9","4,4,5,4,4","17,8,13,13,10","8,5,7,7,8","2,0,2,0,1","2,3,4,0,6","0.24,0.05,0.16,0.14,0.10","0.03,0.00,0.00,0.00,0.05","-99.0,18.0,-99.0,15.0,-99.0","-99.0,0.0,-99.0,0.0,-99.0","-1.0,-1.0,-1.0,-1.0,-1.0","235,98,235,50,296","-1.0,-1.0,-1.0,-1.0,-1.0","-1.0,-1.0,-1.0,-1.0,-1.0","-1,-1,-1,-1,-1","0.02,0.02,-1.00,0.02,-1.00","29586,6454,-99,1113,-99","0.01,0.01,-1.00,0.01,-1.00","30101800,40410003,40437326,40446944,40454173","-1.0,-1.0,-1.0,-1.0,-1.0","0,0,0,0,0","0,0,0,0,0","-1,-1,-1,-1,-1","0.00,0.00,0.00,0.00,0.00","-111.00,-111.00,-111.00,-111.00,-111.00","-111.00,-111.00,-111.00,-111.00,-111.00","-99,117,-99,113,-99","-99,18,-99,15,-99","20,20,20,20,20","{-101,-115,-115,-115},{-100,-102,-102,-108},{-100,-113,-113,-107}","{31.20,39.20,9.90,2.70},{5.60,64.50,3.80,3.00},{31.20,39.60,3.70,13.40}","2-ims,6-5;1-cbnet,5-9",0,{158},4
2025-11-07 00:09:16.994,1297,0,0,0,0,0,"9,9,9,9,9","9,9,9,9,9","11,8,5,12,17","32,8,5,4,14","11,10,13,10,11","12,5,6,8,12","68,5,1,2,23","7,6,4,9,18","0.26,0.06,0.20,0.13,0.09","0.19,0.03,0.00,0.00,0.03","18.0,16.0,15.0,21.0,18.0","0.0,0.0,0.0,0.0,0.0","-1.0,-1.0,-1.0,-1.0,-1.0","405,63,10,1164,18745","-1.0,-1.0,-1.0,-1.0,-1.0","-1.0,-1.0,-1.0,-1.0,-1.0","-1,-1,-1,-1,-1","-1.00,0.02,0.02,0.02,0.02","-99,2280,6421,8222,13803","-1.00,0.01,0.01,0.01,0.01","40395896,40416787,40443219,30337258,40536428","-1.0,-1.0,-1.0,-1.0,-1.0","0,0,0,0,0","0,0,0,0,0","-1,-1,-1,-1,-1","0.01,0.00,0.00,0.03,0.00","-111.00,-111.00,-111.00,-111.00,-111.00","-111.00,-111.00,-111.00,-111.00,-111.00","115,114,113,117,113","18,16,15,22,18","20,20,20,20,20","{-106,-117,-117,-113},{-105,-103,-103,-100},{-100,-113,-113,-107}","{5.60,38.60,11.10,5.30},{-20.00,62.10,5.30,13.20},{31.20,-11.90,2.60,12.60}","2-ims,6-5;1-cbnet,5-9",0,{158},4
2025-11-07 00:09:18.024,1304,0,0,0,0,0,"9,9,9,9,9","9,9,9,9,9","7,8,6,9,18","4,5,4,4,4","8,13,13,10,11","5,7,7,8,9","0,2,0,1,6","3,4,0,6,47","0.05,0.16,0.14,0.10,0.06","0.00,0.00,0.00,0.05,0.00","18.0,-99.0,15.0,-99.0,18.0","0.0,-99.0,0.0,-99.0,0.0","-1.0,-1.0,-1.0,-1.0,-1.0","98,235,50,296,47123","-1.0,-1.0,-1.0,-1.0,-1.0","-1.0,-1.0,-1.0,-1.0,-1.0","-1,-1,-1,-1,-1","0.02,-1.00,0.02,-1.00,0.02","6454,-99,1113,-99,46140","0.01,-1.00,0.01,-1.00,0.01","40410003,40437326,40446944,40454173,40559282","-1.0,-1.0,-1.0,-1.0,-1.0","0,0,0,0,0","0,0,0,0,0","-1,-1,-1,-1,-1","0.00,0.00,0.00,0.00,0.01","-111.00,-111.00,-111.00,-111.00,-111.00","-111.00,-111.00,-111.00,-111.00,-111.00","117,-99,113,-99,112","18,-99,15,-99,18","20,20,20,20,20","{-103,-118,-118,-108},{-104,-113,-113,-256},{-99,-113,-113,-106}","{5.60,12.80,-0.20,7.40},{5.60,62.90,-20.00,-20.00},{5.60,38.80,0.70,10.40}","2-ims,6-5;1-cbnet,5-9",0,{158},4
2025-11-07 00:09:19.052,1311,0,0,0,0,0,"9,9,9,9,9","9,9,9,9,9","8,5,12,17,16","8,5,4,14,31","10,13,10,11,11","5,6,8,12,13","5,1,2,23,80","6,4,9,18,39","0.06,0.20,0.13,0.09,0.06","0.03,0.00,0.00,0.03,0.06","16.0,15.0,21.0,18.0,18.0","0.0,0.0,0.0,0.0,0.0","-1.0,-1.0,-1.0,-1.0,-1.0","63,10,1164,18745,77173","-1.0,-1.0,-1.0,-1.0,-1.0","-1.0,-1.0,-1.0,-1.0,-1.0","-1,-1,-1,-1,-1","0.02,0.02,0.02,0.02,-1.00","2280,6421,8222,13803,-99","0.01,0.01,0.01,0.01,-1.00","40416787,40443219,30337258,40536428,50915821","-1.0,-1.0,-1.0,-1.0,-1.0","0,0,0,0,0","0,0,0,0,0","-1,-1,-1,-1,-1","0.00,0.00,0.03,0.00,0.00","-111.00,-111.00,-111.00,-111.00,-111.00","-111.00,-111.00,-111.00,-111.00,-111.00","114,113,117,113,112","16,15,22,18,18","20,20,20,20,20","{-105,-103,-103,-256},{-102,-112,-112,-107},{-100,-113,-113,-106}","{5.60,13.30,-20.00,-20.00},{56.80,64.50,6.90,12.30},{5.60,38.80,4.30,12.90}","2-ims,6-5;1-cbnet,5-9",0,{158},4
2025-11-07 00:09:20.083,1322,0,0,0,0,0,"9,9,9,9,9","9,9,9,9,9","8,6,9,18,17","5,4,4,4,4","13,13,10,11,11","7,7,8,9,8","2,0,1,6,3","4,0,6,47,29","0.16,0.14,0.10,0.06,0.13","0.00,0.00,0.05,0.00,0.00","-99.0,15.0,-99.0,18.0,18.0","-99.0,0.0,-99.0,0.0,0.0","-1.0,-1.0,-1.0,-1.0,-1.0","235,50,296,47123,62081","-1.0,-1.0,-1.0,-1.0,-1.0","-1.0,-1.0,-1.0,-1.0,-1.0","-1,-1,-1,-1,-1","-1.00,0.02,-1.00,0.02,0.02","-99,1113,-99,46140,53888","-1.00,0.01,-1.00,0.01,0.01","40437326,40446944,40454173,40559282,40900858","-1.0,-1.0,-1.0,-1.0,-1.0","0,0,0,0,0","0,0,0,0,0","-1,-1,-1,-1,-1","0.00,0.00,0.00,0.01,0.02","-111.00,-111.00,-111.00,-111.00,-111.00","-111.00,-111.00,-111.00,-111.00,-111.00","-99,113,-99,112,112","-99,15,-99,18,18","20,20,20,20,20","{-100,-102,-102,-106},{-100,-113,-113,-107},{-100,-113,-113,-107}","{31.20,65.20,-20.00,-20.00},{31.20,39.60,3.70,13.40},{-20.00,38.40,2.50,10.20}","2-ims,6-5;1-cbnet,5-9",0,{158},4
2025-11-07 00:09:21.111,1331,0,0,0,0,0,"9,9,9,9,9","9,9,9,9,9","6,9,18,17,21","4,4,4,4,42","13,10,11,11,10","7,8,9,8,14","0,1,6,3,204","0,6,47,29,50","0.14,0.10,0.06,0.13,0.11","0.00,0.05,0.00,0.00,0.04","15.0,-99.0,18.0,18.0,17.0","0.0,-99.0,0.0,0.0,0.0","-1.0,-1.0,-1.0,-1.0,-1.0","50,296,47123,62081,12741","-1.0,-1.0,-1.0,-1.0,-1.0","-1.0,-1.0,-1.0,-1.0,-1.0","-1,-1,-1,-1,-1","0.02,-1.00,0.02,0.02,0.02","1113,-99,46140,53888,68106","0.01,-1.00,0.01,0.01,0.01","40446944,40454173,40559282,40900858,41245932","-1.0,-1.0,-1.0,-1.0,-1.0","0,0,0,0,0","0,0,0,0,0","-1,-1,-1,-1,-1","0.00,0.00,0.01,0.02,0.00","-111.00,-111.00,-111.00,-111.00,-111.00","-111.00,-111.00,-111.00,-111.00,-111.00","113,-99,112,112,113","15,-99,18,18,17","20,20,20,20,20","{-105,-103,-103,-100},{-99,-113,-113,-106},{-101,-113,-113,-105}","{-20.00,62.10,5.30,13.20},{5.60,38.80,0.70,10.40},{5.60,39.00,5.20,13.10}","2-ims,6-5;1-cbnet,5-9",0,{158},4
2025-11-07 00:09:22.148,1338,0,0,0,0,0,"9,9,9,9,9","9,9,9,9,9","12,17,16,17,21","4,14,31,9,11","10,11,11,9,9","8,12,13,9,9","2,23,80,10,21","9,18,39,31,33","0.13,0.09,0.06,0.03,0.17","0.00,0.03,0.06,0.10,0.08","21.0,18.0,18.0,17.0,18.0","0.0,0.0,0.0,0.0,0.0","-1.0,-1.0,-1.0,-1.0,-1.0","1164,18745,77173,31241,10007","-1.0,-1.0,-1.0,-1.0,-1.0","-1.0,-1.0,-1.0,-1.0,-1.0","-1,-1,-1,-1,-1","0.02,0.02,-1.00,0.02,-1.00","8222,13803,-99,41920,-99","0.01,0.01,-1.00,0.01,-1.00","30337258,40536428,50915821,40928982,41805108","-1.0,-1.0,-1.0,-1.0,-1.0","0,0,0,0,0","0,0,0,0,0","-1,-1,-1,-1,-1","0.03,0.00,0.00,0.00,0.06","-111.00,-111.00,-111.00,-111.00,-111.00","-111.00,-111.00,-111.00,-111.00,-111.00","117,113,112,113,113","22,18,18,17,18","20,20,20,20,20","{-104,-113,-113,-256},{-100,-113,-113,-106},{-100,-117,-117,-256}","{5.60,62.90,-20.00,-20.00},{5.60,38.80,4.30,12.90},{-20.00,-12.60,-20.00,-20.00}","2-ims,6-5;1-cbnet,5-9",0,{158},4
2025-11-07 00:09:23.182,1348,0,0,0,0,0,"9,9,9,9,9","9,9,9,9,9","9,18,17,21,6","4,4,4,42,4","10,11,11,10,6","8,9,8,14,5","1,6,3,204,0","6,47,29,50,1","0.10,0.06,0.13,0.11,-99.00","0.05,0.00,0.00,0.04,0.00","-99.0,18.0,18.0,17.0,15.0","-99.0,0.0,0.0,0.0,0.0","-1.0,-1.0,-1.0,-1.0,-1.0","296,47123,62081,12741,10","-1.0,-1.0,-1.0,-1.0,-1.0","-1.0,-1.0,-1.0,-1.0,-1.0","-1,-1,-1,-1,-1","-1.00,0.02,0.02,0.02,0.02","-99,46140,53888,68106,31707","-1.00,0.01,0.01,0.01,0.01","40454173,40559282,40900858,41245932,31381048","-1.0,-1.0,-1.0,-1.0,-1.0","0,0,0,0,0","0,0,0,0,0","-1,-1,-1,-1,-1","0.00,0.01,0.02,0.00,0.00","-111.00,-111.00,-111.00,-111.00,-111.00","-111.00,-111.00,-111.00,-111.00,-111.00","-99,112,112,113,113","-99,18,18,17,15","20,20,20,20,20","{-102,-112,-112,-107},{-100,-113,-113,-107},{-101,-108,-108,-256}","{56.80,64.50,6.90,12.30},{-20.00,38.40,2.50,10.20},{5.60,13.40,-20.00,-20.00}","2-ims,6-5;1-cbnet,5-9",0,{158},4
2025-11-07 00:09:24.211,1355,0,0,0,0,0,"9,9,9,9,9","9,9,9,9,9","17,16,17,21,6","14,31,9,11,4","11,11,9,9,9","12,13,9,9,11","23,80,10,21,0","18,39,31,33,1","0.09,0.06,0.03,0.17,0.10","0.03,0.06,0.10,0.08,0.00","18.0,18.0,17.0,18.0,-99.0","0.0,0.0,0.0,0.0,-99.0","-1.0,-1.0,-1.0,-1.0,-1.0","18745,77173,31241,10007,15","-1.0,-1.0,-1.0,-1.0,-1.0","-1.0,-1.0,-1.0,-1.0,-1.0","-1,-1,-1,-1,-1","0.02,-1.00,0.02,-1.00,0.02","13803,-99,41920,-99,374","0.01,-1.00,0.01,-1.00,0.01","40536428,50915821,40928982,41805108,31381522","-1.0,-1.0,-1.0,-1.0,-1.0","0,0,0,0,0","0,0,0,0,0","-1,-1,-1,-1,-1","0.00,0.00,0.00,0.06,0.00","-111.00,-111.00,-111.00,-111.00,-111.00","-111.00,-111.00,-111.00,-111.00,-111.00","113,112,113,113,-99","18,18,17,18,-99","20,20,20,20,20","{-100,-113,-113,-107},{-100,-114,-114,-107},{-101,-109,-109,-256}","{31.20,39.60,3.70,13.40},{31.20,38.30,2.60,9.30},{56.80,14.00,-20.00,-20.00}","2-ims,6-5;1-cbnet,5-9",0,{158},4
2025-11-07 00:09:25.244,1362,0,0,0,0,0,"9,9,9,9,9","9,9,9,9,9","18,17,21,6,4","4,4,42,4,4","11,11,10,6,10","9,8,14,5,6","6,3,204,0,0","47,29,50,1,1","0.06,0.13,0.11,-99.00,0.15","0.00,0.00,0.04,0.00,0.00","18.0,18.0,17.0,15.0,14.0","0.0,0.0,0.0,0.0,0.0","-1.0,-1.0,-1.0,-1.0,-1.0","47123,62081,12741,10,5","-1.0,-1.0,-1.0,-1.0,-1.0","-1.0,-1.0,-1.0,-1.0,-1.0","-1,-1,-1,-1,-1","0.02,0.02,0.02,0.02,-1.00","46140,53888,68106,31707,-99","0.01,0.01,0.01,0.01,-1.00","40559282,40900858,41245932,31381048,41843798","-1.0,-1.0,-1.0,-1.0,-1.0","0,0,0,0,0","0,0,0,0,0","-1,-1,-1,-1,-1","0.01,0.02,0.00,0.00,0.00","-111.00,-111.00,-111.00,-111.00,-111.00","-111.00,-111.00,-111.00,-111.00,-111.00","112,112,113,113,113","18,18,17,15,14","20,20,20,20,20","{-100,-113,-113,-107},{-101,-113,-113,-105},{-102,-114,-114,-256}","{31.20,-11.90,2.60,12.60},{5.60,39.00,5.20,13.10},{31.20,63.50,-20.00,-20.00}","2-ims,6-5;1-cbnet,5-9",0,{158},4
2025-11-07 00:09:26.275,1371,0,0,0,0,0,"9,9,9,9,9","9,9,9,9,9","16,17,21,6,6","31,9,11,4,5","11,9,9,9,8","13,9,9,11,6","80,10,21,0,1","39,31,33,1,3","0.06,0.03,0.17,0.10,0.06","0.06,0.10,0.08,0.00,0.00","18.0,17.0,18.0,-99.0,15.0","0.0,0.0,0.0,-99.0,0.0","-1.0,-1.0,-1.0,-1.0,-1.0","77173,31241,10007,15,26","-1.0,-1.0,-1.0,-1.0,-1.0","-1.0,-1.0,-1.0,-1.0,-1.0","-1,-1,-1,-1,-1","-1.00,0.02,-1.00,0.02,0.02","-99,41920,-99,374,347","-1.00,0.01,-1.00,0.01,0.01","50915821,40928982,41805108,31381522,31385270","-1.0,-1.0,-1.0,-1.0,-1.0","0,0,0,0,0","0,0,0,0,0","-1,-1,-1,-1,-1","0.00,0.00,0.06,0.00,0.06","-111.00,-111.00,-111.00,-111.00,-111.00","-111.00,-111.00,-111.00,-111.00,-111.00","112,113,113,-99,114","18,17,18,-99,15","20,20,20,20,20","{-99,-113,-113,-106},{-100,-117,-117,-256},{-101,-111,-111,-256}","{5.60,38.80,0.70,10.40},{-20.00,-12.60,-20.00,-20.00},{31.20,64.80,-20.00,-20.00}","2-ims,6-5;1-cbnet,5-9",0,{158},4
2025-11-07 00:09:27.311,1378,0,0,0,0,0,"9,9,9,9,9","9,9,9,9,9","17,21,6,4,5","4,42,4,4,52","11,10,6,10,13","8,14,5,6,11","3,204,0,0,55","29,50,1,1,2","0.13,0.11,-99.00,0.15,0.20","0.00,0.04,0.00,0.00,0.11","18.0,17.0,15.0,14.0,15.0","0.0,0.0,0.0,0.0,0.0","-1.0,-1.0,-1.0,-1.0,-1.0","62081,12741,10,5,2128","-1.0,-1.0,-1.0,-1.0,-1.0","-1.0,-1.0,-1.0,-1.0,-1.0","-1,-1,-1,-1,-1","0.02,0.02,0.02,-1.00,0.02","53888,68106,31707,-99,2790","0.01,0.01,0.01,-1.00,0.01","40900858,41245932,31381048,41843798,31492658","-1.0,-1.0,-1.0,-1.0,-1.0","0,0,0,0,0","0,0,0,0,0","-1,-1,-1,-1,-1","0.02,0.00,0.00,0.00,0.00","-111.00,-111.00,-111.00,-111.00,-111.00","-111.00,-111.00,-111.00,-111.00,-111.00","112,113,113,113,114","18,17,15,14,15","20,20,20,20,20","{-100,-113,-113,-106},{-101,-108,-108,-256},{-104,-112,-112,-105}","{5.60,38.80,4.30,12.90},{5.60,13.40,-20.00,-20.00},{5.60,-13.80,-20.00,-20.00}","2-ims,6-5;1-cbnet,5-9",0,{158},4
2025-11-07 00:09:28.340,1387,0,0,0,0,0,"9,9,9,9,9","9,9,9,9,9","17,21,6,6,6","9,11,4,5,5","9,9,9,8,7","9,9,11,6,5","10,21,0,1,0","31,33,1,3,1","0.03,0.17,0.10,0.06,0.26","0.10,0.08,0.00,0.00,0.00","17.0,18.0,-99.0,15.0,-99.0","0.0,0.0,-99.0,0.0,-99.0","-1.0,-1.0,-1.0,-1.0,-1.0","31241,10007,15,26,43","-1.0,-1.0,-1.0,-1.0,-1.0","-1.0,-1.0,-1.0,-1.0,-1.0","-1,-1,-1,-1,-1","0.02,-1.00,0.02,0.02,-1.00","41920,-99,374,347,-99","0.01,-1.00,0.01,0.01,-1.00","40928982,41805108,31381522,31385270,42073894","-1.0,-1.0,-1.0,-1.0,-1.0","0,0,0,0,0","0,0,0,0,0","-1,-1,-1,-1,-1","0.00,0.06,0.00,0.06,0.00","-111.00,-111.00,-111.00,-111.00,-111.00","-111.00,-111.00,-111.00,-111.00,-111.00","113,113,-99,114,-99","17,18,-99,15,-99","20,20,20,20,20","{-100,-113,-113,-107},{-101,-109,-109,-256},{-105,-112,-112,-256}","{-20.00,38.40,2.50,10.20},{56.80,14.00,-20.00,-20.00},{56.80,12.30,-20.00,-20.00}","2-ims,6-5;1-cbnet,5-9",0,{158},4
2025-11-07 00:09:29.373,1394,0,0,0,0,0,"9,9,9,9,9","9,9,9,9,9","21,6,4,5,14","42,4,4,52,53","10,6,10,13,6","14,5,6,11,8","204,0,0,55,50","50,1,1,2,4","0.11,-99.00,0.15,0.20,0.13","0.04,0.00,0.00,0.11,0.00","17.0,15.0,14.0,15.0,17.0","0.0,0.0,0.0,0.0,0.0","-1.0,-1.0,-1.0,-1.0,-1.0","12741,10,5,2128,2386","-1.0,-1.0,-1.0,-1.0,-1.0","-1.0,-1.0,-1.0,-1.0,-1.0","-1,-1,-1,-1,-1","0.02,0.02,-1.00,0.02,0.02","68106,31707,-99,2790,891","0.01,0.01,-1.00,0.01,0.01","41245932,31381048,41843798,31492658,42225240","-1.0,-1.0,-1.0,-1.0,-1.0","0,0,0,0,0","0,0,0,0,0","-1,-1,-1,-1,-1","0.00,0.00,0.00,0.00,0.00","-111.00,-111.00,-111.00,-111.00,-111.00","-111.00,-111.00,-111.00,-111.00,-111.00","113,113,113,114,116","17,15,14,15,18","20,20,20,20,20","{-100,-114,-114,-107},{-102,-114,-114,-256},{-104,-112,-112,-105}","{31.20,38.30,2.60,9.30},{31.20,63.50,-20.00,-20.00},{56.80,-13.30,-20.00,6.20}","2-ims,6-5;1-cbnet,5-9",0,{158},4
2025-11-07 00:09:30.411,1403,0,0,0,0,0,"9,9,9,9,9","9,9,9,9,9","21,6,6,6,8","11,4,5,5,5","9,9,8,7,6","9,11,6,5,3","21,0,1,0,0","33,1,3,1,3","0.17,0.10,0.06,0.26,0.09","0.08,0.00,0.00,0.00,0.00","18.0,-99.0,15.0,-99.0,19.0","0.0,-99.0,0.0,-99.0,0.0","-1.0,-1.0,-1.0,-1.0,-1.0","10007,15,26,43,56","-1.0,-1.0,-1.0,-1.0,-1.0","-1.0,-1.0,-1.0,-1.0,-1.0","-1,-1,-1,-1,-1","-1.00,0.02,0.02,-1.00,0.02","-99,374,347,-99,2380","-1.00,0.01,0.01,-1.00,0.01","41805108,31381522,31385270,42073894,31709273","-1.0,-1.0,-1.0,-1.0,-1.0","0,0,0,0,0","0,0,0,0,0","-1,-1,-1,-1,-1","0.06,0.00,0.06,0.00,0.00","-111.00,-111.00,-111.00,-111.00,-111.00","-111.00,-111.00,-111.00,-111.00,-111.00","113,-99,114,-99,117","18,-99,15,-99,20","20,20,20,20,20","{-101,-113,-113,-105},{-101,-111,-111,-256},{-105,-112,-112,-105}","{5.60,39.00,5.20,13.10},{31.20,64.80,-20.00,-20.00},{31.20,-12.70,6.90,14.10}","2-ims,6-5;1-cbnet,5-9",0,{158},4
2025-11-07 00:09:31.436,1410,0,0,0,0,0,"9,9,9,9,9","9,9,9,9,9","6,4,5,14,10","4,4,52,53,5","6,10,13,6,5","5,6,11,8,7","0,0,55,50,2","1,1,2,4,5","-99.00,0.15,0.20,0.13,0.03","0.00,0.00,0.11,0.00,0.00","15.0,14.0,15.0,17.0,20.0","0.0,0.0,0.0,0.0,0.0","-1.0,-1.0,-1.0,-1.0,-1.0","10,5,2128,2386,48","-1.0,-1.0,-1.0,-1.0,-1.0","-1.0,-1.0,-1.0,-1.0,-1.0","-1,-1,-1,-1,-1","0.02,-1.00,0.02,0.02,0.02","31707,-99,2790,891,2845","0.01,-1.00,0.01,0.01,0.01","31381048,41843798,31492658,42225240,42283453","-1.0,-1.0,-1.0,-1.0,-1.0","0,0,0,0,0","0,0,0,0,0","-1,-1,-1,-1,-1","0.00,0.00,0.00,0.00,0.00","-111.00,-111.00,-111.00,-111.00,-111.00","-111.00,-111.00,-111.00,-111.00,-111.00","113,113,114,116,117","15,14,15,18,20","20,20,20,20,20","{-100,-117,-117,-256},{-104,-112,-112,-105},{-104,-111,-111,-105}","{-20.00,-12.60,-20.00,-20.00},{5.60,-13.80,-20.00,-20.00},{56.80,12.40,5.40,9.50}","2-ims,6-5;1-cbnet,5-9",0,{158},4
2025-11-07 00:09:32.472,1417,0,0,0,0,0,"9,9,9,9,9","9,9,9,9,9","6,6,6,8,5","4,5,5,5,10","9,8,7,6,9","11,6,5,3,7","0,1,0,0,2","1,3,1,3,1","0.10,0.06,0.26,0.09,0.36","0.00,0.00,0.00,0.00,0.00","-99.0,15.0,-99.0,19.0,-99.0","-99.0,0.0,-99.0,0.0,-99.0","-1.0,-1.0,-1.0,-1.0,-1.0","15,26,43,56,36","-1.0,-1.0,-1.0,-1.0,-1.0","-1.0,-1.0,-1.0,-1.0,-1.0","-1,-1,-1,-1,-1","0.02,0.02,-1.00,0.02,-1.00","374,347,-99,2380,-99","0.01,0.01,-1.00,0.01,-1.00","31381522,31385270,42073894,31709273,31720057","-1.0,-1.0,-1.0,-1.0,-1.0","0,0,0,0,0","0,0,0,0,0","-1,-1,-1,-1,-1","0.00,0.06,0.00,0.00,0.00","-111.00,-111.00,-111.00,-111.00,-111.00","-111.00,-111.00,-111.00,-111.00,-111.00","-99,114,-99,117,-99","-99,15,-99,20,-99","20,20,20,20,20","{-101,-108,-108,-256},{-105,-112,-112,-256},{-104,-107,-107,-256}","{5.60,13.40,-20.00,-20.00},{56.80,12.30,-20.00,-20.00},{-20.00,11.30,-20.00,-20.00}","2-ims,6-5;1-cbnet,5-9",0,{158},4
2025-11-07 00:09:33.509,1424,0,0,0,0,0,"9,9,9,9,9","9,9,9,9,9","4,5,14,10,8","4,52,53,5,5","10,13,6,5,10","6,11,8,7,6","0,55,50,2,2","1,2,4,5,3","0.15,0.20,0.13,0.03,0.22","0.00,0.11,0.00,0.00,0.10","14.0,15.0,17.0,20.0,16.0","0.0,0.0,0.0,0.0,0.0","-1.0,-1.0,-1.0,-1.0,-1.0","5,2128,2386,48,125","-1.0,-1.0,-1.0,-1.0,-1.0","-1.0,-1.0,-1.0,-1.0,-1.0","-1,-1,-1,-1,-1","-1.00,0.02,0.02,0.02,0.02","-99,2790,891,2845,2794","-1.00,0.01,0.01,0.01,0.01","41843798,31492658,42225240,42283453,42302510","-1.0,-1.0,-1.0,-1.0,-1.0","0,0,0,0,0","0,0,0,0,0","-1,-1,-1,-1,-1","0.00,0.00,0.00,0.00,0.00","-111.00,-111.00,-111.00,-111.00,-111.00","-111.00,-111.00,-111.00,-111.00,-111.00","113,114,116,117,116","14,15,18,20,16","20,20,20,20,20","{-101,-109,-109,-256},{-104,-112,-112,-105},{-104,-112,-112,-256}","{56.80,14.00,-20.00,-20.00},{56.80,-13.30,-20.00,6.20},{5.60,37.60,-20.00,-20.00}","2-ims,6-5;1-cbnet,5-9",0,{158},4
2025-11-07 00:09:34.536,1431,0,0,0,0,0,"9,9,9,9,9","9,9,9,9,9","6,6,8,5,5","5,5,5,10,4","8,7,6,9,8","6,5,3,7,9","1,0,0,2,0","3,1,3,1,1","0.06,0.26,0.09,0.36,0.14","0.00,0.00,0.00,0.00,0.25","15.0,-99.0,19.0,-99.0,18.0","0.0,-99.0,0.0,-99.0,0.0","-1.0,-1.0,-1.0,-1.0,-1.0","26,43,56,36,12","-1.0,-1.0,-1.0,-1.0,-1.0","-1.0,-1.0,-1.0,-1.0,-1.0","-1,-1,-1,-1,-1","0.02,-1.00,0.02,-1.00,0.02","347,-99,2380,-99,736","0.01,-1.00,0.01,-1.00,0.01","31385270,42073894,31709273,31720057,52882442","-1.0,-1.0,-1.0,-1.0,-1.0","0,0,0,0,0","0,0,0,0,0","-1,-1,-1,-1,-1","0.06,0.00,0.00,0.00,0.00","-111.00,-111.00,-111.00,-111.00,-111.00","-111.00,-111.00,-111.00,-111.00,-111.00","114,-99,117,-99,116","15,-99,20,-99,18","20,20,20,20,20","{-102,-114,-114,-256},{-105,-112,-112,-105},{-105,-112,-112,-256}","{31.20,63.50,-20.00,-20.00},{31.20,-12.70,6.90,14.10},{56.80,37.80,-20.00,-20.00}","2-ims,6-5;1-cbnet,5-9",0,{158},4
2025-11-07 00:09:35.570,1438,0,0,0,0,0,"9,9,9,9,9","9,9,9,9,9","5,14,10,8,6","52,53,5,5,4","13,6,5,10,10","11,8,7,6,4","55,50,2,2,0","2,4,5,3,2","0.20,0.13,0.03,0.22,0.13","0.11,0.00,0.00,0.10,0.00","15.0,17.0,20.0,16.0,19.0","0.0,0.0,0.0,0.0,0.0","-1.0,-1.0,-1.0,-1.0,-1.0","2128,2386,48,125,22","-1.0,-1.0,-1.0,-1.0,-1.0","-1.0,-1.0,-1.0,-1.0,-1.0","-1,-1,-1,-1,-1","0.02,0.02,0.02,0.02,-1.00","2790,891,2845,2794,-99","0.01,0.01,0.01,0.01,-1.00","31492658,42225240,42283453,42302510,31730854","-1.0,-1.0,-1.0,-1.0,-1.0","0,0,0,0,0","0,0,0,0,0","-1,-1,-1,-1,-1","0.00,0.00,0.00,0.00,0.00","-111.00,-111.00,-111.00,-111.00,-111.00","-111.00,-111.00,-111.00,-111.00,-111.00","114,116,117,116,117","15,18,20,16,19","20,20,20,20,20","{-101,-111,-111,-256},{-104,-111,-111,-105},{-106,-111,-111,-256}","{31.20,64.80,-20.00,-20.00},{56.80,12.40,5.40,9.50},{-20.00,11.80,-20.00,-20.00}","2-ims,6-5;1-cbnet,5-9",0,{158},4
2025-11-07 00:09:37.685,1449,0,0,0,0,0,"9,9,9,9,9","9,9,9,9,9","14,10,8,6,6","53,5,5,4,7","6,5,10,10,11","8,7,6,4,4","50,2,2,0,2","4,5,3,2,6","0.13,0.03,0.22,0.13,0.08","0.00,0.00,0.10,0.00,0.04","17.0,20.0,16.0,19.0,-99.0","0.0,0.0,0.0,0.0,-99.0","-1.0,-1.0,-1.0,-1.0,-1.0","2386,48,125,22,183","-1.0,-1.0,-1.0,-1.0,-1.0","-1.0,-1.0,-1.0,-1.0,-1.0","-1,-1,-1,-1,-1","0.02,0.02,0.02,-1.00,0.02","891,2845,2794,-99,5164","0.01,0.01,0.01,-1.00,0.01","42225240,42283453,42302510,31730854,42334398","-1.0,-1.0,-1.0,-1.0,-1.0","0,0,0,0,0","0,0,0,0,0","-1,-1,-1,-1,-1","0.00,0.00,0.00,0.00,0.00","-111.00,-111.00,-111.00,-111.00,-111.00","-111.00,-111.00,-111.00,-111.00,-111.00","116,117,116,117,-99","18,20,16,19,-99","20,20,20,20,20","{-105,-112,-112,-256},{-104,-112,-112,-256},{-99,-119,-119,-256}","{56.80,12.30,-20.00,-20.00},{5.60,37.60,-20.00,-20.00},{-20.00,-12.90,-20.00,-20.00}","2-ims,6-5;1-cbnet,5-9",0,{158},4
2025-11-07 00:09:40.116,1470,0,0,0,0,0,"9,9,9,9,9","9,9,9,9,9","10,8,6,6,9","5,5,4,7,6","5,10,10,11,10","7,6,4,4,5","2,2,0,2,1","5,3,2,6,5","0.03,0.22,0.13,0.08,0.17","0.00,0.10,0.00,0.04,0.13","20.0,16.0,19.0,-99.0,15.0","0.0,0.0,0.0,-99.0,0.0","-1.0,-1.0,-1.0,-1.0,-1.0","48,125,22,183,125","-1.0,-1.0,-1.0,-1.0,-1.0","-1.0,-1.0,-1.0,-1.0,-1.0","-1,-1,-1,-1,-1","0.02,0.02,-1.00,0.02,0.02","2845,2794,-99,5164,8153","0.01,0.01,-1.00,0.01,0.01","42283453,42302510,31730854,42334398,42349540","-1.0,-1.0,-1.0,-1.0,-1.0","0,0,0,0,0","0,0,0,0,0","-1,-1,-1,-1,-1","0.00,0.00,0.00,0.00,0.00","-111.00,-111.00,-111.00,-111.00,-111.00","-111.00,-111.00,-111.00,-111.00,-111.00","117,116,117,-99,113","20,16,19,-99,15","20,20,20,20,20","{-105,-112,-112,-105},{-106,-111,-111,-256},{-112,-101,-101,-256}","{31.20,-12.70,6.90,14.10},{-20.00,11.80,-20.00,-20.00},{56.80,-13.00,-20.00,-20.00}","2-ims,6-5;1-cbnet,5-9",0,{158},4
2025-11-07 00:09:41.138,1480,0,0,0,0,0,"9,9,9,9,9","9,9,9,9,9","5,5,7,12,17","10,4,14,6,26","9,8,11,10,11","7,9,6,6,6","2,0,5,2,14","1,1,5,6,6","0.36,0.14,0.15,0.00,0.35","0.00,0.25,0.00,0.00,0.00","-99.0,18.0,20.0,17.0,22.0","-99.0,0.0,0.0,0.0,0.0","-1.0,-1.0,-1.0,-1.0,-1.0","36,12,182,308,322","-1.0,-1.0,-1.0,-1.0,-1.0","-1.0,-1.0,-1.0,-1.0,-1.0","-1,-1,-1,-1,-1","-1.00,0.02,0.02,-1.00,0.02","-99,736,783,-99,8453","-1.00,0.01,0.01,-1.00,0.01","31720057,52882442,42314217,42345549,42404336","-1.0,-1.0,-1.0,-1.0,-1.0","0,0,0,0,0","0,0,0,0,0","-1,-1,-1,-1,-1","0.00,0.00,0.00,0.00,0.03","-111.00,-111.00,-111.00,-111.00,-111.00","-111.00,-111.00,-111.00,-111.00,-111.00","-99,116,116,112,118","-99,18,20,17,24","20,20,20,20,20","{-104,-111,-111,-105},{-100,-113,-113,-256},{-103,-119,-119,-256}","{56.80,12.40,5.40,9.50},{31.20,65.10,-20.00,-20.00},{31.20,-13.30,-20.00,-20.00}","2-ims,6-5;1-cbnet,5-9",0,{158},4
2025-11-07 00:09:42.178,1487,0,0,0,0,0,"9,9,9,9,9","9,9,9,9,9","8,6,6,9,9","5,4,7,6,31","10,10,11,10,8","6,4,4,5,5","2,0,2,1,26","3,2,6,5,18","0.22,0.13,0.08,0.17,0.01","0.10,0.00,0.04,0.13,0.00","16.0,19.0,-99.0,15.0,20.0","0.0,0.0,-99.0,0.0,0.0","-1.0,-1.0,-1.0,-1.0,-1.0","125,22,183,125,170","-1.0,-1.0,-1.0,-1.0,-1.0","-1.0,-1.0,-1.0,-1.0,-1.0","-1,-1,-1,-1,-1","0.02,-1.00,0.02,0.02,0.02","2794,-99,5164,8153,10899","0.01,-1.00,0.01,0.01,0.01","42302510,31730854,42334398,42349540,42481784","-1.0,-1.0,-1.0,-1.0,-1.0","0,0,0,0,0","0,0,0,0,0","-1,-1,-1,-1,-1","0.00,0.00,0.00,0.00,0.00","-111.00,-111.00,-111.00,-111.00,-111.00","-111.00,-111.00,-111.00,-111.00,-111.00","116,117,-99,113,115","16,19,-99,15,20","20,20,20,20,20","{-104,-107,-107,-256},{-99,-119,-119,-256},{-100,-117,-117,-100}","{-20.00,11.30,-20.00,-20.00},{-20.00,-12.90,-20.00,-20.00},{-20.00,64.00,12.20,8.90}","2-ims,6-5;1-cbnet,5-9",0,{158},4
2025-11-07 00:09:43.211,1494,0,0,0,0,0,"9,9,9,9,9","9,9,9,9,9","5,7,12,17,7","4,14,6,26,17","8,11,10,11,10","9,6,6,6,9","0,5,2,14,13","1,5,6,6,6","0.14,0.15,0.00,0.35,0.02","0.25,0.00,0.00,0.00,0.00","18.0,20.0,17.0,22.0,15.0","0.0,0.0,0.0,0.0,0.0","-1.0,-1.0,-1.0,-1.0,-1.0","12,182,308,322,219","-1.0,-1.0,-1.0,-1.0,-1.0","-1.0,-1.0,-1.0,-1.0,-1.0","-1,-1,-1,-1,-1","0.02,0.02,-1.00,0.02,-1.00","736,783,-99,8453,-99","0.01,0.01,-1.00,0.01,-1.00","52882442,42314217,42345549,42404336,31906175","-1.0,-1.0,-1.0,-1.0,-1.0","0,0,0,0,0","0,0,0,0,0","-1,-1,-1,-1,-1","0.00,0.00,0.00,0.03,0.00","-111.00,-111.00,-111.00,-111.00,-111.00","-111.00,-111.00,-111.00,-111.00,-111.00","116,116,112,118,113","18,20,17,24,15","20,20,20,20,20","{-104,-112,-112,-256},{-101,-106,-106,-256},{-102,-122,-122,-105}","{5.60,37.60,-20.00,-20.00},{31.20,-13.90,-20.00,-20.00},{31.20,15.00,14.90,15.90}","2-ims,6-5;1-cbnet,5-9",0,{158},4
2025-11-07 00:09:44.246,1501,0,0,0,0,0,"9,9,9,9,9","9,9,9,9,9","6,6,9,9,12","4,7,6,31,4","10,11,10,8,8","4,4,5,5,5","0,2,1,26,0","2,6,5,18,0","0.13,0.08,0.17,0.01,0.00","0.00,0.04,0.13,0.00,0.00","19.0,-99.0,15.0,20.0,16.0","0.0,-99.0,0.0,0.0,0.0","-1.0,-1.0,-1.0,-1.0,-1.0","22,183,125,170,2","-1.0,-1.0,-1.0,-1.0,-1.0","-1.0,-1.0,-1.0,-1.0,-1.0","-1,-1,-1,-1,-1","-1.00,0.02,0.02,0.02,0.02","-99,5164,8153,10899,4547","-1.00,0.01,0.01,0.01,0.01","31730854,42334398,42349540,42481784,31923278","-1.0,-1.0,-1.0,-1.0,-1.0","0,0,0,0,0","0,0,0,0,0","-1,-1,-1,-1,-1","0.00,0.00,0.00,0.00,0.00","-111.00,-111.00,-111.00,-111.00,-111.00","-111.00,-111.00,-111.00,-111.00,-111.00","117,-99,113,115,113","19,-99,15,20,16","20,20,20,20,20","{-105,-112,-112,-256},{-112,-101,-101,-256},{-102,-118,-118,-108}","{56.80,37.80,-20.00,-20.00},{56.80,-13.00,-20.00,-20.00},{56.80,-12.70,5.40,8.70}","2-ims,6-5;1-cbnet,5-9",0,{158},4
2025-11-07 00:09:45.278,1508,0,0,0,0,0,"9,9,9,9,9","9,9,9,9,9","7,12,17,7,4","14,6,26,17,4","11,10,11,10,7","6,6,6,9,9","5,2,14,13,0","5,6,6,6,0","0.15,0.00,0.35,0.02,-99.00","0.00,0.00,0.00,0.00,0.25","20.0,17.0,22.0,15.0,15.0","0.0,0.0,0.0,0.0,0.0","-1.0,-1.0,-1.0,-1.0,-1.0","182,308,322,219,9709","-1.0,-1.0,-1.0,-1.0,-1.0","-1.0,-1.0,-1.0,-1.0,-1.0","-1,-1,-1,-1,-1","0.02,-1.00,0.02,-1.00,0.02","783,-99,8453,-99,259","0.01,-1.00,0.01,-1.00,0.01","42314217,42345549,42404336,31906175,31923803","-1.0,-1.0,-1.0,-1.0,-1.0","0,0,0,0,0","0,0,0,0,0","-1,-1,-1,-1,-1","0.00,0.00,0.03,0.00,0.00","-111.00,-111.00,-111.00,-111.00,-111.00","-111.00,-111.00,-111.00,-111.00,-111.00","116,112,118,113,114","20,17,24,15,15","20,20,20,20,20","{-106,-111,-111,-256},{-103,-119,-119,-256},{-106,-119,-119,-111}","{-20.00,11.80,-20.00,-20.00},{31.20,-13.30,-20.00,-20.00},{-20.00,37.30,-4.20,0.30}","2-ims,6-5;1-cbnet,5-9",0,{158},4
2025-11-07 00:09:46.307,1516,0,0,0,0,0,"9,9,9,9,9","9,9,9,9,9","12,17,7,4,5","6,26,17,4,6","10,11,10,7,11","6,6,9,9,4","2,14,13,0,0","6,6,6,0,1","0.00,0.35,0.02,-99.00,0.08","0.00,0.00,0.00,0.25,0.20","17.0,22.0,15.0,15.0,-99.0","0.0,0.0,0.0,0.0,-99.0","-1.0,-1.0,-1.0,-1.0,-1.0","308,322,219,9709,4","-1.0,-1.0,-1.0,-1.0,-1.0","-1.0,-1.0,-1.0,-1.0,-1.0","-1,-1,-1,-1,-1","-1.00,0.02,-1.00,0.02,0.02","-99,8453,-99,259,295","-1.00,0.01,-1.00,0.01,0.01","42345549,42404336,31906175,31923803,31924853","-1.0,-1.0,-1.0,-1.0,-1.0","0,0,0,0,0","0,0,0,0,0","-1,-1,-1,-1,-1","0.00,0.03,0.00,0.00,0.00","-111.00,-111.00,-111.00,-111.00,-111.00","-111.00,-111.00,-111.00,-111.00,-111.00","112,118,113,114,-99","17,24,15,15,-99","20,20,20,20,20","{-99,-119,-119,-256},{-102,-122,-122,-105},{-99,-98,-98,-104}","{-20.00,-12.90,-20.00,-20.00},{31.20,15.00,14.90,15.90},{31.20,65.60,0.40,2.70}","2-ims,6-5;1-cbnet,5-9",0,{158},4
2025-11-07 00:09:47.334,1523,0,0,0,0,0,"9,9,9,9,9","9,9,9,9,9","9,9,12,4,4","6,31,4,4,4","10,8,8,8,8","5,5,5,5,6","1,26,0,0,0","5,18,0,0,1","0.17,0.01,0.00,0.00,0.00","0.13,0.00,0.00,0.25,0.00","15.0,20.0,16.0,17.0,16.0","0.0,0.0,0.0,0.0,0.0","-1.0,-1.0,-1.0,-1.0,-1.0","125,170,2,2,4","-1.0,-1.0,-1.0,-1.0,-1.0","-1.0,-1.0,-1.0,-1.0,-1.0","-1,-1,-1,-1,-1","0.02,0.02,0.02,-1.00,0.02","8153,10899,4547,-99,255","0.01,0.01,0.01,-1.00,0.01","42349540,42481784,31923278,31924503,31925378","-1.0,-1.0,-1.0,-1.0,-1.0","0,0,0,0,0","0,0,0,0,0","-1,-1,-1,-1,-1","0.00,0.00,0.00,0.00,0.00","-111.00,-111.00,-111.00,-111.00,-111.00","-111.00,-111.00,-111.00,-111.00,-111.00","113,115,113,117,115","15,20,16,17,16","20,20,20,20,20","{-101,-106,-106,-256},{-102,-118,-118,-108},{-101,-99,-99,-256}","{31.20,-13.90,-20.00,-20.00},{56.80,-12.70,5.40,8.70},{-20.00,14.50,-20.00,-20.00}","2-ims,6-5;1-cbnet,5-9",0,{158},4
