timestamp,mn_cc,mn_redrt,mn_rre_count,mn_rach_fail,mn_rlf_num,mn_ota_irat,mn_irat,mn_u_r,mn_d_r,mn_u_m,mn_d_m,mn_d_g,mn_u_g,mn_u_b,mn_d_b,mn_txp_md,mn_mtpl,mn_cqi,mn_mac,mn_pu_m_l,mn_pd_m_l,mn_rlf_cause,mn_retr,mn_pp_s,mn_pp_dis,mn_pp_r,mn_ri,mn_prach_cfg,mn_pre_for,mn_o_fail,mn_ph_dis,mn_ssnr,mn_tsnr,mn_path_loss,mn_target_pwr,mn_bandwidth,mn_rsrp_4,mn_snr_4,rf_sul_state,rf_sul_band,mn_ver
2025-11-07 00:07:49.787,0,0,0,0,0,"9,9,9,9,9","9,9,9,9,9","4,6,4,9,8","6,6,9,11,8","11,11,10,8,7","8,7,5,4,5","4,5,3,5,4","4,5,2,6,4","0.08,0.07,0.03,0.05,0.03","0.02,0.07,0.00,0.09,0.03","21.0,22.0,20.0,21.0,23.0","0.0,0.0,0.0,0.0,0.0","-1.0,-1.0,-1.0,-1.0,-1.0","585,103,69,143,72","-1.0,-1.0,-1.0,-1.0,-1.0","-1.0,-1.0,-1.0,-1.0,-1.0","-1,-1,-1,-1,-1","0.02,-1.00,0.02,-1.00,0.02","3421,-99,2309,-99,4107","0.00,-1.00,0.00,-1.00,0.00","38909123,38937334,38965507,38992975,39022221","-1.0,-1.0,-1.0,-1.0,-1.0","0,0,0,0,0","0,0,0,0,0","-1,-1,-1,-1,-1","0.00,0.00,0.00,0.00,0.00","-111.00,-111.00,-111.00,-111.00,-111.00","-111.00,-111.00,-111.00,-111.00,-111.00","119,119,118,119,121","22,23,20,22,24","20,20,20,20,20","{-106,-119,-119,-121},{-106,-119,-119,-123},{-108,-120,-120,-120}","{5.60,-14.10,3.60,2.20},{5.60,-15.10,-6.60,-3.20},{31.20,36.60,-0.60,-0.60}",0,{158},4
2025-11-07 00:07:51.077,0,0,0,0,0,"9,9,9,9,9","9,9,9,9,9","6,4,5,8,12","5,8,9,8,9","9,12,12,8,11","6,5,6,4,5","3,3,3,4,3","6,1,5,6,3","0.03,0.13,0.10,0.17,0.39","0.13,0.06,0.03,0.05,0.06","22.0,-99.0,19.0,21.0,22.0","0.0,-99.0,0.0,0.0,0.0","-1.0,-1.0,-1.0,-1.0,-1.0","83,60,1073,126,324","-1.0,-1.0,-1.0,-1.0,-1.0","-1.0,-1.0,-1.0,-1.0,-1.0","-1,-1,-1,-1,-1","0.02,0.02,0.02,0.02,-1.00","3590,6095,3004,6538,-99","0.00,0.00,0.00,0.00,-1.00","38922706,38951357,38979303,39008461,39034481","-1.0,-1.0,-1.0,-1.0,-1.0","0,0,0,0,0","0,0,0,0,0","-1,-1,-1,-1,-1","0.00,0.00,0.00,0.07,0.13","-111.00,-111.00,-111.00,-111.00,-111.00","-111.00,-111.00,-111.00,-111.00,-111.00","119,-99,118,120,120","22,-99,19,22,24","20,20,20,20,20","{-108,-121,-121,-256},{-107,-122,-122,-256},{-111,-125,-125,-123}","{5.60,36.80,-20.00,-20.00},{31.20,12.50,-20.00,-20.00},{-20.00,35.20,-6.20,-5.60}",0,{158},4
2025-11-07 00:07:52.472,0,0,0,0,0,"9,9,9,9,9","9,9,9,9,9","4,5,8,12,7","8,9,8,9,7","12,12,8,11,7","5,6,4,5,6","3,3,4,3,4","1,5,6,3,6","0.13,0.10,0.17,0.39,0.00","0.06,0.03,0.05,0.06,0.03","-99.0,19.0,21.0,22.0,23.0","-99.0,0.0,0.0,0.0,0.0","-1.0,-1.0,-1.0,-1.0,-1.0","60,1073,126,324,103","-1.0,-1.0,-1.0,-1.0,-1.0","-1.0,-1.0,-1.0,-1.0,-1.0","-1,-1,-1,-1,-1","0.02,0.02,0.02,-1.00,0.02","6095,3004,6538,-99,6884","0.00,0.00,0.00,-1.00,0.00","38951357,38979303,39008461,39034481,39063383","-1.0,-1.0,-1.0,-1.0,-1.0","0,0,0,0,0","0,0,0,0,0","-1,-1,-1,-1,-1","0.00,0.00,0.07,0.13,0.00","-111.00,-111.00,-111.00,-111.00,-111.00","-111.00,-111.00,-111.00,-111.00,-111.00","-99,118,120,120,122","-99,19,22,24,26","20,20,20,20,20","{-106,-122,-122,-122},{-108,-126,-126,-122},{-107,-121,-121,-122}","{5.60,-11.80,4.20,2.40},{56.80,61.50,-2.50,-3.50},{31.20,-14.60,-2.50,-1.20}",0,{158},4
2025-11-07 00:07:53.932,0,0,0,0,0,"9,9,9,9,9","9,9,9,9,9","4,9,8,11,7","9,11,8,8,7","10,8,7,4,10","5,4,5,6,6","3,5,4,3,4","2,6,4,6,6","0.03,0.05,0.03,0.06,0.16","0.00,0.09,0.03,0.03,0.13","20.0,21.0,23.0,24.0,22.0","0.0,0.0,0.0,0.0,0.0","-1.0,-1.0,-1.0,-1.0,-1.0","69,143,72,152,152","-1.0,-1.0,-1.0,-1.0,-1.0","-1.0,-1.0,-1.0,-1.0,-1.0","-1,-1,-1,-1,-1","0.02,-1.00,0.02,0.02,-1.00","2309,-99,4107,4344,-99","0.00,-1.00,0.00,0.00,-1.00","38965507,38992975,39022221,39048166,39076822","-1.0,-1.0,-1.0,-1.0,-1.0","0,0,0,0,0","0,0,0,0,0","-1,-1,-1,-1,-1","0.00,0.00,0.00,0.00,0.00","-111.00,-111.00,-111.00,-111.00,-111.00","-111.00,-111.00,-111.00,-111.00,-111.00","118,119,121,124,120","20,22,24,29,23","20,20,20,20,20","{-106,-118,-118,-122},{-108,-120,-120,-120},{-109,-124,-124,-124}","{31.20,63.70,-1.70,2.30},{31.20,36.60,-0.60,-0.60},{-20.00,36.80,-4.40,-2.10}",0,{158},4
2025-11-07 00:07:55.190,0,0,0,0,0,"9,9,9,9,9","9,9,9,9,9","9,8,11,7,8","11,8,8,7,8","8,7,4,10,7","4,5,6,6,5","5,4,3,4,4","6,4,6,6,6","0.05,0.03,0.06,0.16,0.10","0.09,0.03,0.03,0.13,0.05","21.0,23.0,24.0,22.0,23.0","0.0,0.0,0.0,0.0,0.0","-1.0,-1.0,-1.0,-1.0,-1.0","143,72,152,152,147","-1.0,-1.0,-1.0,-1.0,-1.0","-1.0,-1.0,-1.0,-1.0,-1.0","-1,-1,-1,-1,-1","-1.00,0.02,0.02,-1.00,0.02","-99,4107,4344,-99,7275","-1.00,0.00,0.00,-1.00,0.00","38992975,39022221,39048166,39076822,48882131","-1.0,-1.0,-1.0,-1.0,-1.0","0,0,0,0,0","0,0,0,0,0","-1,-1,-1,-1,-1","0.00,0.00,0.00,0.00,0.00","-111.00,-111.00,-111.00,-111.00,-111.00","-111.00,-111.00,-111.00,-111.00,-111.00","119,121,124,120,121","22,24,29,23,24","20,20,20,20,20","{-107,-122,-122,-256},{-109,-120,-120,-122},{-107,-120,-120,-122}","{31.20,12.50,-20.00,-20.00},{56.80,39.10,1.70,1.10},{5.60,10.50,-3.30,-2.40}",0,{158},4
2025-11-07 00:07:56.683,0,0,0,0,0,"9,9,9,9,9","9,9,9,9,9","8,12,7,7,7","8,9,7,8,7","8,11,7,10,8","4,5,6,5,5","4,3,4,3,3","6,3,6,7,4","0.17,0.39,0.00,0.14,0.03","0.05,0.06,0.03,0.05,0.06","21.0,22.0,23.0,23.0,22.0","0.0,0.0,0.0,0.0,0.0","-1.0,-1.0,-1.0,-1.0,-1.0","126,324,103,121,126","-1.0,-1.0,-1.0,-1.0,-1.0","-1.0,-1.0,-1.0,-1.0,-1.0","-1,-1,-1,-1,-1","0.02,-1.00,0.02,0.02,0.02","6538,-99,6884,6301,6359","0.00,-1.00,0.00,0.00,0.00","39008461,39034481,39063383,39090101,29339479","-1.0,-1.0,-1.0,-1.0,-1.0","0,0,0,0,0","0,0,0,0,0","-1,-1,-1,-1,-1","0.07,0.13,0.00,0.00,0.00","-111.00,-111.00,-111.00,-111.00,-111.00","-111.00,-111.00,-111.00,-111.00,-111.00","120,120,122,121,120","22,24,26,24,24","20,20,20,20,20","{-107,-119,-119,-121},{-107,-121,-121,-122},{-108,-120,-120,-256}","{56.80,36.80,0.10,0.10},{31.20,-14.60,-2.50,-1.20},{31.20,-13.10,-20.00,-20.00}",0,{158},4
2025-11-07 00:07:57.951,0,0,0,0,0,"9,9,9,9,9","9,9,9,9,9","8,11,7,8,6","8,8,7,8,8","7,4,10,7,7","5,6,6,5,5","4,3,4,4,3","4,6,6,6,6","0.03,0.06,0.16,0.10,0.02","0.03,0.03,0.13,0.05,0.00","23.0,24.0,22.0,23.0,23.0","0.0,0.0,0.0,0.0,0.0","-1.0,-1.0,-1.0,-1.0,-1.0","72,152,152,147,74","-1.0,-1.0,-1.0,-1.0,-1.0","-1.0,-1.0,-1.0,-1.0,-1.0","-1,-1,-1,-1,-1","0.02,0.02,-1.00,0.02,-1.00","4107,4344,-99,7275,-99","0.00,0.00,-1.00,0.00,-1.00","39022221,39048166,39076822,48882131,39131036","-1.0,-1.0,-1.0,-1.0,-1.0","0,0,0,0,0","0,0,0,0,0","-1,-1,-1,-1,-1","0.00,0.00,0.00,0.00,0.00","-111.00,-111.00,-111.00,-111.00,-111.00","-111.00,-111.00,-111.00,-111.00,-111.00","121,124,120,121,120","24,29,23,24,23","20,20,20,20,20","{-108,-126,-126,-122},{-109,-124,-124,-124},{-111,-121,-121,-120}","{56.80,61.50,-2.50,-3.50},{-20.00,36.80,-4.40,-2.10},{5.60,10.50,-2.20,1.40}",0,{158},4
2025-11-07 00:07:59.221,0,0,0,0,0,"9,9,9,9,9","9,9,9,9,9","11,7,8,6,7","8,7,8,8,8","4,10,7,7,4","6,6,5,5,4","3,4,4,3,4","6,6,6,6,3","0.06,0.16,0.10,0.02,0.05","0.03,0.13,0.05,0.00,0.02","24.0,22.0,23.0,23.0,23.0","0.0,0.0,0.0,0.0,0.0","-1.0,-1.0,-1.0,-1.0,-1.0","152,152,147,74,72","-1.0,-1.0,-1.0,-1.0,-1.0","-1.0,-1.0,-1.0,-1.0,-1.0","-1,-1,-1,-1,-1","0.02,-1.00,0.02,-1.00,0.02","4344,-99,7275,-99,3166","0.00,-1.00,0.00,-1.00,0.00","39048166,39076822,48882131,39131036,39157413","-1.0,-1.0,-1.0,-1.0,-1.0","0,0,0,0,0","0,0,0,0,0","-1,-1,-1,-1,-1","0.00,0.00,0.00,0.00,0.00","-111.00,-111.00,-111.00,-111.00,-111.00","-111.00,-111.00,-111.00,-111.00,-111.00","124,120,121,120,123","29,23,24,23,25","20,20,20,20,20","{-111,-125,-125,-123},{-107,-120,-120,-122},{-107,-121,-121,-256}","{-20.00,35.20,-6.20,-5.60},{5.60,10.50,-3.30,-2.40},{5.60,13.20,-20.00,-20.00}",0,{158},4
2025-11-07 00:08:00.448,0,0,0,0,0,"9,9,9,9,9","9,9,9,9,9","7,7,7,6,5","7,8,7,9,8","7,10,8,7,8","6,5,5,5,5","4,3,3,3,3","6,7,4,3,3","0.00,0.14,0.03,0.03,0.03","0.03,0.05,0.06,0.06,0.04","23.0,23.0,22.0,22.0,22.0","0.0,0.0,0.0,0.0,0.0","-1.0,-1.0,-1.0,-1.0,-1.0","103,121,126,62,75","-1.0,-1.0,-1.0,-1.0,-1.0","-1.0,-1.0,-1.0,-1.0,-1.0","-1,-1,-1,-1,-1","0.02,0.02,0.02,0.02,-1.00","6884,6301,6359,4143,-99","0.00,0.00,0.00,0.00,-1.00","39063383,39090101,29339479,39144154,39171291","-1.0,-1.0,-1.0,-1.0,-1.0","0,0,0,0,0","0,0,0,0,0","-1,-1,-1,-1,-1","0.00,0.00,0.00,0.00,0.00","-111.00,-111.00,-111.00,-111.00,-111.00","-111.00,-111.00,-111.00,-111.00,-111.00","122,121,120,121,121","26,24,24,23,24","20,20,20,20,20","{-109,-120,-120,-122},{-108,-120,-120,-256},{-108,-123,-123,-123}","{56.80,39.10,1.70,1.10},{31.20,-13.10,-20.00,-20.00},{56.80,12.60,2.10,1.90}",0,{158},4
2025-11-07 00:08:01.870,0,0,0,0,0,"9,9,9,9,9","9,9,9,9,9","7,8,6,7,6","7,8,8,8,7","10,7,7,4,11","6,5,5,4,5","4,4,3,4,4","6,6,6,3,7","0.16,0.10,0.02,0.05,0.10","0.13,0.05,0.00,0.02,0.15","22.0,23.0,23.0,23.0,23.0","0.0,0.0,0.0,0.0,0.0","-1.0,-1.0,-1.0,-1.0,-1.0","152,147,74,72,71","-1.0,-1.0,-1.0,-1.0,-1.0","-1.0,-1.0,-1.0,-1.0,-1.0","-1,-1,-1,-1,-1","-1.00,0.02,-1.00,0.02,0.02","-99,7275,-99,3166,4469","-1.00,0.00,-1.00,0.00,0.00","39076822,48882131,39131036,39157413,39184800","-1.0,-1.0,-1.0,-1.0,-1.0","0,0,0,0,0","0,0,0,0,0","-1,-1,-1,-1,-1","0.00,0.00,0.00,0.00,0.02","-111.00,-111.00,-111.00,-111.00,-111.00","-111.00,-111.00,-111.00,-111.00,-111.00","120,121,120,123,120","23,24,23,25,23","20,20,20,20,20","{-107,-121,-121,-122},{-111,-121,-121,-120},{-108,-120,-120,-123}","{31.20,-14.60,-2.50,-1.20},{5.60,10.50,-2.20,1.40},{5.60,64.40,1.30,1.30}",0,{158},4
2025-11-07 00:08:03.199,0,0,0,0,0,"9,9,9,9,9","9,9,9,9,9","8,6,7,6,4","8,8,8,7,7","7,7,4,11,9","5,5,4,5,5","4,3,4,4,3","6,6,3,7,4","0.10,0.02,0.05,0.10,0.00","0.05,0.00,0.02,0.15,0.00","23.0,23.0,23.0,23.0,21.0","0.0,0.0,0.0,0.0,0.0","-1.0,-1.0,-1.0,-1.0,-1.0","147,74,72,71,53","-1.0,-1.0,-1.0,-1.0,-1.0","-1.0,-1.0,-1.0,-1.0,-1.0","-1,-1,-1,-1,-1","0.02,-1.00,0.02,0.02,-1.00","7275,-99,3166,4469,-99","0.00,-1.00,0.00,0.00,-1.00","48882131,39131036,39157413,39184800,49017487","-1.0,-1.0,-1.0,-1.0,-1.0","0,0,0,0,0","0,0,0,0,0","-1,-1,-1,-1,-1","0.00,0.00,0.00,0.02,0.00","-111.00,-111.00,-111.00,-111.00,-111.00","-111.00,-111.00,-111.00,-111.00,-111.00","121,120,123,120,120","24,23,25,23,22","20,20,20,20,20","{-109,-121,-121,-122},{-107,-121,-121,-256},{-108,-119,-119,-120}","{-20.00,12.80,0.40,2.70},{5.60,13.20,-20.00,-20.00},{56.80,64.20,1.10,4.00}",0,{158},4
2025-11-07 00:08:04.504,0,0,0,0,0,"9,9,9,9,9","9,9,9,9,9","7,6,5,6,6","7,9,8,8,6","8,7,8,9,10","5,5,5,5,7","3,3,3,5,4","4,3,3,4,6","0.03,0.03,0.03,0.03,0.11","0.06,0.06,0.04,0.02,0.13","22.0,22.0,22.0,22.0,22.0","0.0,0.0,0.0,0.0,0.0","-1.0,-1.0,-1.0,-1.0,-1.0","126,62,75,99,133","-1.0,-1.0,-1.0,-1.0,-1.0","-1.0,-1.0,-1.0,-1.0,-1.0","-1,-1,-1,-1,-1","0.02,0.02,-1.00,0.02,0.02","6359,4143,-99,5356,3971","0.00,0.00,-1.00,0.00,0.00","29339479,39144154,39171291,39200159,39229897","-1.0,-1.0,-1.0,-1.0,-1.0","0,0,0,0,0","0,0,0,0,0","-1,-1,-1,-1,-1","0.00,0.00,0.00,0.00,0.02","-111.00,-111.00,-111.00,-111.00,-111.00","-111.00,-111.00,-111.00,-111.00,-111.00","120,121,121,120,120","24,23,24,23,22","20,20,20,20,20","{-107,-120,-120,-122},{-108,-123,-123,-123},{-108,-122,-122,-121}","{5.60,10.50,-3.30,-2.40},{56.80,12.60,2.10,1.90},{56.80,37.40,-0.70,0.50}",0,{158},4
2025-11-07 00:08:05.675,0,0,0,0,0,"9,9,9,9,9","9,9,9,9,9","6,7,6,4,7","8,8,7,7,7","7,4,11,9,8","5,4,5,5,4","3,4,4,3,3","6,3,7,4,5","0.02,0.05,0.10,0.00,0.12","0.00,0.02,0.15,0.00,0.05","23.0,23.0,23.0,21.0,22.0","0.0,0.0,0.0,0.0,0.0","-1.0,-1.0,-1.0,-1.0,-1.0","74,72,71,53,116","-1.0,-1.0,-1.0,-1.0,-1.0","-1.0,-1.0,-1.0,-1.0,-1.0","-1,-1,-1,-1,-1","-1.00,0.02,0.02,-1.00,0.02","-99,3166,4469,-99,6703","-1.00,0.00,0.00,-1.00,0.00","39131036,39157413,39184800,49017487,29432159","-1.0,-1.0,-1.0,-1.0,-1.0","0,0,0,0,0","0,0,0,0,0","-1,-1,-1,-1,-1","0.00,0.00,0.02,0.00,0.00","-111.00,-111.00,-111.00,-111.00,-111.00","-111.00,-111.00,-111.00,-111.00,-111.00","120,123,120,120,120","23,25,23,22,23","20,20,20,20,20","{-108,-120,-120,-256},{-108,-120,-120,-123},{-109,-119,-119,-123}","{31.20,-13.10,-20.00,-20.00},{5.60,64.40,1.30,1.30},{5.60,61.80,1.10,-0.30}",0,{158},4
2025-11-07 00:08:06.778,0,0,0,0,0,"9,9,9,9,9","9,9,9,9,9","6,5,6,6,6","9,8,8,6,9","7,8,9,10,9","5,5,5,7,5","3,3,5,4,4","3,3,4,6,5","0.03,0.03,0.03,0.11,0.04","0.06,0.04,0.02,0.13,0.00","22.0,22.0,22.0,22.0,23.0","0.0,0.0,0.0,0.0,0.0","-1.0,-1.0,-1.0,-1.0,-1.0","62,75,99,133,94","-1.0,-1.0,-1.0,-1.0,-1.0","-1.0,-1.0,-1.0,-1.0,-1.0","-1,-1,-1,-1,-1","0.02,-1.00,0.02,0.02,-1.00","4143,-99,5356,3971,-99","0.00,-1.00,0.00,0.00,-1.00","39144154,39171291,39200159,39229897,39255905","-1.0,-1.0,-1.0,-1.0,-1.0","0,0,0,0,0","0,0,0,0,0","-1,-1,-1,-1,-1","0.00,0.00,0.00,0.02,0.00","-111.00,-111.00,-111.00,-111.00,-111.00","-111.00,-111.00,-111.00,-111.00,-111.00","121,121,120,120,121","23,24,23,22,23","20,20,20,20,20","{-111,-121,-121,-120},{-107,-119,-119,-123},{-109,-118,-118,-122}","{5.60,10.50,-2.20,1.40},{31.20,36.90,1.40,-0.70},{-20.00,36.80,0.30,0.00}",0,{158},4
2025-11-07 00:08:07.864,0,0,0,0,0,"9,9,9,9,9","9,9,9,9,9","7,6,4,7,7","8,7,7,7,8","4,11,9,8,7","4,5,5,4,5","4,4,3,3,5","3,7,4,5,5","0.05,0.10,0.00,0.12,0.11","0.02,0.15,0.00,0.05,0.00","23.0,23.0,21.0,22.0,22.0","0.0,0.0,0.0,0.0,0.0","-1.0,-1.0,-1.0,-1.0,-1.0","72,71,53,116,2063","-1.0,-1.0,-1.0,-1.0,-1.0","-1.0,-1.0,-1.0,-1.0,-1.0","-1,-1,-1,-1,-1","0.02,0.02,-1.00,0.02,0.02","3166,4469,-99,6703,4419","0.00,0.00,-1.00,0.00,0.00","39157413,39184800,49017487,29432159,39271607","-1.0,-1.0,-1.0,-1.0,-1.0","0,0,0,0,0","0,0,0,0,0","-1,-1,-1,-1,-1","0.00,0.02,0.00,0.00,0.00","-111.00,-111.00,-111.00,-111.00,-111.00","-111.00,-111.00,-111.00,-111.00,-111.00","123,120,120,120,121","25,23,22,23,23","20,20,20,20,20","{-111,-120,-120,-256},{-108,-119,-119,-120},{-108,-122,-122,-123}","{-20.00,-14.60,-20.00,-20.00},{56.80,64.20,1.10,4.00},{-20.00,62.20,0.10,-2.70}",0,{158},4
2025-11-07 00:08:08.924,0,0,0,0,0,"9,9,9,9,9","9,9,9,9,9","5,6,6,6,7","8,8,6,9,8","8,9,10,9,8","5,5,7,5,6","3,5,4,4,3","3,4,6,5,4","0.03,0.03,0.11,0.04,0.00","0.04,0.02,0.13,0.00,0.06","22.0,22.0,22.0,23.0,22.0","0.0,0.0,0.0,0.0,0.0","-1.0,-1.0,-1.0,-1.0,-1.0","75,99,133,94,107","-1.0,-1.0,-1.0,-1.0,-1.0","-1.0,-1.0,-1.0,-1.0,-1.0","-1,-1,-1,-1,-1","-1.00,0.02,0.02,-1.00,0.02","-99,5356,3971,-99,5436","-1.00,0.00,0.00,-1.00,0.00","39171291,39200159,39229897,39255905,39285522","-1.0,-1.0,-1.0,-1.0,-1.0","0,0,0,0,0","0,0,0,0,0","-1,-1,-1,-1,-1","0.00,0.00,0.02,0.00,0.00","-111.00,-111.00,-111.00,-111.00,-111.00","-111.00,-111.00,-111.00,-111.00,-111.00","121,120,120,121,121","24,23,22,23,23","20,20,20,20,20","{-107,-121,-121,-256},{-108,-122,-122,-121},{-108,-121,-121,-122}","{5.60,13.20,-20.00,-20.00},{56.80,37.40,-0.70,0.50},{56.80,-14.40,-0.20,1.00}",0,{158},4
2025-11-07 00:08:09.995,0,0,0,0,0,"9,9,9,9,9","9,9,9,9,9","6,4,7,7,5","7,7,7,8,8","11,9,8,7,9","5,5,4,5,4","4,3,3,5,3","7,4,5,5,5","0.10,0.00,0.12,0.11,0.00","0.15,0.00,0.05,0.00,0.00","23.0,21.0,22.0,22.0,22.0","0.0,0.0,0.0,0.0,0.0","-1.0,-1.0,-1.0,-1.0,-1.0","71,53,116,2063,72","-1.0,-1.0,-1.0,-1.0,-1.0","-1.0,-1.0,-1.0,-1.0,-1.0","-1,-1,-1,-1,-1","0.02,-1.00,0.02,0.02,0.02","4469,-99,6703,4419,5115","0.00,-1.00,0.00,0.00,0.00","39184800,49017487,29432159,39271607,39299180","-1.0,-1.0,-1.0,-1.0,-1.0","0,0,0,0,0","0,0,0,0,0","-1,-1,-1,-1,-1","0.02,0.00,0.00,0.00,0.00","-111.00,-111.00,-111.00,-111.00,-111.00","-111.00,-111.00,-111.00,-111.00,-111.00","120,120,120,121,120","23,22,23,23,23","20,20,20,20,20","{-108,-123,-123,-123},{-109,-119,-119,-123},{-107,-119,-119,-256}","{56.80,12.60,2.10,1.90},{5.60,61.80,1.10,-0.30},{-20.00,64.40,-20.00,-20.00}",0,{158},4
2025-11-07 00:08:11.069,0,0,0,0,0,"9,9,9,9,9","9,9,9,9,9","6,6,6,7,5","8,6,9,8,7","9,10,9,8,12","5,7,5,6,6","5,4,4,3,5","4,6,5,4,6","0.03,0.11,0.04,0.00,0.04","0.02,0.13,0.00,0.06,0.00","22.0,22.0,23.0,22.0,22.0","0.0,0.0,0.0,0.0,0.0","-1.0,-1.0,-1.0,-1.0,-1.0","99,133,94,107,1097","-1.0,-1.0,-1.0,-1.0,-1.0","-1.0,-1.0,-1.0,-1.0,-1.0","-1,-1,-1,-1,-1","0.02,0.02,-1.00,0.02,-1.00","5356,3971,-99,5436,-99","0.00,0.00,-1.00,0.00,-1.00","39200159,39229897,39255905,39285522,39313225","-1.0,-1.0,-1.0,-1.0,-1.0","0,0,0,0,0","0,0,0,0,0","-1,-1,-1,-1,-1","0.00,0.02,0.00,0.00,0.05","-111.00,-111.00,-111.00,-111.00,-111.00","-111.00,-111.00,-111.00,-111.00,-111.00","120,120,121,121,120","23,22,23,23,23","20,20,20,20,20","{-108,-120,-120,-123},{-109,-118,-118,-122},{-108,-120,-120,-123}","{5.60,64.40,1.30,1.30},{-20.00,36.80,0.30,0.00},{56.80,63.40,-2.40,0.50}",0,{158},4
2025-11-07 00:08:12.235,0,0,0,0,0,"9,9,9,9,9","9,9,9,9,9","6,6,7,5,5","6,9,8,7,7","10,9,8,12,12","7,5,6,6,7","4,4,3,5,4","6,5,4,6,8","0.11,0.04,0.00,0.04,0.04","0.13,0.00,0.06,0.00,0.00","22.0,23.0,22.0,22.0,23.0","0.0,0.0,0.0,0.0,0.0","-1.0,-1.0,-1.0,-1.0,-1.0","133,94,107,1097,93","-1.0,-1.0,-1.0,-1.0,-1.0","-1.0,-1.0,-1.0,-1.0,-1.0","-1,-1,-1,-1,-1","0.02,-1.00,0.02,-1.00,0.02","3971,-99,5436,-99,6604","0.00,-1.00,0.00,-1.00,0.00","39229897,39255905,39285522,39313225,49181652","-1.0,-1.0,-1.0,-1.0,-1.0","0,0,0,0,0","0,0,0,0,0","-1,-1,-1,-1,-1","0.02,0.00,0.00,0.05,0.06","-111.00,-111.00,-111.00,-111.00,-111.00","-111.00,-111.00,-111.00,-111.00,-111.00","120,121,121,120,120","22,23,23,23,23","20,20,20,20,20","{-108,-119,-119,-120},{-108,-121,-121,-122},{-107,-123,-123,-124}","{56.80,64.20,1.10,4.00},{56.80,-14.40,-0.20,1.00},{56.80,64.70,0.70,0.00}",0,{158},4
2025-11-07 00:08:13.433,0,0,0,0,0,"9,9,9,9,9","9,9,9,9,9","7,7,5,5,4","7,8,8,6,8","8,7,9,11,13","4,5,4,7,6","3,5,3,3,5","5,5,5,8,6","0.12,0.11,0.00,0.08,0.03","0.05,0.00,0.00,0.12,0.12","22.0,22.0,22.0,22.0,22.0","0.0,0.0,0.0,0.0,0.0","-1.0,-1.0,-1.0,-1.0,-1.0","116,2063,72,75,97","-1.0,-1.0,-1.0,-1.0,-1.0","-1.0,-1.0,-1.0,-1.0,-1.0","-1,-1,-1,-1,-1","0.02,0.02,0.02,0.02,-1.00","6703,4419,5115,7256,-99","0.00,0.00,0.00,0.00,-1.00","29432159,39271607,39299180,39327859,29521786","-1.0,-1.0,-1.0,-1.0,-1.0","0,0,0,0,0","0,0,0,0,0","-1,-1,-1,-1,-1","0.00,0.00,0.00,0.00,0.00","-111.00,-111.00,-111.00,-111.00,-111.00","-111.00,-111.00,-111.00,-111.00,-111.00","120,121,120,120,120","23,23,23,23,23","20,20,20,20,20","{-108,-122,-122,-121},{-107,-119,-119,-256},{-107,-122,-122,-125}","{56.80,37.40,-0.70,0.50},{-20.00,64.40,-20.00,-20.00},{-20.00,62.80,-3.40,-3.70}",0,{158},4
2025-11-07 00:08:14.673,0,0,0,0,0,"9,9,9,9,9","9,9,9,9,9","6,7,5,5,4","9,8,7,7,8","9,8,12,12,15","5,6,6,7,4","4,3,5,4,3","5,4,6,8,4","0.04,0.00,0.04,0.04,0.14","0.00,0.06,0.00,0.00,0.08","23.0,22.0,22.0,23.0,21.0","0.0,0.0,0.0,0.0,0.0","-1.0,-1.0,-1.0,-1.0,-1.0","94,107,1097,93,100","-1.0,-1.0,-1.0,-1.0,-1.0","-1.0,-1.0,-1.0,-1.0,-1.0","-1,-1,-1,-1,-1","-1.00,0.02,-1.00,0.02,0.02","-99,5436,-99,6604,6367","-1.00,0.00,-1.00,0.00,0.00","39255905,39285522,39313225,49181652,39374582","-1.0,-1.0,-1.0,-1.0,-1.0","0,0,0,0,0","0,0,0,0,0","-1,-1,-1,-1,-1","0.00,0.00,0.05,0.06,0.00","-111.00,-111.00,-111.00,-111.00,-111.00","-111.00,-111.00,-111.00,-111.00,-111.00","121,121,120,120,120","23,23,23,23,22","20,20,20,20,20","{-109,-119,-119,-123},{-108,-120,-120,-123},{-107,-123,-123,-126}","{5.60,61.80,1.10,-0.30},{56.80,63.40,-2.40,0.50},{31.20,-14.70,-2.10,-3.00}",0,{158},4
2025-11-07 00:08:15.902,0,0,0,0,0,"9,9,9,9,9","9,9,9,9,9","7,5,5,4,5","8,8,6,8,9","7,9,11,13,13","5,4,7,6,5","5,3,3,5,3","5,5,8,6,6","0.11,0.00,0.08,0.03,0.06","0.00,0.00,0.12,0.12,0.06","22.0,22.0,22.0,22.0,22.0","0.0,0.0,0.0,0.0,0.0","-1.0,-1.0,-1.0,-1.0,-1.0","2063,72,75,97,93","-1.0,-1.0,-1.0,-1.0,-1.0","-1.0,-1.0,-1.0,-1.0,-1.0","-1,-1,-1,-1,-1","0.02,0.02,0.02,-1.00,0.02","4419,5115,7256,-99,6366","0.00,0.00,0.00,-1.00,0.00","39271607,39299180,39327859,29521786,39387972","-1.0,-1.0,-1.0,-1.0,-1.0","0,0,0,0,0","0,0,0,0,0","-1,-1,-1,-1,-1","0.00,0.00,0.00,0.00,0.00","-111.00,-111.00,-111.00,-111.00,-111.00","-111.00,-111.00,-111.00,-111.00,-111.00","121,120,120,120,120","23,23,23,23,22","20,20,20,20,20","{-109,-118,-118,-122},{-108,-123,-123,-124},{-107,-123,-123,-256}","{-20.00,36.80,0.30,0.00},{31.20,36.40,-1.60,-0.30},{31.20,11.80,-20.00,-20.00}",0,{158},4
2025-11-07 00:08:17.174,0,0,0,0,0,"9,9,9,9,9","9,9,9,9,9","5,5,4,5,5","8,6,8,9,11","9,11,13,13,12","4,7,6,5,3","3,3,5,3,3","5,8,6,6,4","0.00,0.08,0.03,0.06,0.07","0.00,0.12,0.12,0.06,0.00","22.0,22.0,22.0,22.0,22.0","0.0,0.0,0.0,0.0,0.0","-1.0,-1.0,-1.0,-1.0,-1.0","72,75,97,93,85","-1.0,-1.0,-1.0,-1.0,-1.0","-1.0,-1.0,-1.0,-1.0,-1.0","-1,-1,-1,-1,-1","0.02,0.02,-1.00,0.02,0.02","5115,7256,-99,6366,3776","0.00,0.00,-1.00,0.00,0.00","39299180,39327859,29521786,39387972,39416081","-1.0,-1.0,-1.0,-1.0,-1.0","0,0,0,0,0","0,0,0,0,0","-1,-1,-1,-1,-1","0.00,0.00,0.00,0.00,0.00","-111.00,-111.00,-111.00,-111.00,-111.00","-111.00,-111.00,-111.00,-111.00,-111.00","120,120,120,120,119","23,23,23,22,22","20,20,20,20,20","{-108,-121,-121,-122},{-107,-122,-122,-125},{-107,-122,-122,-124}","{56.80,-14.40,-0.20,1.00},{-20.00,62.80,-3.40,-3.70},{5.60,37.00,-1.00,-1.50}",0,{158},4
2025-11-07 00:08:18.553,0,0,0,0,0,"9,9,9,9,9","9,9,9,9,9","5,5,4,4,4","7,7,8,11,9","12,12,15,16,13","6,7,4,4,4","5,4,3,5,3","6,8,4,5,2","0.04,0.04,0.14,0.24,0.03","0.00,0.00,0.08,0.08,0.00","22.0,23.0,21.0,21.0,21.0","0.0,0.0,0.0,0.0,0.0","-1.0,-1.0,-1.0,-1.0,-1.0","1097,93,100,55,1721","-1.0,-1.0,-1.0,-1.0,-1.0","-1.0,-1.0,-1.0,-1.0,-1.0","-1,-1,-1,-1,-1","-1.00,0.02,0.02,-1.00,0.02","-99,6604,6367,-99,3309","-1.00,0.00,0.00,-1.00,0.00","39313225,49181652,39374582,39402060,39429102","-1.0,-1.0,-1.0,-1.0,-1.0","0,0,0,0,0","0,0,0,0,0","-1,-1,-1,-1,-1","0.05,0.06,0.00,0.00,0.00","-111.00,-111.00,-111.00,-111.00,-111.00","-111.00,-111.00,-111.00,-111.00,-111.00","120,120,120,119,120","23,23,22,22,22","20,20,20,20,20","{-107,-119,-119,-256},{-107,-123,-123,-126},{-107,-122,-122,-125}","{-20.00,64.40,-20.00,-20.00},{31.20,-14.70,-2.10,-3.00},{5.60,-14.80,-2.70,-2.90}",0,{158},4
2025-11-07 00:08:19.833,0,0,0,0,0,"9,9,9,9,9","9,9,9,9,9","5,4,5,5,4","6,8,9,11,9","11,13,13,12,15","7,6,5,3,6","3,5,3,3,4","8,6,6,4,4","0.08,0.03,0.06,0.07,0.14","0.12,0.12,0.06,0.00,0.00","22.0,22.0,22.0,22.0,-99.0","0.0,0.0,0.0,0.0,-99.0","-1.0,-1.0,-1.0,-1.0,-1.0","75,97,93,85,115","-1.0,-1.0,-1.0,-1.0,-1.0","-1.0,-1.0,-1.0,-1.0,-1.0","-1,-1,-1,-1,-1","0.02,-1.00,0.02,0.02,-1.00","7256,-99,6366,3776,-99","0.00,-1.00,0.00,0.00,-1.00","39327859,29521786,39387972,39416081,49305843","-1.0,-1.0,-1.0,-1.0,-1.0","0,0,0,0,0","0,0,0,0,0","-1,-1,-1,-1,-1","0.00,0.00,0.00,0.00,0.00","-111.00,-111.00,-111.00,-111.00,-111.00","-111.00,-111.00,-111.00,-111.00,-111.00","120,120,120,119,-99","23,23,22,22,-99","20,20,20,20,20","{-108,-120,-120,-123},{-107,-123,-123,-256},{-108,-121,-121,-123}","{56.80,63.40,-2.40,0.50},{31.20,11.80,-20.00,-20.00},{56.80,62.90,-0.10,0.70}",0,{158},4
2025-11-07 00:08:20.948,0,0,0,0,0,"9,9,9,9,9","9,9,9,9,9","5,4,4,4,5","7,8,11,9,8","12,15,16,13,15","7,4,4,4,5","4,3,5,3,3","8,4,5,2,5","0.04,0.14,0.24,0.03,0.19","0.00,0.08,0.08,0.00,0.03","23.0,21.0,21.0,21.0,22.0","0.0,0.0,0.0,0.0,0.0","-1.0,-1.0,-1.0,-1.0,-1.0","93,100,55,1721,92","-1.0,-1.0,-1.0,-1.0,-1.0","-1.0,-1.0,-1.0,-1.0,-1.0","-1,-1,-1,-1,-1","0.02,0.02,-1.00,0.02,0.02","6604,6367,-99,3309,4409","0.00,0.00,-1.00,0.00,0.00","49181652,39374582,39402060,39429102,39460982","-1.0,-1.0,-1.0,-1.0,-1.0","0,0,0,0,0","0,0,0,0,0","-1,-1,-1,-1,-1","0.06,0.00,0.00,0.00,0.00","-111.00,-111.00,-111.00,-111.00,-111.00","-111.00,-111.00,-111.00,-111.00,-111.00","120,120,119,120,119","23,22,22,22,23","20,20,20,20,20","{-108,-123,-123,-124},{-108,-122,-122,-125},{-107,-122,-122,-256}","{31.20,36.40,-1.60,-0.30},{31.20,62.50,-0.10,-0.10},{56.80,63.30,-20.00,-20.00}",0,{158},4
2025-11-07 00:08:22.109,0,0,0,0,0,"9,9,9,9,9","9,9,9,9,9","4,4,4,5,4","8,11,9,8,8","15,16,13,15,13","4,4,4,5,5","3,5,3,3,4","4,5,2,5,6","0.14,0.24,0.03,0.19,0.05","0.08,0.08,0.00,0.03,0.00","21.0,21.0,21.0,22.0,21.0","0.0,0.0,0.0,0.0,0.0","-1.0,-1.0,-1.0,-1.0,-1.0","100,55,1721,92,81","-1.0,-1.0,-1.0,-1.0,-1.0","-1.0,-1.0,-1.0,-1.0,-1.0","-1,-1,-1,-1,-1","0.02,-1.00,0.02,0.02,0.02","6367,-99,3309,4409,7469","0.00,-1.00,0.00,0.00,0.00","39374582,39402060,39429102,39460982,39489504","-1.0,-1.0,-1.0,-1.0,-1.0","0,0,0,0,0","0,0,0,0,0","-1,-1,-1,-1,-1","0.00,0.00,0.00,0.00,0.00","-111.00,-111.00,-111.00,-111.00,-111.00","-111.00,-111.00,-111.00,-111.00,-111.00","120,119,120,119,119","22,22,22,23,22","20,20,20,20,20","{-107,-122,-122,-125},{-107,-122,-122,-125},{-107,-124,-124,-124}","{-20.00,62.80,-3.40,-3.70},{5.60,-14.80,-2.70,-2.90},{56.80,13.20,1.10,-0.60}",0,{158},4
2025-11-07 00:08:23.241,0,0,0,0,0,"9,9,9,9,9","9,9,9,9,9","5,5,4,6,6","9,11,9,8,8","13,12,15,15,12","5,3,6,7,5","3,3,4,4,5","6,4,4,7,7","0.06,0.07,0.14,0.18,0.08","0.06,0.00,0.00,0.14,0.06","22.0,22.0,-99.0,23.0,22.0","0.0,0.0,-99.0,0.0,0.0","-1.0,-1.0,-1.0,-1.0,-1.0","93,85,115,151,1060","-1.0,-1.0,-1.0,-1.0,-1.0","-1.0,-1.0,-1.0,-1.0,-1.0","-1,-1,-1,-1,-1","0.02,0.02,-1.00,0.02,-1.00","6366,3776,-99,5733,-99","0.00,0.00,-1.00,0.00,-1.00","39387972,39416081,49305843,29606374,39504392","-1.0,-1.0,-1.0,-1.0,-1.0","0,0,0,0,0","0,0,0,0,0","-1,-1,-1,-1,-1","0.00,0.00,0.00,0.00,0.00","-111.00,-111.00,-111.00,-111.00,-111.00","-111.00,-111.00,-111.00,-111.00,-111.00","120,119,-99,120,119","22,22,-99,23,22","20,20,20,20,20","{-107,-123,-123,-126},{-108,-121,-121,-123},{-106,-120,-120,-124}","{31.20,-14.70,-2.10,-3.00},{56.80,62.90,-0.10,0.70},{31.20,36.10,-1.90,-2.40}",0,{158},4
2025-11-07 00:08:24.393,0,0,0,0,0,"9,9,9,9,9","9,9,9,9,9","4,4,5,4,5","11,9,8,8,7","16,13,15,13,14","4,4,5,5,5","5,3,3,4,3","5,2,5,6,5","0.24,0.03,0.19,0.05,0.19","0.08,0.00,0.03,0.00,0.00","21.0,21.0,22.0,21.0,20.0","0.0,0.0,0.0,0.0,0.0","-1.0,-1.0,-1.0,-1.0,-1.0","55,1721,92,81,108","-1.0,-1.0,-1.0,-1.0,-1.0","-1.0,-1.0,-1.0,-1.0,-1.0","-1,-1,-1,-1,-1","-1.00,0.02,0.02,0.02,0.02","-99,3309,4409,7469,6591","-1.00,0.00,0.00,0.00,0.00","39402060,39429102,39460982,39489504,39518972","-1.0,-1.0,-1.0,-1.0,-1.0","0,0,0,0,0","0,0,0,0,0","-1,-1,-1,-1,-1","0.00,0.00,0.00,0.00,0.00","-111.00,-111.00,-111.00,-111.00,-111.00","-111.00,-111.00,-111.00,-111.00,-111.00","119,120,119,119,119","22,22,23,22,21","20,20,20,20,20","{-107,-123,-123,-256},{-107,-122,-122,-256},{-107,-118,-118,-124}","{31.20,11.80,-20.00,-20.00},{56.80,63.30,-20.00,-20.00},{31.20,11.00,0.10,-0.60}",0,{158},4
2025-11-07 00:08:25.621,0,0,0,0,0,"9,9,9,9,9","9,9,9,9,9","5,4,6,6,5","11,9,8,8,7","12,15,15,12,12","3,6,7,5,7","3,4,4,5,3","4,4,7,7,4","0.07,0.14,0.18,0.08,0.10","0.00,0.00,0.14,0.06,0.03","22.0,-99.0,23.0,22.0,21.0","0.0,-99.0,0.0,0.0,0.0","-1.0,-1.0,-1.0,-1.0,-1.0","85,115,151,1060,90","-1.0,-1.0,-1.0,-1.0,-1.0","-1.0,-1.0,-1.0,-1.0,-1.0","-1,-1,-1,-1,-1","0.02,-1.00,0.02,-1.00,0.02","3776,-99,5733,-99,4916","0.00,-1.00,0.00,-1.00,0.00","39416081,49305843,29606374,39504392,39533302","-1.0,-1.0,-1.0,-1.0,-1.0","0,0,0,0,0","0,0,0,0,0","-1,-1,-1,-1,-1","0.00,0.00,0.00,0.00,0.00","-111.00,-111.00,-111.00,-111.00,-111.00","-111.00,-111.00,-111.00,-111.00,-111.00","119,-99,120,119,119","22,-99,23,22,21","20,20,20,20,20","{-108,-122,-122,-125},{-106,-121,-121,-125},{-106,-118,-118,-256}","{31.20,62.50,-0.10,-0.10},{56.80,-14.80,-2.50,-2.60},{56.80,38.70,-20.00,-20.00}",0,{158},4
2025-11-07 00:08:26.807,0,0,0,0,0,"9,9,9,9,9","9,9,9,9,9","4,5,4,5,6","9,8,8,7,6","13,15,13,14,14","4,5,5,5,7","3,3,4,3,5","2,5,6,5,7","0.03,0.19,0.05,0.19,0.17","0.00,0.03,0.00,0.00,0.06","21.0,22.0,21.0,20.0,21.0","0.0,0.0,0.0,0.0,0.0","-1.0,-1.0,-1.0,-1.0,-1.0","1721,92,81,108,3109","-1.0,-1.0,-1.0,-1.0,-1.0","-1.0,-1.0,-1.0,-1.0,-1.0","-1,-1,-1,-1,-1","0.02,0.02,0.02,0.02,-1.00","3309,4409,7469,6591,-99","0.00,0.00,0.00,0.00,-1.00","39429102,39460982,39489504,39518972,39548506","-1.0,-1.0,-1.0,-1.0,-1.0","0,0,0,0,0","0,0,0,0,0","-1,-1,-1,-1,-1","0.00,0.00,0.00,0.00,0.00","-111.00,-111.00,-111.00,-111.00,-111.00","-111.00,-111.00,-111.00,-111.00,-111.00","120,119,119,119,118","22,23,22,21,21","20,20,20,20,20","{-107,-122,-122,-124},{-107,-124,-124,-124},{-106,-120,-120,-124}","{5.60,37.00,-1.00,-1.50},{56.80,13.20,1.10,-0.60},{31.20,62.50,2.10,-0.10}",0,{158},4
2025-11-07 00:08:28.039,0,0,0,0,0,"9,9,9,9,9","9,9,9,9,9","4,6,6,5,7","9,8,8,7,9","15,15,12,12,10","6,7,5,7,9","4,4,5,3,10","4,7,7,4,5","0.14,0.18,0.08,0.10,0.07","0.00,0.14,0.06,0.03,0.10","-99.0,23.0,22.0,21.0,20.0","-99.0,0.0,0.0,0.0,0.0","-1.0,-1.0,-1.0,-1.0,-1.0","115,151,1060,90,135","-1.0,-1.0,-1.0,-1.0,-1.0","-1.0,-1.0,-1.0,-1.0,-1.0","-1,-1,-1,-1,-1","-1.00,0.02,-1.00,0.02,0.02","-99,5733,-99,4916,6468","-1.00,0.00,-1.00,0.00,0.00","49305843,29606374,39504392,39533302,39588860","-1.0,-1.0,-1.0,-1.0,-1.0","0,0,0,0,0","0,0,0,0,0","-1,-1,-1,-1,-1","0.00,0.00,0.00,0.00,0.00","-111.00,-111.00,-111.00,-111.00,-111.00","-111.00,-111.00,-111.00,-111.00,-111.00","-99,120,119,119,118","-99,23,22,21,21","20,20,20,20,20","{-107,-122,-122,-125},{-106,-120,-120,-124},{-107,-120,-120,-124}","{5.60,-14.80,-2.70,-2.90},{31.20,36.10,-1.90,-2.40},{-20.00,62.00,-2.10,-3.20}",0,{158},4
2025-11-07 00:08:29.358,0,0,0,0,0,"9,9,9,9,9","9,9,9,9,9","6,6,5,7,7","8,8,7,9,8","15,12,12,10,9","7,5,7,9,6","4,5,3,10,5","7,7,4,5,8","0.18,0.08,0.10,0.07,0.03","0.14,0.06,0.03,0.10,0.08","23.0,22.0,21.0,20.0,22.0","0.0,0.0,0.0,0.0,0.0","-1.0,-1.0,-1.0,-1.0,-1.0","151,1060,90,135,125","-1.0,-1.0,-1.0,-1.0,-1.0","-1.0,-1.0,-1.0,-1.0,-1.0","-1,-1,-1,-1,-1","0.02,-1.00,0.02,0.02,-1.00","5733,-99,4916,6468,-99","0.00,-1.00,0.00,0.00,-1.00","29606374,39504392,39533302,39588860,39617031","-1.0,-1.0,-1.0,-1.0,-1.0","0,0,0,0,0","0,0,0,0,0","-1,-1,-1,-1,-1","0.00,0.00,0.00,0.00,0.00","-111.00,-111.00,-111.00,-111.00,-111.00","-111.00,-111.00,-111.00,-111.00,-111.00","120,119,119,118,118","23,22,21,21,22","20,20,20,20,20","{-107,-122,-122,-256},{-106,-118,-118,-256},{-107,-121,-121,-124}","{56.80,63.30,-20.00,-20.00},{56.80,38.70,-20.00,-20.00},{-20.00,62.60,-1.10,-0.80}",0,{158},4
2025-11-07 00:08:30.563,0,0,0,0,0,"9,9,9,9,9","9,9,9,9,9","4,5,6,5,6","8,7,6,7,19","13,14,14,9,10","5,5,7,7,5","4,3,5,4,12","6,5,7,3,5","0.05,0.19,0.17,0.03,0.05","0.00,0.00,0.06,0.05,0.00","21.0,20.0,21.0,20.0,22.0","0.0,0.0,0.0,0.0,0.0","-1.0,-1.0,-1.0,-1.0,-1.0","81,108,3109,75,89","-1.0,-1.0,-1.0,-1.0,-1.0","-1.0,-1.0,-1.0,-1.0,-1.0","-1,-1,-1,-1,-1","0.02,0.02,-1.00,0.02,0.02","7469,6591,-99,4253,6939","0.00,0.00,-1.00,0.00,0.00","39489504,39518972,39548506,39603141,39667991","-1.0,-1.0,-1.0,-1.0,-1.0","0,0,0,0,0","0,0,0,0,0","-1,-1,-1,-1,-1","0.00,0.00,0.00,0.00,0.00","-111.00,-111.00,-111.00,-111.00,-111.00","-111.00,-111.00,-111.00,-111.00,-111.00","119,119,118,118,119","22,21,21,20,24","20,20,20,20,20","{-106,-121,-121,-125},{-106,-120,-120,-124},{-106,-125,-125,-256}","{56.80,-14.80,-2.50,-2.60},{31.20,62.50,2.10,-0.10},{5.60,-14.30,-20.00,-20.00}",0,{158},4
2025-11-07 00:08:31.834,0,0,0,0,0,"9,9,9,9,9","9,9,9,9,9","6,5,7,7,6","8,7,9,8,9","12,12,10,9,12","5,7,9,6,5","5,3,10,5,3","7,4,5,8,6","0.08,0.10,0.07,0.03,0.10","0.06,0.03,0.10,0.08,0.11","22.0,21.0,20.0,22.0,22.0","0.0,0.0,0.0,0.0,0.0","-1.0,-1.0,-1.0,-1.0,-1.0","1060,90,135,125,93","-1.0,-1.0,-1.0,-1.0,-1.0","-1.0,-1.0,-1.0,-1.0,-1.0","-1,-1,-1,-1,-1","-1.00,0.02,0.02,-1.00,0.02","-99,4916,6468,-99,5068","-1.00,0.00,0.00,-1.00,0.00","39504392,39533302,39588860,39617031,39682213","-1.0,-1.0,-1.0,-1.0,-1.0","0,0,0,0,0","0,0,0,0,0","-1,-1,-1,-1,-1","0.00,0.00,0.00,0.00,0.00","-111.00,-111.00,-111.00,-111.00,-111.00","-111.00,-111.00,-111.00,-111.00,-111.00","119,119,118,118,119","22,21,21,22,23","20,20,20,20,20","{-107,-124,-124,-124},{-107,-120,-120,-124},{-112,-120,-120,-118}","{56.80,13.20,1.10,-0.60},{-20.00,62.00,-2.10,-3.20},{-20.00,12.00,5.50,3.20}",0,{158},4
2025-11-07 00:08:33.150,0,0,0,0,0,"9,9,9,9,9","9,9,9,9,9","5,7,7,6,5","7,9,8,9,7","12,10,9,12,10","7,9,6,5,5","3,10,5,3,3","4,5,8,6,5","0.10,0.07,0.03,0.10,0.03","0.03,0.10,0.08,0.11,0.03","21.0,20.0,22.0,22.0,23.0","0.0,0.0,0.0,0.0,0.0","-1.0,-1.0,-1.0,-1.0,-1.0","90,135,125,93,62","-1.0,-1.0,-1.0,-1.0,-1.0","-1.0,-1.0,-1.0,-1.0,-1.0","-1,-1,-1,-1,-1","0.02,0.02,-1.00,0.02,0.02","4916,6468,-99,5068,4263","0.00,0.00,-1.00,0.00,0.00","39533302,39588860,39617031,39682213,39708659","-1.0,-1.0,-1.0,-1.0,-1.0","0,0,0,0,0","0,0,0,0,0","-1,-1,-1,-1,-1","0.00,0.00,0.00,0.00,0.00","-111.00,-111.00,-111.00,-111.00,-111.00","-111.00,-111.00,-111.00,-111.00,-111.00","119,118,118,119,121","21,21,22,23,24","20,20,20,20,20","{-107,-118,-118,-124},{-107,-121,-121,-124},{-108,-121,-121,-123}","{31.20,11.00,0.10,-0.60},{-20.00,62.60,-1.10,-0.80},{-20.00,62.20,-6.30,-2.20}",0,{158},4
2025-11-07 00:08:34.543,0,0,0,0,0,"9,9,9,9,9","9,9,9,9,9","6,5,6,7,5","6,7,19,7,8","14,9,10,9,11","7,7,5,6,5","5,4,12,4,3","7,3,5,4,3","0.17,0.03,0.05,0.12,0.11","0.06,0.05,0.00,0.04,0.00","21.0,20.0,22.0,23.0,21.0","0.0,0.0,0.0,0.0,0.0","-1.0,-1.0,-1.0,-1.0,-1.0","3109,75,89,100,82","-1.0,-1.0,-1.0,-1.0,-1.0","-1.0,-1.0,-1.0,-1.0,-1.0","-1,-1,-1,-1,-1","-1.00,0.02,0.02,-1.00,0.02","-99,4253,6939,-99,4052","-1.00,0.00,0.00,-1.00,0.00","39548506,39603141,39667991,39696039,39720803","-1.0,-1.0,-1.0,-1.0,-1.0","0,0,0,0,0","0,0,0,0,0","-1,-1,-1,-1,-1","0.00,0.00,0.00,0.00,0.00","-111.00,-111.00,-111.00,-111.00,-111.00","-111.00,-111.00,-111.00,-111.00,-111.00","118,118,119,121,119","21,20,24,24,22","20,20,20,20,20","{-106,-118,-118,-256},{-106,-125,-125,-256},{-111,-121,-121,-125}","{56.80,38.70,-20.00,-20.00},{5.60,-14.30,-20.00,-20.00},{31.20,-15.40,6.90,-1.70}",0,{158},4
2025-11-07 00:08:35.844,0,0,0,0,0,"9,9,9,9,9","9,9,9,9,9","7,7,6,5,9","9,8,9,7,7","10,9,12,10,12","9,6,5,5,5","10,5,3,3,4","5,8,6,5,4","0.07,0.03,0.10,0.03,0.20","0.10,0.08,0.11,0.03,0.05","20.0,22.0,22.0,23.0,23.0","0.0,0.0,0.0,0.0,0.0","-1.0,-1.0,-1.0,-1.0,-1.0","135,125,93,62,123","-1.0,-1.0,-1.0,-1.0,-1.0","-1.0,-1.0,-1.0,-1.0,-1.0","-1,-1,-1,-1,-1","0.02,-1.00,0.02,0.02,0.02","6468,-99,5068,4263,3657","0.00,-1.00,0.00,0.00,0.00","39588860,39617031,39682213,39708659,39733230","-1.0,-1.0,-1.0,-1.0,-1.0","0,0,0,0,0","0,0,0,0,0","-1,-1,-1,-1,-1","0.00,0.00,0.00,0.00,0.00","-111.00,-111.00,-111.00,-111.00,-111.00","-111.00,-111.00,-111.00,-111.00,-111.00","118,118,119,121,122","21,22,23,24,25","20,20,20,20,20","{-106,-120,-120,-124},{-112,-120,-120,-118},{-111,-124,-124,-125}","{31.20,62.50,2.10,-0.10},{-20.00,12.00,5.50,3.20},{31.20,10.80,0.60,-3.80}",0,{158},4
2025-11-07 00:08:37.215,0,0,0,0,0,"9,9,9,9,9","9,9,9,9,9","7,6,5,9,8","8,9,7,7,6","9,12,10,12,8","6,5,5,5,7","5,3,3,4,3","8,6,5,4,7","0.03,0.10,0.03,0.20,0.05","0.08,0.11,0.03,0.05,0.03","22.0,22.0,23.0,23.0,22.0","0.0,0.0,0.0,0.0,0.0","-1.0,-1.0,-1.0,-1.0,-1.0","125,93,62,123,199","-1.0,-1.0,-1.0,-1.0,-1.0","-1.0,-1.0,-1.0,-1.0,-1.0","-1,-1,-1,-1,-1","-1.00,0.02,0.02,0.02,0.02","-99,5068,4263,3657,4596","-1.00,0.00,0.00,0.00,0.00","39617031,39682213,39708659,39733230,39759219","-1.0,-1.0,-1.0,-1.0,-1.0","0,0,0,0,0","0,0,0,0,0","-1,-1,-1,-1,-1","0.00,0.00,0.00,0.00,0.00","-111.00,-111.00,-111.00,-111.00,-111.00","-111.00,-111.00,-111.00,-111.00,-111.00","118,119,121,122,120","22,23,24,25,24","20,20,20,20,20","{-107,-121,-121,-124},{-108,-121,-121,-123},{-108,-126,-126,-124}","{56.80,62.40,-2.70,-1.30},{-20.00,62.20,-6.30,-2.20},{-20.00,63.90,1.10,-1.80}",0,{158},4
2025-11-07 00:08:38.631,0,0,0,0,0,"9,9,9,9,9","9,9,9,9,9","6,7,5,9,5","19,7,8,7,7","10,9,11,7,12","5,6,5,6,6","12,4,3,3,4","5,4,3,5,4","0.05,0.12,0.11,0.10,0.08","0.00,0.04,0.00,0.03,0.16","22.0,23.0,21.0,24.0,22.0","0.0,0.0,0.0,0.0,0.0","-1.0,-1.0,-1.0,-1.0,-1.0","89,100,82,40,935","-1.0,-1.0,-1.0,-1.0,-1.0","-1.0,-1.0,-1.0,-1.0,-1.0","-1,-1,-1,-1,-1","0.02,-1.00,0.02,-1.00,0.02","6939,-99,4052,-99,6575","0.00,-1.00,0.00,-1.00,0.00","39667991,39696039,39720803,39745669,39771342","-1.0,-1.0,-1.0,-1.0,-1.0","0,0,0,0,0","0,0,0,0,0","-1,-1,-1,-1,-1","0.00,0.00,0.00,0.00,0.00","-111.00,-111.00,-111.00,-111.00,-111.00","-111.00,-111.00,-111.00,-111.00,-111.00","119,121,119,122,119","24,24,22,27,22","20,20,20,20,20","{-107,-121,-121,-124},{-111,-121,-121,-125},{-105,-123,-123,-123}","{-20.00,62.60,-1.10,-0.80},{31.20,-15.40,6.90,-1.70},{56.80,-12.10,1.30,2.00}",0,{158},4
2025-11-07 00:08:40.052,0,0,0,0,0,"9,9,9,9,9","9,9,9,9,9","6,5,9,8,5","9,7,7,6,7","12,10,12,8,14","5,5,5,7,6","3,3,4,3,3","6,5,4,7,4","0.10,0.03,0.20,0.05,0.13","0.11,0.03,0.05,0.03,0.03","22.0,23.0,23.0,22.0,19.0","0.0,0.0,0.0,0.0,0.0","-1.0,-1.0,-1.0,-1.0,-1.0","93,62,123,199,97","-1.0,-1.0,-1.0,-1.0,-1.0","-1.0,-1.0,-1.0,-1.0,-1.0","-1,-1,-1,-1,-1","0.02,0.02,0.02,0.02,-1.00","5068,4263,3657,4596,-99","0.00,0.00,0.00,0.00,-1.00","39682213,39708659,39733230,39759219,39783578","-1.0,-1.0,-1.0,-1.0,-1.0","0,0,0,0,0","0,0,0,0,0","-1,-1,-1,-1,-1","0.00,0.00,0.00,0.00,0.00","-111.00,-111.00,-111.00,-111.00,-111.00","-111.00,-111.00,-111.00,-111.00,-111.00","119,121,122,120,117","23,24,25,24,20","20,20,20,20,20","{-106,-125,-125,-256},{-111,-124,-124,-125},{-105,-124,-124,-123}","{5.60,-14.30,-20.00,-20.00},{31.20,10.80,0.60,-3.80},{-20.00,37.40,0.10,-0.10}",0,{158},4
2025-11-07 00:08:41.295,0,0,0,0,0,"9,9,9,9,9","9,9,9,9,9","5,9,8,5,5","7,7,6,7,8","10,12,8,14,9","5,5,7,6,5","3,4,3,3,3","5,4,7,4,4","0.03,0.20,0.05,0.13,0.04","0.03,0.05,0.03,0.03,0.06","23.0,23.0,22.0,19.0,20.0","0.0,0.0,0.0,0.0,0.0","-1.0,-1.0,-1.0,-1.0,-1.0","62,123,199,97,66","-1.0,-1.0,-1.0,-1.0,-1.0","-1.0,-1.0,-1.0,-1.0,-1.0","-1,-1,-1,-1,-1","0.02,0.02,0.02,-1.00,0.02","4263,3657,4596,-99,3065","0.00,0.00,0.00,-1.00,0.00","39708659,39733230,39759219,39783578,49763830","-1.0,-1.0,-1.0,-1.0,-1.0","0,0,0,0,0","0,0,0,0,0","-1,-1,-1,-1,-1","0.00,0.00,0.00,0.00,0.00","-111.00,-111.00,-111.00,-111.00,-111.00","-111.00,-111.00,-111.00,-111.00,-111.00","121,122,120,117,118","24,25,24,20,20","20,20,20,20,20","{-106,-121,-121,-123},{-108,-126,-126,-124},{-108,-121,-121,-122}","{56.80,11.70,-4.50,1.50},{-20.00,63.90,1.10,-1.80},{56.80,64.50,2.60,1.60}",0,{158},4
2025-11-07 00:08:42.497,0,0,0,0,0,"9,9,9,9,9","9,9,9,9,9","5,9,5,5,9","8,7,7,7,8","11,7,12,13,11","5,6,6,6,5","3,3,4,4,3","3,5,4,3,2","0.11,0.10,0.08,0.17,0.34","0.00,0.03,0.16,0.05,0.11","21.0,24.0,22.0,19.0,21.0","0.0,0.0,0.0,0.0,0.0","-1.0,-1.0,-1.0,-1.0,-1.0","82,40,935,53,94","-1.0,-1.0,-1.0,-1.0,-1.0","-1.0,-1.0,-1.0,-1.0,-1.0","-1,-1,-1,-1,-1","0.02,-1.00,0.02,0.02,-1.00","4052,-99,6575,4075,-99","0.00,-1.00,0.00,0.00,-1.00","39720803,39745669,39771342,39796868,29868540","-1.0,-1.0,-1.0,-1.0,-1.0","0,0,0,0,0","0,0,0,0,0","-1,-1,-1,-1,-1","0.00,0.00,0.00,0.00,0.03","-111.00,-111.00,-111.00,-111.00,-111.00","-111.00,-111.00,-111.00,-111.00,-111.00","119,122,119,117,119","22,27,22,19,22","20,20,20,20,20","{-108,-121,-121,-123},{-105,-123,-123,-123},{-113,-123,-123,-121}","{-20.00,62.20,-6.30,-2.20},{56.80,-12.10,1.30,2.00},{31.20,60.20,-6.50,0.50}",0,{158},4
2025-11-07 00:08:43.933,0,0,0,0,0,"9,9,9,9,9","9,9,9,9,9","9,8,5,5,8","7,6,7,8,8","12,8,14,9,8","5,7,6,5,4","4,3,3,3,3","4,7,4,4,3","0.20,0.05,0.13,0.04,0.18","0.05,0.03,0.03,0.06,0.07","23.0,22.0,19.0,20.0,24.0","0.0,0.0,0.0,0.0,0.0","-1.0,-1.0,-1.0,-1.0,-1.0","123,199,97,66,53","-1.0,-1.0,-1.0,-1.0,-1.0","-1.0,-1.0,-1.0,-1.0,-1.0","-1,-1,-1,-1,-1","0.02,0.02,-1.00,0.02,0.02","3657,4596,-99,3065,3661","0.00,0.00,-1.00,0.00,0.00","39733230,39759219,39783578,49763830,39835464","-1.0,-1.0,-1.0,-1.0,-1.0","0,0,0,0,0","0,0,0,0,0","-1,-1,-1,-1,-1","0.00,0.00,0.00,0.00,0.00","-111.00,-111.00,-111.00,-111.00,-111.00","-111.00,-111.00,-111.00,-111.00,-111.00","122,120,117,118,122","25,24,20,20,28","20,20,20,20,20","{-111,-121,-121,-125},{-105,-124,-124,-123},{-109,-120,-120,-122}","{31.20,-15.40,6.90,-1.70},{-20.00,37.40,0.10,-0.10},{31.20,59.70,-0.90,-1.50}",0,{158},4
2025-11-07 00:08:45.498,0,0,0,0,0,"9,9,9,9,9","9,9,9,9,9","8,5,5,8,6","6,7,8,8,11","8,14,9,8,6","7,6,5,4,3","3,3,3,3,3","7,4,4,3,3","0.05,0.13,0.04,0.18,0.11","0.03,0.03,0.06,0.07,0.06","22.0,19.0,20.0,24.0,23.0","0.0,0.0,0.0,0.0,0.0","-1.0,-1.0,-1.0,-1.0,-1.0","199,97,66,53,114","-1.0,-1.0,-1.0,-1.0,-1.0","-1.0,-1.0,-1.0,-1.0,-1.0","-1,-1,-1,-1,-1","0.02,-1.00,0.02,0.02,-1.00","4596,-99,3065,3661,-99","0.00,-1.00,0.00,0.00,-1.00","39759219,39783578,49763830,39835464,39861033","-1.0,-1.0,-1.0,-1.0,-1.0","0,0,0,0,0","0,0,0,0,0","-1,-1,-1,-1,-1","0.00,0.00,0.00,0.00,0.00","-111.00,-111.00,-111.00,-111.00,-111.00","-111.00,-111.00,-111.00,-111.00,-111.00","120,117,118,122,121","24,20,20,28,24","20,20,20,20,20","{-107,-120,-120,-122},{-108,-121,-121,-122},{-109,-120,-120,-122}","{-20.00,38.10,0.20,1.40},{56.80,64.50,2.60,1.60},{5.60,60.40,-2.90,-0.10}",0,{158},4
2025-11-07 00:08:46.828,0,0,0,0,0,"9,9,9,9,9","9,9,9,9,9","5,5,9,6,6","7,7,8,10,11","12,13,11,5,7","6,6,5,4,3","4,4,3,4,4","4,3,2,2,5","0.08,0.17,0.34,0.03,0.08","0.16,0.05,0.11,0.15,0.00","22.0,19.0,21.0,22.0,23.0","0.0,0.0,0.0,0.0,0.0","-1.0,-1.0,-1.0,-1.0,-1.0","935,53,94,82,73","-1.0,-1.0,-1.0,-1.0,-1.0","-1.0,-1.0,-1.0,-1.0,-1.0","-1,-1,-1,-1,-1","0.02,0.02,-1.00,0.02,0.02","6575,4075,-99,2012,3522","0.00,0.00,-1.00,0.00,0.00","39771342,39796868,29868540,39848136,39874362","-1.0,-1.0,-1.0,-1.0,-1.0","0,0,0,0,0","0,0,0,0,0","-1,-1,-1,-1,-1","0.00,0.00,0.03,0.02,0.00","-111.00,-111.00,-111.00,-111.00,-111.00","-111.00,-111.00,-111.00,-111.00,-111.00","119,117,119,121,122","22,19,22,24,26","20,20,20,20,20","{-108,-126,-126,-124},{-113,-123,-123,-121},{-108,-120,-120,-122}","{-20.00,63.90,1.10,-1.80},{31.20,60.20,-6.50,0.50},{-20.00,-17.20,-2.00,0.30}",0,{158},4
2025-11-07 00:08:48.010,0,0,0,0,0,"9,9,9,9,9","9,9,9,9,9","5,5,8,6,5","7,8,8,11,12","14,9,8,6,9","6,5,4,3,4","3,3,3,3,3","4,4,3,3,3","0.13,0.04,0.18,0.11,0.14","0.03,0.06,0.07,0.06,0.00","19.0,20.0,24.0,23.0,23.0","0.0,0.0,0.0,0.0,0.0","-1.0,-1.0,-1.0,-1.0,-1.0","97,66,53,114,118","-1.0,-1.0,-1.0,-1.0,-1.0","-1.0,-1.0,-1.0,-1.0,-1.0","-1,-1,-1,-1,-1","-1.00,0.02,0.02,-1.00,0.02","-99,3065,3661,-99,3880","-1.00,0.00,0.00,-1.00,0.00","39783578,49763830,39835464,39861033,39887846","-1.0,-1.0,-1.0,-1.0,-1.0","0,0,0,0,0","0,0,0,0,0","-1,-1,-1,-1,-1","0.00,0.00,0.00,0.00,0.00","-111.00,-111.00,-111.00,-111.00,-111.00","-111.00,-111.00,-111.00,-111.00,-111.00","117,118,122,121,121","20,20,28,24,25","20,20,20,20,20","{-105,-123,-123,-123},{-109,-120,-120,-122},{-109,-120,-120,-122}","{56.80,-12.10,1.30,2.00},{31.20,59.70,-0.90,-1.50},{-20.00,-14.10,2.90,2.20}",0,{158},4
2025-11-07 00:08:49.158,0,0,0,0,0,"9,9,9,9,9","9,9,9,9,9","5,8,6,5,6","8,8,11,12,8","9,8,6,9,14","5,4,3,4,4","3,3,3,3,4","4,3,3,3,5","0.04,0.18,0.11,0.14,0.36","0.06,0.07,0.06,0.00,0.00","20.0,24.0,23.0,23.0,23.0","0.0,0.0,0.0,0.0,0.0","-1.0,-1.0,-1.0,-1.0,-1.0","66,53,114,118,119","-1.0,-1.0,-1.0,-1.0,-1.0","-1.0,-1.0,-1.0,-1.0,-1.0","-1,-1,-1,-1,-1","0.02,0.02,-1.00,0.02,-1.00","3065,3661,-99,3880,-99","0.00,0.00,-1.00,0.00,-1.00","49763830,39835464,39861033,39887846,39913625","-1.0,-1.0,-1.0,-1.0,-1.0","0,0,0,0,0","0,0,0,0,0","-1,-1,-1,-1,-1","0.00,0.00,0.00,0.00,0.06","-111.00,-111.00,-111.00,-111.00,-111.00","-111.00,-111.00,-111.00,-111.00,-111.00","118,122,121,121,124","20,28,24,25,27","20,20,20,20,20","{-106,-121,-121,-256},{-109,-120,-120,-122},{-107,-119,-119,-119}","{5.60,12.90,-20.00,-20.00},{5.60,60.40,-2.90,-0.10},{-20.00,-12.40,4.90,5.20}",0,{158},4
2025-11-07 00:08:50.420,0,0,0,0,0,"9,9,9,9,9","9,9,9,9,9","9,6,6,5,6","8,10,11,9,7","11,5,7,11,9","5,4,3,4,6","3,4,4,3,3","2,2,5,4,5","0.34,0.03,0.08,0.13,0.18","0.11,0.15,0.00,0.00,0.03","21.0,22.0,23.0,23.0,23.0","0.0,0.0,0.0,0.0,0.0","-1.0,-1.0,-1.0,-1.0,-1.0","94,82,73,4974,112","-1.0,-1.0,-1.0,-1.0,-1.0","-1.0,-1.0,-1.0,-1.0,-1.0","-1,-1,-1,-1,-1","-1.00,0.02,0.02,0.02,0.02","-99,2012,3522,3123,4210","-1.00,0.00,0.00,0.00,0.00","29868540,39848136,39874362,39900244,39925927","-1.0,-1.0,-1.0,-1.0,-1.0","0,0,0,0,0","0,0,0,0,0","-1,-1,-1,-1,-1","0.03,0.02,0.00,0.00,0.00","-111.00,-111.00,-111.00,-111.00,-111.00","-111.00,-111.00,-111.00,-111.00,-111.00","119,121,122,121,119","22,24,26,24,23","20,20,20,20,20","{-108,-121,-121,-122},{-108,-120,-120,-122},{-106,-120,-120,-256}","{56.80,64.50,2.60,1.60},{-20.00,-17.20,-2.00,0.30},{56.80,-13.10,5.00,3.00}",0,{158},4
2025-11-07 00:08:51.642,0,0,0,0,0,"9,9,9,9,9","9,9,9,9,9","8,6,5,6,7","8,11,12,8,6","8,6,9,14,7","4,3,4,4,6","3,3,3,4,4","3,3,3,5,8","0.18,0.11,0.14,0.36,0.06","0.07,0.06,0.00,0.00,0.09","24.0,23.0,23.0,23.0,24.0","0.0,0.0,0.0,0.0,0.0","-1.0,-1.0,-1.0,-1.0,-1.0","53,114,118,119,124","-1.0,-1.0,-1.0,-1.0,-1.0","-1.0,-1.0,-1.0,-1.0,-1.0","-1,-1,-1,-1,-1","0.02,-1.00,0.02,-1.00,0.02","3661,-99,3880,-99,7897","0.00,-1.00,0.00,-1.00,0.00","39835464,39861033,39887846,39913625,39939287","-1.0,-1.0,-1.0,-1.0,-1.0","0,0,0,0,0","0,0,0,0,0","-1,-1,-1,-1,-1","0.00,0.00,0.00,0.06,0.02","-111.00,-111.00,-111.00,-111.00,-111.00","-111.00,-111.00,-111.00,-111.00,-111.00","122,121,121,124,119","28,24,25,27,24","20,20,20,20,20","{-113,-123,-123,-121},{-109,-120,-120,-122},{-106,-124,-124,-119}","{31.20,60.20,-6.50,0.50},{-20.00,-14.10,2.90,2.20},{5.60,-12.60,5.20,3.40}",0,{158},4
2025-11-07 00:08:52.811,0,0,0,0,0,"9,9,9,9,9","9,9,9,9,9","6,6,5,6,9","10,11,9,7,6","5,7,11,9,9","4,3,4,6,7","4,4,3,3,4","2,5,4,5,5","0.03,0.08,0.13,0.18,0.20","0.15,0.00,0.00,0.03,0.10","22.0,23.0,23.0,23.0,23.0","0.0,0.0,0.0,0.0,0.0","-1.0,-1.0,-1.0,-1.0,-1.0","82,73,4974,112,118","-1.0,-1.0,-1.0,-1.0,-1.0","-1.0,-1.0,-1.0,-1.0,-1.0","-1,-1,-1,-1,-1","0.02,0.02,0.02,0.02,-1.00","2012,3522,3123,4210,-99","0.00,0.00,0.00,0.00,-1.00","39848136,39874362,39900244,39925927,39952750","-1.0,-1.0,-1.0,-1.0,-1.0","0,0,0,0,0","0,0,0,0,0","-1,-1,-1,-1,-1","0.02,0.00,0.00,0.00,0.00","-111.00,-111.00,-111.00,-111.00,-111.00","-111.00,-111.00,-111.00,-111.00,-111.00","121,122,121,119,119","24,26,24,23,25","20,20,20,20,20","{-109,-120,-120,-122},{-106,-120,-120,-120},{-109,-124,-124,-121}","{31.20,59.70,-0.90,-1.50},{56.80,36.90,5.80,4.20},{-20.00,11.50,-1.20,0.40}",0,{158},4
2025-11-07 00:08:53.967,0,0,0,0,0,"9,9,9,9,9","9,9,9,9,9","6,5,6,7,11","11,12,8,6,7","6,9,14,7,3","3,4,4,6,6","3,3,4,4,3","3,3,5,8,4","0.11,0.14,0.36,0.06,0.09","0.06,0.00,0.00,0.09,0.03","23.0,23.0,23.0,24.0,24.0","0.0,0.0,0.0,0.0,0.0","-1.0,-1.0,-1.0,-1.0,-1.0","114,118,119,124,3301","-1.0,-1.0,-1.0,-1.0,-1.0","-1.0,-1.0,-1.0,-1.0,-1.0","-1,-1,-1,-1,-1","-1.00,0.02,-1.00,0.02,0.02","-99,3880,-99,7897,4968","-1.00,0.00,-1.00,0.00,0.00","39861033,39887846,39913625,39939287,39965403","-1.0,-1.0,-1.0,-1.0,-1.0","0,0,0,0,0","0,0,0,0,0","-1,-1,-1,-1,-1","0.00,0.00,0.06,0.02,0.00","-111.00,-111.00,-111.00,-111.00,-111.00","-111.00,-111.00,-111.00,-111.00,-111.00","121,121,124,119,121","24,25,27,24,27","20,20,20,20,20","{-108,-120,-120,-122},{-107,-119,-119,-119},{-108,-122,-122,-120}","{56.80,-16.60,-3.30,-0.60},{-20.00,-12.40,4.90,5.20},{31.20,11.50,3.30,2.70}",0,{158},4
2025-11-07 00:08:55.099,0,0,0,0,0,"9,9,9,9,9","9,9,9,9,9","6,5,6,9,8","11,9,7,6,6","7,11,9,9,7","3,4,6,7,7","4,3,3,4,3","5,4,5,5,5","0.08,0.13,0.18,0.20,0.10","0.00,0.00,0.03,0.10,0.00","23.0,23.0,23.0,23.0,24.0","0.0,0.0,0.0,0.0,0.0","-1.0,-1.0,-1.0,-1.0,-1.0","73,4974,112,118,80","-1.0,-1.0,-1.0,-1.0,-1.0","-1.0,-1.0,-1.0,-1.0,-1.0","-1,-1,-1,-1,-1","0.02,0.02,0.02,-1.00,0.02","3522,3123,4210,-99,4358","0.00,0.00,0.00,-1.00,0.00","39874362,39900244,39925927,39952750,49974450","-1.0,-1.0,-1.0,-1.0,-1.0","0,0,0,0,0","0,0,0,0,0","-1,-1,-1,-1,-1","0.00,0.00,0.00,0.00,0.00","-111.00,-111.00,-111.00,-111.00,-111.00","-111.00,-111.00,-111.00,-111.00,-111.00","122,121,119,119,120","26,24,23,25,26","20,20,20,20,20","{-109,-120,-120,-122},{-106,-120,-120,-256},{-107,-120,-120,-119}","{5.60,60.40,-2.90,-0.10},{56.80,-13.10,5.00,3.00},{56.80,37.90,4.10,4.40}",0,{158},4
2025-11-07 00:08:56.235,0,0,0,0,0,"9,9,9,9,9","9,9,9,9,9","5,6,9,8,6","9,7,6,6,8","11,9,9,7,8","4,6,7,7,6","3,3,4,3,4","4,5,5,5,6","0.13,0.18,0.20,0.10,0.08","0.00,0.03,0.10,0.00,0.15","23.0,23.0,23.0,24.0,24.0","0.0,0.0,0.0,0.0,0.0","-1.0,-1.0,-1.0,-1.0,-1.0","4974,112,118,80,118","-1.0,-1.0,-1.0,-1.0,-1.0","-1.0,-1.0,-1.0,-1.0,-1.0","-1,-1,-1,-1,-1","0.02,0.02,-1.00,0.02,0.02","3123,4210,-99,4358,3811","0.00,0.00,-1.00,0.00,0.00","39900244,39925927,39952750,49974450,40005123","-1.0,-1.0,-1.0,-1.0,-1.0","0,0,0,0,0","0,0,0,0,0","-1,-1,-1,-1,-1","0.00,0.00,0.00,0.00,0.00","-111.00,-111.00,-111.00,-111.00,-111.00","-111.00,-111.00,-111.00,-111.00,-111.00","121,119,119,120,119","24,23,25,26,26","20,20,20,20,20","{-109,-120,-120,-122},{-109,-124,-124,-121},{-107,-122,-122,-118}","{-20.00,-14.10,2.90,2.20},{-20.00,11.50,-1.20,0.40},{31.20,37.40,0.70,2.30}",0,{158},4
2025-11-07 00:08:57.398,0,0,0,0,0,"9,9,9,9,9","9,9,9,9,9","6,7,11,6,5","8,6,7,7,8","14,7,3,12,8","4,6,6,6,6","4,4,3,3,4","5,8,4,3,6","0.36,0.06,0.09,0.36,0.18","0.00,0.09,0.03,0.06,0.14","23.0,24.0,24.0,23.0,24.0","0.0,0.0,0.0,0.0,0.0","-1.0,-1.0,-1.0,-1.0,-1.0","119,124,3301,130,303","-1.0,-1.0,-1.0,-1.0,-1.0","-1.0,-1.0,-1.0,-1.0,-1.0","-1,-1,-1,-1,-1","-1.00,0.02,0.02,-1.00,0.02","-99,7897,4968,-99,6817","-1.00,0.00,0.00,-1.00,0.00","39913625,39939287,39965403,29994422,40020217","-1.0,-1.0,-1.0,-1.0,-1.0","0,0,0,0,0","0,0,0,0,0","-1,-1,-1,-1,-1","0.06,0.02,0.00,0.03,0.00","-111.00,-111.00,-111.00,-111.00,-111.00","-111.00,-111.00,-111.00,-111.00,-111.00","124,119,121,120,120","27,24,27,25,27","20,20,20,20,20","{-106,-120,-120,-120},{-108,-122,-122,-120},{-109,-121,-121,-118}","{56.80,36.90,5.80,4.20},{31.20,11.50,3.30,2.70},{-20.00,37.80,0.80,5.20}",0,{158},4
2025-11-07 00:08:58.469,0,0,0,0,0,"9,9,9,9,9","9,9,9,9,9","6,9,8,6,5","7,6,6,8,8","9,9,7,8,8","6,7,7,6,5","3,4,3,4,4","5,5,5,6,6","0.18,0.20,0.10,0.08,0.08","0.03,0.10,0.00,0.15,0.10","23.0,23.0,24.0,24.0,24.0","0.0,0.0,0.0,0.0,0.0","-1.0,-1.0,-1.0,-1.0,-1.0","112,118,80,118,403","-1.0,-1.0,-1.0,-1.0,-1.0","-1.0,-1.0,-1.0,-1.0,-1.0","-1,-1,-1,-1,-1","0.02,-1.00,0.02,0.02,-1.00","4210,-99,4358,3811,-99","0.00,-1.00,0.00,0.00,-1.00","39925927,39952750,49974450,40005123,40036112","-1.0,-1.0,-1.0,-1.0,-1.0","0,0,0,0,0","0,0,0,0,0","-1,-1,-1,-1,-1","0.00,0.00,0.00,0.00,0.00","-111.00,-111.00,-111.00,-111.00,-111.00","-111.00,-111.00,-111.00,-111.00,-111.00","119,119,120,119,121","23,25,26,26,26","20,20,20,20,20","{-107,-119,-119,-119},{-107,-120,-120,-119},{-108,-124,-124,-118}","{-20.00,-12.40,4.90,5.20},{56.80,37.90,4.10,4.40},{-20.00,37.40,-1.90,3.90}",0,{158},4
2025-11-07 00:08:59.612,0,0,0,0,0,"9,9,9,9,9","9,9,9,9,9","7,11,6,5,6","6,7,7,8,9","7,3,12,8,11","6,6,6,6,4","4,3,3,4,4","8,4,3,6,7","0.06,0.09,0.36,0.18,0.19","0.09,0.03,0.06,0.14,0.04","24.0,24.0,23.0,24.0,24.0","0.0,0.0,0.0,0.0,0.0","-1.0,-1.0,-1.0,-1.0,-1.0","124,3301,130,303,108","-1.0,-1.0,-1.0,-1.0,-1.0","-1.0,-1.0,-1.0,-1.0,-1.0","-1,-1,-1,-1,-1","0.02,0.02,-1.00,0.02,0.02","7897,4968,-99,6817,8115","0.00,0.00,-1.00,0.00,0.00","39939287,39965403,29994422,40020217,40049701","-1.0,-1.0,-1.0,-1.0,-1.0","0,0,0,0,0","0,0,0,0,0","-1,-1,-1,-1,-1","0.02,0.00,0.03,0.00,0.02","-111.00,-111.00,-111.00,-111.00,-111.00","-111.00,-111.00,-111.00,-111.00,-111.00","119,121,120,120,120","24,27,25,27,26","20,20,20,20,20","{-106,-120,-120,-256},{-106,-124,-124,-256},{-107,-128,-128,-121}","{56.80,-13.10,5.00,3.00},{56.80,-13.30,-20.00,-20.00},{-20.00,38.70,3.10,3.50}",0,{158},4
2025-11-07 00:09:00.802,0,0,0,0,0,"9,9,9,9,9","9,9,9,9,9","9,8,6,5,6","6,6,8,8,9","9,7,8,8,10","7,7,6,5,4","4,3,4,4,3","5,5,6,6,4","0.20,0.10,0.08,0.08,0.15","0.10,0.00,0.15,0.10,0.00","23.0,24.0,24.0,24.0,23.0","0.0,0.0,0.0,0.0,0.0","-1.0,-1.0,-1.0,-1.0,-1.0","118,80,118,403,87","-1.0,-1.0,-1.0,-1.0,-1.0","-1.0,-1.0,-1.0,-1.0,-1.0","-1,-1,-1,-1,-1","-1.00,0.02,0.02,-1.00,0.02","-99,4358,3811,-99,5631","-1.00,0.00,0.00,-1.00,0.00","39952750,49974450,40005123,40036112,50080758","-1.0,-1.0,-1.0,-1.0,-1.0","0,0,0,0,0","0,0,0,0,0","-1,-1,-1,-1,-1","0.00,0.00,0.00,0.00,0.00","-111.00,-111.00,-111.00,-111.00,-111.00","-111.00,-111.00,-111.00,-111.00,-111.00","119,120,119,121,119","25,26,26,26,25","20,20,20,20,20","{-106,-124,-124,-119},{-107,-122,-122,-118},{-109,-123,-123,-118}","{5.60,-12.60,5.20,3.40},{31.20,37.40,0.70,2.30},{-20.00,37.00,2.80,4.50}",0,{158},4
2025-11-07 00:09:01.942,0,0,0,0,0,"9,9,9,9,9","9,9,9,9,9","11,6,5,6,5","7,7,8,9,9","3,12,8,11,10","6,6,6,4,5","3,3,4,4,3","4,3,6,7,4","0.09,0.36,0.18,0.19,0.20","0.03,0.06,0.14,0.04,0.09","24.0,23.0,24.0,24.0,24.0","0.0,0.0,0.0,0.0,0.0","-1.0,-1.0,-1.0,-1.0,-1.0","3301,130,303,108,147","-1.0,-1.0,-1.0,-1.0,-1.0","-1.0,-1.0,-1.0,-1.0,-1.0","-1,-1,-1,-1,-1","0.02,-1.00,0.02,0.02,0.02","4968,-99,6817,8115,4604","0.00,-1.00,0.00,0.00,0.00","39965403,29994422,40020217,40049701,30059130","-1.0,-1.0,-1.0,-1.0,-1.0","0,0,0,0,0","0,0,0,0,0","-1,-1,-1,-1,-1","0.00,0.03,0.00,0.02,0.00","-111.00,-111.00,-111.00,-111.00,-111.00","-111.00,-111.00,-111.00,-111.00,-111.00","121,120,120,120,120","27,25,27,26,26","20,20,20,20,20","{-109,-124,-124,-121},{-109,-121,-121,-118},{-108,-124,-124,-119}","{-20.00,11.50,-1.20,0.40},{-20.00,37.80,0.80,5.20},{-20.00,37.40,-1.60,3.10}",0,{158},4
2025-11-07 00:09:03.025,0,0,0,0,0,"9,9,9,9,9","9,9,9,9,9","8,6,5,6,5","6,8,8,9,9","7,8,8,10,9","7,6,5,4,4","3,4,4,3,5","5,6,6,4,3","0.10,0.08,0.08,0.15,0.32","0.00,0.15,0.10,0.00,0.09","24.0,24.0,24.0,23.0,24.0","0.0,0.0,0.0,0.0,0.0","-1.0,-1.0,-1.0,-1.0,-1.0","80,118,403,87,117","-1.0,-1.0,-1.0,-1.0,-1.0","-1.0,-1.0,-1.0,-1.0,-1.0","-1,-1,-1,-1,-1","0.02,0.02,-1.00,0.02,-1.00","4358,3811,-99,5631,-99","0.00,0.00,-1.00,0.00,-1.00","49974450,40005123,40036112,50080758,50117264","-1.0,-1.0,-1.0,-1.0,-1.0","0,0,0,0,0","0,0,0,0,0","-1,-1,-1,-1,-1","0.00,0.00,0.00,0.00,0.06","-111.00,-111.00,-111.00,-111.00,-111.00","-111.00,-111.00,-111.00,-111.00,-111.00","120,119,121,119,119","26,26,26,25,26","20,20,20,20,20","{-108,-122,-122,-120},{-108,-124,-124,-118},{-106,-122,-122,-119}","{31.20,11.50,3.30,2.70},{-20.00,37.40,-1.90,3.90},{-20.00,12.60,1.20,3.70}",0,{158},4
