curTime_of_UTC8,num_send_packets,avg_send_packetLen,send_dataStream,avg_send_packetInterval,num_recv_packets,avg_recv_packetLen,recv_dataStream,avg_recv_packetInterval,label,mn_u_r_mean,mn_d_r_mean,mn_u_m_mean,mn_d_m_mean,mn_d_g_mean,mn_u_g_mean,mn_u_b_mean,mn_d_b_mean,mn_cqi_mean,mn_mac_mean,mn_bandwidth_mean,rsrp_1_mean,snr_1_mean
2026-01-30 14:28:58,16,105.3125,1685,0.0526220649480819,12,145.33333333333334,1744,0.0818546613057454,0,2.8,1.4,20.2,24.2,4.6,2.4,0.22,0.172,4.2,433.6,20.0,-88.66666666666667,5.599999999999999
2026-01-30 14:28:59,3,113.0,339,0.3095426559448242,19,106.36842105263158,2021,0.0556337958888003,0,4.4,1.8,22.4,22.8,5.8,5.0,0.19,0.146,7.6,1719.0,20.0,-83.0,14.133333333333333
2026-01-30 14:29:00,5,122.2,611,0.2484859943389892,19,108.89473684210526,2069,0.0523637846896522,0,2.8,1.4,20.0,23.4,5.0,2.4,0.208,0.206,4.2,432.0,20.0,-78.0,56.79999999999999
2026-01-30 14:29:01,18,112.33333333333331,2022,0.0568878915574815,17,122.29411764705884,2079,0.0580065250396728,0,4.4,1.8,22.4,22.8,5.8,5.0,0.19,0.146,7.6,1719.0,20.0,-83.0,14.133333333333333
2026-01-30 14:29:02,21,111.28571428571428,2337,0.0473560946328299,19,123.05263157894736,2338,0.0521590584202816,0,2.8,1.4,20.0,23.4,5.4,2.6,0.176,0.188,1.4,441.8,20.0,-85.33333333333333,5.599999999999999
2026-01-30 14:29:03,19,113.10526315789474,2149,0.0526700521770276,16,132.5625,2121,0.0617936849594116,0,3.4,1.6,22.4,23.0,6.0,4.4,0.138,0.148,1.6,69.6,20.0,-86.0,-2.9333333333333336
2026-01-30 14:29:04,25,112.12,2803,0.0402634811401367,18,140.72222222222223,2533,0.0554067293802897,0,3.0,1.2,20.4,22.8,5.2,3.0,0.096,0.152,1.4,449.2,20.0,-78.0,22.666666666666668
2026-01-30 14:29:05,14,116.21428571428572,1627,0.0704924889973231,20,148.75,2975,0.0492403984069824,0,3.4,1.6,22.4,23.0,6.0,4.4,0.138,0.148,1.6,69.6,20.0,-86.0,-2.9333333333333336
2026-01-30 14:29:06,12,113.0,1356,0.0756811698277791,19,154.1578947368421,2929,0.055552369669864,0,3.4,1.2,22.4,25.0,5.8,5.0,0.1359999999999999,0.188,-1.0,79.0,20.0,-81.0,48.26666666666667
2026-01-30 14:29:07,21,111.28571428571428,2337,0.0505430017198835,19,167.0,3173,0.0520399997108861,0,3.4,1.4,22.2,24.0,6.8,5.2,0.168,0.172,-1.0,58.6,20.0,-88.66666666666667,-2.9333333333333336
2026-01-30 14:29:08,22,111.04545454545456,2443,0.0458975055000998,21,164.61904761904762,3457,0.0470416659400576,0,2.2,1.4,22.0,22.6,7.0,3.2,0.134,0.144,-1.0,41.2,20.0,-90.66666666666669,-20.0
2026-01-30 14:29:09,19,111.52631578947368,2119,0.0487715696033678,17,168.0,2856,0.0583515307482551,0,2.4,1.2,22.2,24.0,6.4,4.2,0.148,0.146,-1.0,48.2,20.0,-84.0,39.73333333333333
2026-01-30 14:29:10,11,117.1818181818182,1289,0.0917451815171675,18,168.27777777777777,3029,0.0549484888712565,0,2.2,1.4,22.0,23.2,7.2,3.6,0.11,0.122,-1.0,50.6,20.0,-83.66666666666667,22.666666666666668
2026-01-30 14:29:11,11,113.36363636363636,1247,0.0988224636424671,17,171.23529411764707,2911,0.0581087645362405,0,2.4,1.2,22.2,24.0,6.4,4.2,0.148,0.146,-1.0,48.2,20.0,-84.0,39.73333333333333
2026-01-30 14:29:12,15,116.33333333333331,1745,0.067260726292928,20,147.8,2956,0.0501105070114135,0,2.6,1.4,22.2,23.6,6.8,3.8,0.18,0.156,-1.0,56.2,20.0,-88.33333333333333,-2.9333333333333336
2026-01-30 14:29:13,16,116.5,1864,0.0600337535142898,18,165.11111111111111,2972,0.0582165585623847,0,2.6,1.4,22.4,23.6,6.2,3.8,0.212,0.13,-1.0,53.4,20.0,-82.66666666666667,-11.466666666666669
2026-01-30 14:29:14,11,117.1818181818182,1289,0.0945495475422252,18,151.0,2718,0.0553327666388617,0,2.0,1.4,22.4,22.8,7.0,3.2,0.206,0.122,-1.0,35.4,20.0,-86.0,39.73333333333333
2026-01-30 14:29:15,11,113.36363636363636,1247,0.0872766321355646,17,161.76470588235293,2750,0.0577758901259478,0,2.6,1.4,22.4,24.0,7.0,3.6,0.184,0.126,-1.0,40.2,20.0,-85.33333333333333,5.599999999999999
2026-01-30 14:29:16,9,114.33333333333331,1029,0.1011432276831732,17,157.05882352941177,2670,0.0581712302039651,0,2.0,1.4,22.4,22.8,7.0,3.2,0.206,0.122,-1.0,35.4,20.0,-86.0,39.73333333333333
2026-01-30 14:29:17,13,115.92307692307692,1507,0.0800369152655968,20,147.55,2951,0.0498888492584228,0,2.0,1.2,22.4,23.6,7.4,3.2,0.158,0.122,-1.0,34.0,20.0,-80.66666666666667,-2.9333333333333336
2026-01-30 14:29:18,15,113.8,1707,0.0704277356465657,17,154.23529411764707,2622,0.0579531192779541,0,2.0,1.0,22.4,24.4,6.8,3.4,0.1579999999999999,0.15,-1.0,27.8,20.0,-83.0,22.666666666666668
2026-01-30 14:29:19,11,113.36363636363636,1247,0.0842395479028875,18,157.05555555555554,2827,0.0586685074700249,0,2.8,1.2,22.4,25.6,6.8,3.6,0.158,0.152,-1.0,38.4,20.0,-79.33333333333333,14.133333333333333
2026-01-30 14:29:20,15,115.0,1725,0.0725637276967366,17,154.35294117647058,2624,0.0587050494025735,0,2.0,1.2,22.4,23.4,6.8,3.0,0.186,0.15,-1.0,20.2,20.0,-80.33333333333333,22.666666666666668
2026-01-30 14:29:21,20,111.35,2227,0.0468483090400695,18,156.16666666666666,2811,0.0545613368352254,0,2.4,1.0,22.4,25.8,7.0,3.6,0.164,0.176,-1.0,28.6,20.0,-82.0,14.133333333333333
2026-01-30 14:29:22,18,111.83333333333331,2013,0.0586691697438558,19,151.31578947368422,2875,0.0523126878236469,0,2.0,1.4,22.2,22.6,7.0,3.0,0.174,0.158,-1.0,15.2,20.0,-81.66666666666667,22.666666666666668
2026-01-30 14:29:23,9,114.33333333333331,1029,0.1136603090498182,17,156.94117647058823,2668,0.0580528764163746,0,2.4,1.0,22.4,25.8,7.0,3.6,0.164,0.176,-1.0,28.6,20.0,-82.0,14.133333333333333
2026-01-30 14:29:24,16,109.375,1750,0.0611971318721771,17,162.41176470588235,2761,0.0585997104644775,0,2.0,1.4,22.0,22.8,7.2,3.2,0.15,0.172,-1.0,17.6,20.0,-82.0,14.133333333333333
2026-01-30 14:29:25,10,118.0,1180,0.0904231071472168,18,157.0,2826,0.0550471146901448,0,2.4,1.0,22.6,24.6,6.4,3.2,0.206,0.154,-1.0,29.0,20.0,-81.66666666666667,5.599999999999999
2026-01-30 14:29:26,10,113.8,1138,0.1044029951095581,18,153.94444444444446,2771,0.0583969354629516,0,2.0,1.6,22.0,22.8,7.0,3.0,0.204,0.18,-1.0,15.0,20.0,-86.66666666666667,14.133333333333333
2026-01-30 14:29:27,14,112.42857142857144,1574,0.0765043497085571,19,157.6315789473684,2995,0.0517926843542801,0,2.4,1.0,22.6,23.6,6.6,3.0,0.248,0.17,-1.0,27.8,20.0,-84.66666666666667,5.599999999999999
2026-01-30 14:29:28,14,112.42857142857144,1574,0.0634117126464843,19,177.47368421052633,3372,0.0521924244730096,0,2.0,1.6,22.0,22.8,7.0,3.0,0.204,0.18,-1.0,15.0,20.0,-86.66666666666667,14.133333333333333
2026-01-30 14:29:29,15,114.86666666666666,1723,0.0728639443715413,17,192.64705882352945,3275,0.0581908786998075,0,2.0,1.8,22.2,21.6,6.6,2.4,0.2759999999999999,0.146,-1.0,15.8,20.0,-82.66666666666667,14.133333333333333
2026-01-30 14:29:30,39,112.3076923076923,4380,0.0258716130867982,17,188.94117647058823,3212,0.0582235280205221,0,2.2,1.8,22.4,23.0,6.4,3.0,0.286,0.118,-1.0,37.2,20.0,-82.0,22.666666666666668
2026-01-30 14:29:31,40,120.7,4828,0.0253847479820251,20,176.9,3538,0.0495617032051086,0,2.4,1.0,22.4,24.0,7.4,3.2,0.298,0.144,-1.0,1751.6,20.0,-83.0,5.599999999999999
2026-01-30 14:29:32,46,113.8695652173913,5238,0.0211490910986195,20,175.4,3508,0.0498515486717224,0,2.4,1.6,22.4,24.4,8.0,3.8,0.288,0.102,-1.0,56.0,20.0,-80.66666666666667,14.133333333333333
2026-01-30 14:29:33,37,114.1891891891892,4225,0.0269678605569375,20,188.55,3771,0.0523456573486328,0,2.6,1.0,22.0,24.6,7.6,3.8,0.31,0.1659999999999999,-1.0,1757.2,20.0,-87.66666666666667,-2.9333333333333336
2026-01-30 14:29:34,38,112.5,4275,0.0269975787714908,17,186.0,3162,0.0582879290861241,0,2.6,1.6,22.4,23.6,8.2,4.4,0.286,0.102,-1.0,74.6,20.0,-86.66666666666667,14.133333333333333
2026-01-30 14:29:35,22,112.45454545454544,2474,0.0435032736171375,18,184.5555555555556,3322,0.0551187329822116,0,2.6,1.0,22.0,24.6,7.6,3.8,0.31,0.1659999999999999,-1.0,1757.2,20.0,-87.66666666666667,-2.9333333333333336
2026-01-30 14:29:36,25,111.0,2775,0.0372016048431396,18,184.5,3321,0.05589226881663,0,3.0,1.2,21.6,24.6,7.8,4.4,0.288,0.164,-1.0,1760.8,20.0,-73.33333333333333,22.666666666666668
2026-01-30 14:29:37,25,111.0,2775,0.0434653949737548,19,177.31578947368422,3369,0.0516243231923956,0,2.8,1.4,21.2,25.2,7.8,7.6,0.2259999999999999,0.202,-1.0,1760.2,20.0,-91.33333333333331,14.133333333333333
2026-01-30 14:29:38,42,112.54761904761904,4727,0.0244020961579822,21,181.3809523809524,3809,0.0480445226033528,0,3.0,1.2,21.6,24.6,7.8,4.4,0.288,0.164,-1.0,1760.8,20.0,-73.33333333333333,22.666666666666668
2026-01-30 14:29:39,43,113.09302325581396,4863,0.0229360003804051,21,171.57142857142858,3603,0.0490084262121291,0,3.2,1.6,21.2,25.0,8.2,8.6,0.192,0.2239999999999999,2.2,1295.6,20.0,-70.0,39.73333333333333
2026-01-30 14:29:40,20,112.85,2257,0.0469931960105896,17,187.1764705882353,3182,0.0586468191707835,0,3.8,2.6,21.2,22.2,11.0,7.8,0.2259999999999999,0.118,1.3,1057.8,20.0,-80.33333333333333,31.2
2026-01-30 14:29:41,24,111.08333333333331,2666,0.0438551306724548,16,198.4375,3175,0.0613773763179779,0,3.2,1.6,21.2,25.0,8.2,8.6,0.192,0.2239999999999999,2.2,1295.6,20.0,-70.0,39.73333333333333
2026-01-30 14:29:42,31,110.61290322580643,3429,0.0310418067439909,20,178.1,3562,0.0494470000267028,0,3.2,1.8,20.8,24.2,8.0,8.2,0.212,0.204,2.2,40.6,20.0,-83.0,-2.9333333333333336
2026-01-30 14:29:43,36,113.94444444444444,4102,0.0289225843217637,17,190.8235294117647,3244,0.0583118831410127,0,3.2,1.8,21.0,24.0,7.8,8.2,0.206,0.1579999999999999,2.2,35.6,20.0,-78.66666666666667,22.666666666666668
2026-01-30 14:29:44,25,114.12,2853,0.037474193572998,18,183.88888888888889,3310,0.0550882286495632,0,3.8,2.6,21.4,22.2,8.6,7.2,0.2,0.1,1.3,1029.8,20.0,-76.0,48.26666666666667
2026-01-30 14:29:45,22,111.27272727272728,2448,0.047952185977589,17,181.23529411764707,3081,0.0587761682622572,0,2.8,1.6,21.4,24.6,9.0,8.0,0.212,0.144,2.2,34.6,20.0,-78.0,22.666666666666668
2026-01-30 14:29:46,23,113.1304347826087,2602,0.0446911687436311,18,190.61111111111111,3431,0.0581075085533989,0,3.8,2.6,21.4,22.2,8.6,7.2,0.2,0.1,1.3,1029.8,20.0,-76.0,48.26666666666667
2026-01-30 14:29:47,42,114.26190476190476,4799,0.023877359571911,19,184.3684210526316,3503,0.0521098312578703,0,3.8,2.6,21.8,22.8,8.8,7.2,0.226,0.108,1.3,1020.2,20.0,-87.0,39.73333333333333
2026-01-30 14:29:48,35,114.62857142857143,4012,0.0274708884102957,17,194.58823529411765,3308,0.0583527088165283,0,4.2,1.2,22.8,24.8,8.2,5.6,0.216,0.108,-1.0,1026.6,20.0,-77.0,48.26666666666667
2026-01-30 14:29:49,22,115.3181818181818,2537,0.0458961725234985,16,182.375,2918,0.061768814921379,0,3.8,2.6,21.8,22.8,8.8,7.2,0.226,0.108,1.3,1020.2,20.0,-87.0,39.73333333333333
2026-01-30 14:29:50,33,115.06060606060606,3797,0.0308456059658166,18,185.0555555555556,3331,0.0550968382093641,0,3.0,1.2,21.8,25.2,9.6,4.8,0.246,0.11,-1.0,2035.6,20.0,-83.0,39.73333333333333
2026-01-30 14:29:51,29,116.06896551724138,3366,0.0347709326908506,17,192.2941176470588,3269,0.0581262251910041,0,3.0,1.0,21.8,25.4,9.2,5.4,0.224,0.13,-1.0,2035.2,20.0,-86.66666666666667,5.599999999999999
2026-01-30 14:29:52,39,115.33333333333331,4498,0.0253512553679637,21,176.33333333333334,3703,0.0502330008007231,0,3.4,1.0,21.2,24.8,6.6,4.4,0.246,0.128,-1.0,28.2,20.0,-81.66666666666667,31.2
2026-01-30 14:29:53,46,113.52173913043478,5222,0.0220204591751098,20,177.95,3559,0.0500956058502197,0,3.0,1.0,21.8,25.6,10.6,5.4,0.212,0.15,-1.0,2038.4,20.0,-81.66666666666667,56.79999999999999
2026-01-30 14:29:54,41,114.39024390243902,4690,0.0242153667822116,18,212.8333333333333,3831,0.0507722828123304,0,3.4,1.0,21.2,24.8,6.6,4.4,0.246,0.128,-1.0,28.2,20.0,-81.66666666666667,31.2
2026-01-30 14:29:55,36,113.16666666666669,4074,0.0279141664505004,18,214.22222222222223,3856,0.0585118797090318,0,4.2,1.2,21.6,25.4,10.0,7.2,0.218,0.1559999999999999,-1.0,2061.0,20.0,-82.66666666666667,14.133333333333333
2026-01-30 14:29:56,44,114.1590909090909,5023,0.0226059285077181,20,199.5,3990,0.0495985984802246,0,3.8,1.0,21.2,25.6,7.8,5.2,0.24,0.18,-1.0,2928.4,20.0,-85.33333333333333,14.133333333333333
2026-01-30 14:29:57,38,114.28947368421052,4343,0.0248101573241384,19,197.52631578947367,3753,0.0520598511946828,0,4.4,1.2,21.6,25.0,10.2,7.8,0.228,0.128,-1.0,2060.0,20.0,-86.0,39.73333333333333
2026-01-30 14:29:58,36,113.80555555555556,4097,0.0291565060615539,17,203.0,3451,0.0584033517276539,0,3.8,1.0,21.2,25.6,7.8,5.2,0.24,0.18,-1.0,2928.4,20.0,-85.33333333333333,14.133333333333333
2026-01-30 14:29:59,47,113.85106382978724,5351,0.0215391453276289,18,184.8333333333333,3327,0.0584412680731879,0,3.6,1.0,21.0,26.8,9.6,5.8,0.254,0.194,-1.0,2928.8,20.0,-89.66666666666667,14.133333333333333
2026-01-30 14:30:00,44,113.38636363636364,4989,0.0224654566157947,23,184.0,4232,0.0403393973474917,0,3.2,1.2,22.6,26.4,10.4,6.8,0.246,0.208,-1.0,3927.0,20.0,-89.0,-2.9333333333333336
2026-01-30 14:30:01,41,113.6829268292683,4661,0.0247110738986875,19,181.6315789473684,3451,0.0553768935956453,0,5.0,1.4,22.2,25.0,11.4,8.2,0.292,0.1379999999999999,-1.0,77.4,20.0,-84.0,22.666666666666668
2026-01-30 14:30:02,43,113.5813953488372,4884,0.0232545109682304,20,183.85,3677,0.0495093464851379,0,3.2,1.2,22.6,26.4,10.4,6.8,0.246,0.208,-1.0,3927.0,20.0,-89.0,-2.9333333333333336
2026-01-30 14:30:03,32,113.4375,3630,0.0309629067778587,18,178.5,3213,0.0550551679399278,0,4.8,1.4,19.6,26.8,10.0,7.2,0.248,0.194,-1.0,3933.2,20.0,-85.66666666666667,39.73333333333333
2026-01-30 14:30:04,18,132.05555555555554,2377,0.0454989936616685,20,176.05,3521,0.0496548533439636,0,4.8,1.4,19.4,26.6,9.8,6.8,0.244,0.144,-1.0,2273.6,20.0,-83.0,-11.466666666666669
2026-01-30 14:30:05,32,114.78125,3673,0.0371582210063934,18,194.27777777777777,3497,0.0584863821665445,0,4.6,1.2,21.4,24.8,9.0,6.6,0.294,0.1399999999999999,-1.0,54.0,20.0,-92.66666666666669,31.2
2026-01-30 14:30:06,43,114.30232558139537,4915,0.022687229999276,21,194.8095238095238,4091,0.0441033840179443,0,4.8,1.4,19.4,26.6,9.8,6.8,0.244,0.144,-1.0,2273.6,20.0,-83.0,-11.466666666666669
2026-01-30 14:30:07,44,112.4318181818182,4947,0.0227945717898282,25,195.24,4881,0.0421555995941162,0,4.6,1.4,21.0,23.6,7.6,7.0,0.2739999999999999,0.15,-1.0,51.2,20.0,-84.0,-11.466666666666669
2026-01-30 14:30:08,26,114.65384615384616,2981,0.0363657657916729,17,208.23529411764707,3540,0.0582956426283892,0,5.2,2.8,18.8,24.6,8.8,8.8,0.214,0.196,-0.52,1039.2,20.0,-81.33333333333333,-11.466666666666669
2026-01-30 14:30:09,47,114.61702127659576,5387,0.0228485350913189,18,211.77777777777777,3812,0.0548841688368055,0,4.6,1.4,21.0,23.6,7.6,7.0,0.2739999999999999,0.15,-1.0,51.2,20.0,-84.0,-11.466666666666669
2026-01-30 14:30:10,39,113.92307692307692,4443,0.0224523055247771,16,202.75,3244,0.0620039999485015,0,6.8,2.8,15.6,25.0,7.4,7.6,0.1619999999999999,0.188,-0.52,84.8,20.0,-87.33333333333333,14.133333333333333
2026-01-30 14:30:11,21,116.33333333333331,2443,0.0510739939553397,18,192.11111111111111,3458,0.055779841211107,0,5.2,2.6,15.6,22.0,6.6,6.6,0.18,0.118,1.3,58.4,20.0,-85.33333333333333,14.133333333333333
2026-01-30 14:30:12,22,113.4090909090909,2495,0.047884009101174,21,176.0,3696,0.0494725704193115,0,6.2,2.8,16.8,24.8,7.2,7.2,0.1419999999999999,0.186,-0.52,78.8,20.0,-83.66666666666667,14.133333333333333
2026-01-30 14:30:13,29,114.44827586206895,3319,0.0341337549275365,18,188.3333333333333,3390,0.0550612211227417,0,4.8,2.8,14.2,21.6,7.8,5.8,0.258,0.142,1.3,1300.6,20.0,-81.33333333333333,14.133333333333333
2026-01-30 14:30:14,41,113.73170731707316,4663,0.0236980217259104,18,210.88888888888889,3796,0.0549948347939385,0,6.2,2.8,16.8,24.8,7.2,7.2,0.1419999999999999,0.186,-0.52,78.8,20.0,-83.66666666666667,14.133333333333333
2026-01-30 14:30:15,24,114.375,2745,0.0434078772862752,17,181.1176470588236,3079,0.0544203449698055,0,6.6,3.2,13.2,23.4,6.8,7.0,0.146,0.21,-0.52,123.4,20.0,-92.0,5.599999999999999
2026-01-30 14:30:16,35,114.11428571428571,3994,0.0284118039267403,19,200.4736842105264,3809,0.0560019016265869,0,6.8,3.0,10.6,23.2,6.4,6.2,0.166,0.172,-0.52,121.0,20.0,-80.0,31.2
2026-01-30 14:30:17,33,114.27272727272728,3771,0.029434449744947,20,197.4,3948,0.049660301208496,0,5.6,2.8,11.2,21.4,8.0,5.4,0.266,0.122,1.3,2466.8,20.0,-85.33333333333333,39.73333333333333
2026-01-30 14:30:18,38,111.26315789473684,4228,0.0269222635971872,20,185.95,3719,0.0508656978607177,0,6.8,3.0,10.6,23.2,6.4,6.2,0.166,0.172,-0.52,121.0,20.0,-80.0,31.2
2026-01-30 14:30:19,51,111.31372549019608,5677,0.0196768255794749,23,189.6086956521739,4361,0.0442396039548127,0,5.2,1.6,13.4,23.2,8.2,4.8,0.3319999999999999,0.104,-1.0,4791.6,20.0,-90.33333333333331,5.599999999999999
2026-01-30 14:30:20,39,112.66666666666669,4394,0.025400284009102,19,194.05263157894737,3687,0.0522637367248535,0,5.6,1.6,14.0,23.8,6.4,5.2,0.256,0.166,-1.0,3171.2,20.0,-86.33333333333333,31.2
2026-01-30 14:30:21,34,114.20588235294116,3883,0.0285914364983053,18,182.8333333333333,3291,0.0551102823681301,0,5.2,1.6,13.4,23.2,8.2,4.8,0.3319999999999999,0.104,-1.0,4791.6,20.0,-90.33333333333331,5.599999999999999
2026-01-30 14:30:22,42,114.92857142857144,4827,0.0246907415844145,22,169.0,3718,0.0448802276091142,0,4.2,1.6,16.4,22.4,8.8,5.6,0.3419999999999999,0.112,-1.0,4777.4,20.0,-78.33333333333333,39.73333333333333
2026-01-30 14:30:23,42,115.95238095238096,4870,0.0237479720796857,22,162.04545454545453,3565,0.0452055497602982,0,4.2,1.4,18.6,22.8,8.8,6.4,0.29,0.136,-1.0,5495.8,20.0,-87.33333333333333,14.133333333333333
2026-01-30 14:30:24,32,115.34375,3691,0.0309786275029182,18,190.22222222222223,3424,0.0546192195680406,0,4.6,1.0,19.0,25.0,7.6,5.6,0.306,0.198,-1.0,6037.2,20.0,-88.0,-2.9333333333333336
2026-01-30 14:30:25,32,115.9375,3710,0.0310152471065521,20,174.85,3497,0.0528029918670654,0,4.2,1.4,18.6,22.8,8.8,6.4,0.29,0.136,-1.0,5495.8,20.0,-87.33333333333333,14.133333333333333
2026-01-30 14:30:26,27,114.07407407407408,3080,0.037769114529645,21,186.04761904761904,3907,0.0470895313081287,0,3.6,1.2,21.2,23.6,9.0,7.0,0.262,0.168,-1.0,5493.8,20.0,-83.33333333333333,14.133333333333333
2026-01-30 14:30:27,12,113.16666666666669,1358,0.0782485008239746,19,166.73684210526315,3168,0.052175107755159,0,3.2,1.2,22.0,24.0,9.6,6.8,0.232,0.1619999999999999,-1.0,4333.8,20.0,-82.66666666666667,5.666666666666667
2026-01-30 14:30:28,16,112.125,1794,0.0648889988660812,17,178.11764705882354,3028,0.0582228828878963,0,3.6,1.0,21.2,24.6,7.8,5.0,0.244,0.144,-1.0,2952.6,20.0,-80.33333333333333,14.133333333333333
2026-01-30 14:30:29,35,113.54285714285714,3974,0.0289123398917061,18,173.88888888888889,3130,0.0550016562143961,0,3.0,1.2,22.0,24.8,9.6,6.4,0.21,0.172,-1.0,5341.0,20.0,-84.66666666666667,14.133333333333333
2026-01-30 14:30:30,34,115.79411764705884,3937,0.0296323860392851,19,170.31578947368422,3236,0.0521026912488435,0,3.4,1.0,21.4,25.2,8.8,5.0,0.214,0.122,-1.0,3215.2,20.0,-76.66666666666667,5.599999999999999
2026-01-30 14:30:31,31,113.5483870967742,3520,0.0320125779797953,18,175.27777777777777,3155,0.0555575556225246,0,3.0,1.2,22.0,24.8,9.6,6.4,0.21,0.172,-1.0,5341.0,20.0,-84.66666666666667,14.133333333333333
2026-01-30 14:30:32,22,120.63636363636364,2654,0.0442129156806252,21,167.71428571428572,3522,0.049965188616798,0,4.0,1.0,22.0,26.0,9.2,6.4,0.168,0.188,-1.0,5350.6,20.0,-83.66666666666667,48.333333333333336
2026-01-30 14:30:33,18,120.66666666666669,2172,0.0554535521401299,18,192.8333333333333,3471,0.0548438363605075,0,3.8,1.0,21.8,25.8,8.6,5.4,0.136,0.148,-1.0,3388.6,20.0,-84.66666666666667,-2.9333333333333336
2026-01-30 14:30:34,33,114.06060606060606,3764,0.029976057283806,17,188.23529411764707,3200,0.0582333452561322,0,4.2,1.0,21.6,25.2,8.8,5.6,0.184,0.11,-1.0,328.8,20.0,-76.0,22.666666666666668
2026-01-30 14:30:35,32,116.09375,3715,0.0317139104008674,17,189.76470588235293,3226,0.0602167634403004,0,4.6,1.2,21.8,26.2,10.6,6.4,0.174,0.126,-1.0,7278.4,20.0,-88.33333333333333,5.599999999999999
2026-01-30 14:30:36,28,116.03571428571428,3249,0.0354959624154227,17,181.0,3077,0.0587521160350126,0,4.6,1.6,21.6,25.8,9.4,6.0,0.242,0.162,-1.0,3250.6,20.0,-83.0,56.86666666666667
2026-01-30 14:30:37,29,129.06896551724137,3743,0.035506141596827,22,164.4090909090909,3617,0.0454927357760342,0,5.8,1.4,21.8,25.4,9.4,6.4,0.196,0.116,2.2,7305.4,20.0,-78.33333333333333,-11.466666666666669
2026-01-30 14:30:38,35,113.2,3962,0.0287818568093436,16,202.0,3232,0.05889493227005,0,4.6,1.6,21.6,25.8,9.4,6.0,0.242,0.162,-1.0,3250.6,20.0,-83.0,56.86666666666667
2026-01-30 14:30:39,33,112.72727272727272,3720,0.0299813602909897,19,177.57894736842104,3374,0.0553604803587261,0,5.4,1.6,21.4,25.8,10.0,7.6,0.268,0.2,-1.0,6570.6,20.0,-84.0,39.73333333333333
2026-01-30 14:30:40,41,113.1951219512195,4641,0.0249304887725085,19,179.21052631578948,3405,0.0518993076525236,0,5.2,1.8,21.6,24.8,9.2,7.2,0.284,0.2159999999999999,-1.0,8698.2,20.0,-80.0,22.666666666666668
2026-01-30 14:30:41,22,112.04545454545456,2465,0.0435815399343317,17,177.0,3009,0.0582937072305118,0,5.4,2.2,21.4,22.8,9.4,7.4,0.258,0.104,4.74,5121.0,20.0,-81.0,14.133333333333333
2026-01-30 14:30:42,16,114.5,1832,0.0651340037584304,19,166.78947368421052,3169,0.0520995290655838,0,4.8,1.8,22.0,24.6,9.2,6.8,0.32,0.216,-1.0,8687.4,20.0,-88.33333333333333,14.133333333333333
2026-01-30 14:30:43,29,114.13793103448276,3310,0.0340979674766803,18,178.55555555555554,3214,0.0573901070488823,0,5.8,2.2,19.8,22.6,8.8,7.4,0.26,0.1139999999999999,4.74,5128.2,20.0,-83.66666666666667,22.666666666666668
2026-01-30 14:30:44,33,116.21212121212122,3835,0.0286140008406205,21,172.9047619047619,3631,0.0450964314596993,0,4.8,1.8,22.0,24.6,9.2,6.8,0.32,0.216,-1.0,8687.4,20.0,-88.33333333333333,14.133333333333333
2026-01-30 14:30:45,39,114.23076923076924,4455,0.0273449482061924,18,181.77777777777777,3272,0.0587783919440375,0,5.4,2.0,19.0,22.2,6.2,6.0,0.248,0.078,4.74,1237.0,20.0,-81.0,22.666666666666668
2026-01-30 14:30:46,30,114.23333333333332,3427,0.0331297318140665,17,195.23529411764707,3319,0.058125706279979,0,4.4,1.2,20.4,24.6,8.6,7.0,0.282,0.188,-1.0,5761.6,20.0,-83.0,22.7
2026-01-30 14:30:47,37,111.97297297297295,4143,0.0263710279722471,21,168.76190476190476,3544,0.0471454234350295,0,4.0,1.8,19.2,23.2,5.8,5.4,0.252,0.0839999999999999,1.5399999999999998,1207.0,20.0,-88.0,14.133333333333333
2026-01-30 14:30:48,44,114.3409090909091,5031,0.0231996828859502,17,188.23529411764707,3200,0.0581775272593778,0,3.8,1.2,20.4,24.0,8.4,6.4,0.288,0.144,-1.0,4102.8,20.0,-85.0,5.599999999999999
2026-01-30 14:30:49,35,114.54285714285714,4009,0.026996796471732,17,197.1764705882353,3352,0.0584093542659983,0,4.0,1.8,19.2,23.2,5.8,5.4,0.252,0.0839999999999999,1.5399999999999998,1207.0,20.0,-88.0,14.133333333333333
2026-01-30 14:30:50,32,117.75,3768,0.0329688116908073,22,173.4090909090909,3815,0.0449574535543268,0,4.8,1.2,20.2,25.0,9.4,7.2,0.306,0.1299999999999999,-1.0,5302.2,20.0,-75.0,31.23333333333333
2026-01-30 14:30:51,33,111.36363636363636,3675,0.0305593375003699,17,188.0,3196,0.0581238269805908,0,4.0,1.0,20.0,25.2,7.4,5.2,0.214,0.064,-1.0,57.0,20.0,-79.66666666666667,14.266666666666666
2026-01-30 14:30:52,28,113.35714285714286,3174,0.0349192108426775,19,186.0,3534,0.0521510023819772,0,4.8,1.2,20.0,25.4,9.8,7.6,0.2739999999999999,0.106,-1.0,5297.4,20.0,-86.66666666666667,14.133333333333333
2026-01-30 14:30:53,38,112.63157894736842,4280,0.0267155295924136,19,180.73684210526315,3434,0.0555730995378996,0,3.6,1.0,21.8,25.4,7.6,5.4,0.258,0.102,2.2,1704.6,20.0,-84.66666666666667,31.2
2026-01-30 14:30:54,38,113.78947368421052,4324,0.0265388112319143,18,174.38888888888889,3139,0.0551157262590196,0,4.4,1.2,21.8,25.4,9.6,7.6,0.3239999999999999,0.15,-1.0,5299.6,20.0,-84.66666666666667,5.599999999999999
2026-01-30 14:30:55,29,114.79310344827586,3329,0.0330095866630817,17,169.76470588235293,2886,0.0580657089457792,0,3.6,1.0,21.8,25.4,7.6,5.4,0.258,0.102,2.2,1704.6,20.0,-84.66666666666667,31.2
2026-01-30 14:30:56,15,113.6,1704,0.0694315433502197,17,184.41176470588235,3135,0.0584024120779598,0,4.6,1.2,21.6,25.8,9.6,6.6,0.3419999999999999,0.13,-1.0,5287.8,20.0,-83.66666666666667,39.73333333333333
2026-01-30 14:30:57,42,113.71428571428572,4776,0.0236969732102893,19,174.57894736842104,3317,0.0521128930543598,0,4.2,1.0,22.8,25.2,8.8,6.8,0.3,0.13,2.2,1717.4,20.0,-89.33333333333333,5.599999999999999
2026-01-30 14:30:58,42,112.0,4704,0.0232033843085879,21,183.95238095238096,3863,0.0502591927846272,0,4.8,1.2,21.4,26.2,9.6,7.0,0.3139999999999999,0.158,-1.0,3631.0,20.0,-84.0,31.2
2026-01-30 14:30:59,31,114.25806451612904,3542,0.0329066784151138,19,182.0,3458,0.0522509374116596,0,4.4,1.0,21.6,26.0,8.2,6.0,0.316,0.1339999999999999,2.2,2705.8,20.0,-78.0,48.29999999999999
2026-01-30 14:31:00,44,113.97727272727272,5015,0.0225640426982532,17,192.1764705882353,3267,0.0580381225137149,0,4.8,1.2,21.4,26.2,9.6,7.0,0.3139999999999999,0.158,-1.0,3631.0,20.0,-84.0,31.2
2026-01-30 14:31:01,34,113.41176470588236,3856,0.0295877947526819,21,198.47619047619048,4168,0.0472456160045805,0,4.0,1.0,21.6,26.2,9.4,6.6,0.3179999999999999,0.172,-1.0,37.8,20.0,-74.66666666666667,39.9
2026-01-30 14:31:02,40,112.675,4507,0.0251905024051666,19,185.3684210526316,3522,0.052002003318385,0,4.2,1.2,21.6,25.8,8.0,6.6,0.34,0.194,-1.0,41.4,20.0,-92.33333333333331,14.133333333333333
2026-01-30 14:31:03,37,113.83783783783784,4212,0.0264901857118348,17,201.1764705882353,3420,0.0584140665390912,0,4.8,1.2,21.2,25.0,7.0,7.2,0.3259999999999999,0.1159999999999999,-1.0,1051.2,20.0,-90.66666666666669,14.133333333333333
2026-01-30 14:31:04,32,113.9375,3646,0.0293222814798355,19,170.10526315789474,3232,0.0521484174226459,0,4.0,1.2,21.8,25.2,8.6,6.4,0.312,0.162,-1.0,1688.6,20.0,-75.33333333333333,31.266666666666666
2026-01-30 14:31:05,17,112.70588235294116,1916,0.0633914190180161,18,159.5,2871,0.05846283170912,0,4.4,1.2,21.2,25.8,7.4,6.4,0.352,0.128,-1.0,1045.8,20.0,-84.66666666666667,39.766666666666666
2026-01-30 14:31:06,40,114.725,4589,0.0248112201690673,18,178.88888888888889,3220,0.0556364986631605,0,4.0,1.2,21.8,25.2,8.6,6.4,0.312,0.162,-1.0,1688.6,20.0,-75.33333333333333,31.266666666666666
2026-01-30 14:31:07,45,114.35555555555555,5146,0.0217439598507351,20,168.95,3379,0.0489970564842224,0,4.2,1.2,21.4,25.8,7.4,6.4,0.376,0.126,-1.0,1051.8,20.0,-90.0,31.2
2026-01-30 14:31:08,47,116.08510638297872,5456,0.0217455701625093,19,181.1052631578948,3441,0.0535392510263543,0,4.0,1.2,21.8,24.8,8.8,7.2,0.3259999999999999,0.184,-1.0,2280.0,20.0,-86.33333333333333,22.666666666666668
2026-01-30 14:31:09,34,117.0,3978,0.0296046523486866,20,182.5,3650,0.0495230078697204,0,4.0,1.6,21.0,24.4,7.6,9.0,0.384,0.17,-1.0,55.6,20.0,-83.0,22.73333333333333
2026-01-30 14:31:10,34,121.67647058823528,4137,0.0291397010578828,19,197.1052631578948,3745,0.0527166316383763,0,3.8,1.8,20.8,23.0,8.4,7.4,0.268,0.184,2.0,2534.0,20.0,-91.33333333333331,48.26666666666666
2026-01-30 14:31:11,36,113.36111111111111,4081,0.0279769765006171,19,216.0,4104,0.0533882065823203,0,4.0,1.6,21.0,24.4,7.6,9.0,0.384,0.17,-1.0,55.6,20.0,-83.0,22.73333333333333
2026-01-30 14:31:12,45,113.77777777777776,5120,0.0210269980960422,23,211.1304347826087,4856,0.0430294327113939,0,4.0,1.6,21.4,24.4,8.0,8.6,0.378,0.182,-1.0,53.8,20.0,-85.0,-2.9333333333333336
2026-01-30 14:31:13,43,115.3720930232558,4961,0.0245498391084892,18,239.11111111111111,4304,0.0548949506547715,0,4.0,1.6,21.2,25.0,8.0,9.0,0.3359999999999999,0.178,-1.0,58.8,20.0,-86.0,-11.466666666666669
2026-01-30 14:31:14,41,113.8780487804878,4669,0.0241896350209305,18,245.72222222222223,4423,0.0550306638081868,0,4.0,1.6,20.8,23.2,8.6,7.8,0.2439999999999999,0.1679999999999999,2.0,886.6,20.0,-79.66666666666667,14.166666666666666
2026-01-30 14:31:15,40,114.15,4566,0.0247988700866699,16,248.6875,3979,0.0623979419469833,0,4.0,1.6,20.6,24.6,8.4,9.6,0.268,0.18,-1.0,57.0,20.0,-82.66666666666667,14.133333333333333
2026-01-30 14:31:16,27,115.70370370370372,3124,0.0373216734992133,17,233.58823529411765,3971,0.0577702943016501,0,4.0,1.8,20.6,22.0,8.8,7.8,0.226,0.18,2.0,878.2,20.0,-86.66666666666667,31.2
2026-01-30 14:31:17,35,114.65714285714286,4013,0.0286757401057652,20,180.65,3613,0.0495450019836425,0,4.0,1.6,20.6,24.6,8.4,9.6,0.268,0.18,-1.0,57.0,20.0,-82.66666666666667,14.133333333333333
2026-01-30 14:31:18,43,114.74418604651164,4934,0.0230735124543655,17,197.4705882352941,3357,0.0582429380977855,0,4.0,1.6,20.6,24.2,8.0,9.0,0.274,0.188,-1.0,48.8,20.0,-88.33333333333333,14.133333333333333
2026-01-30 14:31:19,25,115.44,2886,0.0403929615020751,19,189.05263157894737,3592,0.0554778450413754,0,4.2,1.2,22.2,24.6,8.4,7.0,0.32,0.174,-1.0,1991.8,20.0,-87.66666666666667,5.599999999999999
2026-01-30 14:31:20,20,112.85,2257,0.0505882501602172,17,187.05882352941177,3180,0.0584627039292279,0,3.6,1.4,22.2,22.8,8.0,6.4,0.2799999999999999,0.1279999999999999,-1.0,284.6,20.0,-80.66666666666667,14.133333333333333
2026-01-30 14:31:21,24,112.625,2703,0.0406245390574137,17,192.41176470588235,3271,0.058020647834329,0,3.8,1.2,21.8,24.0,8.4,6.4,0.292,0.158,-1.0,3086.0,20.0,-87.0,14.133333333333333
2026-01-30 14:31:22,21,113.14285714285714,2376,0.0470978078388032,20,178.7,3574,0.0496084928512573,0,3.2,1.4,22.2,22.4,8.0,5.8,0.2699999999999999,0.13,-1.0,288.2,20.0,-87.66666666666667,14.133333333333333
2026-01-30 14:31:23,37,115.64864864864865,4279,0.0275659754469588,20,194.8,3896,0.0494669556617736,0,4.0,1.0,21.4,24.6,7.8,5.2,0.3339999999999999,0.194,-1.0,3081.8,20.0,-85.33333333333333,-2.9333333333333336
2026-01-30 14:31:24,37,115.2162162162162,4263,0.0273351347124254,21,191.04761904761904,4012,0.0474344208126976,0,3.2,1.4,22.2,22.4,8.0,5.8,0.2699999999999999,0.13,-1.0,288.2,20.0,-87.66666666666667,14.133333333333333
2026-01-30 14:31:25,38,113.28947368421052,4305,0.025671733053107,18,219.72222222222223,3955,0.0583984454472859,0,4.6,1.6,20.2,21.6,8.0,5.6,0.302,0.156,-1.0,1253.0,20.0,-89.33333333333333,22.666666666666668
2026-01-30 14:31:26,32,114.6875,3670,0.0314498767256736,18,197.44444444444449,3554,0.054835557937622,0,5.0,1.6,19.4,21.8,7.4,5.6,0.296,0.152,-1.0,1585.0,20.0,-86.0,14.133333333333333
2026-01-30 14:31:27,25,114.2,2855,0.0395557594299316,20,191.7,3834,0.0495444536209106,0,4.6,1.6,20.2,21.6,8.0,5.6,0.302,0.156,-1.0,1253.0,20.0,-89.33333333333333,22.666666666666668
2026-01-30 14:31:28,36,112.47222222222224,4049,0.0281448364257812,20,193.85,3877,0.0499026536941528,0,5.0,1.2,19.6,23.6,7.4,5.6,0.268,0.188,-1.0,4094.4,20.0,-92.66666666666669,14.133333333333333
2026-01-30 14:31:29,16,114.75,1836,0.0610458105802536,18,189.5,3411,0.0545481046040852,0,4.6,1.8,18.2,22.0,7.4,5.8,0.186,0.178,0.8,2154.8,20.0,-89.0,39.73333333333333
2026-01-30 14:31:30,12,116.33333333333331,1396,0.0865709980328877,17,178.58823529411765,3036,0.0583853581372429,0,5.2,2.4,17.4,20.8,7.4,7.6,0.21,0.174,-1.0,1337.2,20.0,-83.33333333333333,22.666666666666668
2026-01-30 14:31:31,14,112.57142857142856,1576,0.0705985001155308,17,173.52941176470588,2950,0.0620554615469539,0,5.2,1.8,17.8,21.0,6.4,5.8,0.2219999999999999,0.148,3.0,1055.8,20.0,-89.33333333333333,5.599999999999999
2026-01-30 14:31:32,26,110.92307692307692,2884,0.038684267264146,19,167.52631578947367,3183,0.0526020526885986,0,5.2,2.4,17.4,20.8,7.4,7.6,0.21,0.174,-1.0,1337.2,20.0,-83.33333333333333,22.666666666666668
2026-01-30 14:31:33,17,116.82352941176472,1986,0.0547530651092529,17,184.7058823529412,3140,0.0577790596905876,0,5.2,2.0,17.2,19.6,6.4,6.0,0.196,0.1339999999999999,3.0,1051.0,20.0,-94.33333333333331,31.2
2026-01-30 14:31:34,12,118.0,1416,0.0879164139429728,17,170.7058823529412,2902,0.0580607161802404,0,5.0,2.4,16.2,20.6,7.0,7.0,0.162,0.166,-1.0,368.6,20.0,-87.66666666666667,56.79999999999999
2026-01-30 14:31:35,9,114.55555555555556,1031,0.1138414276970757,17,174.58823529411765,2968,0.0588764583363252,0,4.4,1.8,17.2,20.6,6.6,4.8,0.202,0.136,3.0,51.2,20.0,-88.66666666666667,5.599999999999999
2026-01-30 14:31:36,20,107.9,2158,0.0487800002098083,19,176.3684210526316,3351,0.0515610042371247,0,4.2,2.2,17.0,21.4,7.2,6.0,0.164,0.176,-1.0,31.0,20.0,-93.33333333333331,5.599999999999999
2026-01-30 14:31:37,27,110.85185185185183,2993,0.0372558169894748,19,168.78947368421052,3207,0.0526003712101986,0,4.4,1.8,17.2,20.6,6.6,4.8,0.202,0.136,3.0,51.2,20.0,-88.66666666666667,5.599999999999999
2026-01-30 14:31:38,29,110.72413793103448,3211,0.0331328655111378,18,181.94444444444449,3275,0.0581589937210083,0,4.4,1.8,17.2,19.8,6.8,5.2,0.208,0.1379999999999999,3.0,43.8,20.0,-95.0,-2.9333333333333336
2026-01-30 14:31:39,18,111.77777777777776,2012,0.0580346584320068,17,188.05882352941177,3197,0.0582514790927662,0,4.4,1.6,18.4,20.0,6.6,4.4,0.246,0.126,1.2,44.6,20.0,-86.33333333333333,5.599999999999999
2026-01-30 14:31:40,20,113.6,2272,0.0487587571144104,17,181.1764705882353,3080,0.0597155795377843,0,3.6,1.8,18.8,20.4,6.2,3.2,0.152,0.17,-1.0,36.2,20.0,-88.0,31.2
2026-01-30 14:31:41,31,113.29032258064515,3512,0.0333345474735383,17,186.64705882352945,3173,0.0566347066093893,0,3.8,1.8,19.0,20.2,7.2,4.8,0.218,0.144,-1.0,1494.2,20.0,-92.0,5.599999999999999
2026-01-30 14:31:42,37,112.43243243243244,4160,0.0263339699925603,19,183.31578947368425,3483,0.0527800007870322,0,3.4,1.6,19.8,21.2,6.2,3.8,0.156,0.158,-1.0,30.8,20.0,-92.66666666666669,14.133333333333333
2026-01-30 14:31:43,41,119.8048780487805,4912,0.0250746389714682,19,179.05263157894737,3402,0.0519513707411916,0,3.8,1.8,19.0,20.2,7.2,4.8,0.218,0.144,-1.0,1494.2,20.0,-92.0,5.599999999999999
2026-01-30 14:31:44,39,112.74358974358974,4397,0.0247288422706799,24,170.08333333333334,4082,0.0436232884724934,0,3.4,1.6,20.2,20.8,7.6,5.0,0.234,0.15,-1.0,1497.6,20.0,-91.0,31.2
2026-01-30 14:31:45,36,113.05555555555556,4070,0.028357360098097,17,166.58823529411765,2832,0.0584218922783346,0,3.0,1.8,22.2,19.8,7.4,5.4,0.312,0.142,-1.0,4801.2,20.0,-87.33333333333333,22.666666666666668
2026-01-30 14:31:46,37,114.24324324324324,4227,0.0267246800499993,17,172.1764705882353,2927,0.059046703226426,0,2.6,1.8,22.0,20.0,5.6,5.0,0.226,0.156,-1.0,689.4,20.0,-91.0,5.599999999999999
2026-01-30 14:31:47,21,112.38095238095238,2360,0.0471808569771902,19,173.52631578947367,3297,0.0512713131151701,0,3.0,1.8,22.0,20.4,7.6,5.0,0.3,0.138,-1.0,4806.0,20.0,-93.0,31.2
2026-01-30 14:31:48,21,115.0,2415,0.0449600446791875,17,187.52941176470588,3188,0.0586585858288933,0,2.6,1.6,22.2,21.0,6.0,4.8,0.2779999999999999,0.148,-1.0,684.4,20.0,-90.66666666666669,-20.0
2026-01-30 14:31:49,24,116.5,2796,0.0440086623032887,20,200.8,4016,0.0495920538902282,0,3.0,1.8,22.0,20.4,7.6,5.0,0.3,0.138,-1.0,4806.0,20.0,-93.0,31.2
2026-01-30 14:31:50,17,115.3529411764706,1961,0.0603865875917322,17,185.4705882352941,3153,0.0581195214215446,0,3.0,1.4,22.0,22.2,8.2,5.2,0.2779999999999999,0.152,-1.0,4810.2,20.0,-87.33333333333333,22.666666666666668
2026-01-30 14:31:51,31,137.96774193548387,4277,0.0305947103808003,24,151.20833333333334,3629,0.0437461336453755,0,2.8,1.2,21.8,23.0,7.6,4.6,0.264,0.162,-1.0,3358.8,20.0,-90.33333333333331,5.599999999999999
2026-01-30 14:31:52,7,118.42857142857144,829,0.1371260029929024,21,147.9047619047619,3106,0.0474396660214378,0,3.4,1.4,22.0,23.4,7.4,5.4,0.312,0.16,-1.0,693.8,20.0,-92.66666666666669,14.133333333333333
2026-01-30 14:31:53,4,125.5,502,0.2621520161628723,18,164.66666666666666,2964,0.0547764433754815,0,2.6,1.2,21.8,23.4,6.8,3.8,0.248,0.158,-1.0,3353.0,20.0,-90.66666666666669,5.599999999999999
2026-01-30 14:31:54,4,125.5,502,0.2613319754600525,19,168.26315789473685,3197,0.0518917911931088,0,3.2,1.2,21.8,24.8,7.6,4.6,0.302,0.182,-1.0,302.6,20.0,-87.33333333333333,31.2
2026-01-30 14:31:55,7,107.14285714285714,750,0.1393045697893415,22,148.86363636363637,3275,0.0454063632271506,0,2.4,1.0,21.6,24.2,6.8,3.6,0.162,0.1699999999999999,-1.0,37.8,20.0,-89.33333333333333,14.133333333333333
2026-01-30 14:31:56,6,120.66666666666669,724,0.1381400028864542,19,157.89473684210526,3000,0.0515843065161454,0,3.2,1.2,21.8,24.8,7.6,4.6,0.302,0.182,-1.0,302.6,20.0,-87.33333333333333,31.2
2026-01-30 14:31:57,9,111.33333333333331,1002,0.1027514669630262,24,148.33333333333334,3560,0.041290541489919,0,3.2,1.4,21.8,23.4,7.6,4.0,0.248,0.174,-1.0,25.8,20.0,-92.0,5.599999999999999
2026-01-30 14:31:58,4,117.0,468,0.3083239793777466,19,163.68421052631578,3110,0.0556851688184236,0,3.4,1.4,21.6,23.6,7.6,4.4,0.176,0.19,-1.0,29.2,20.0,-85.66666666666667,-2.9333333333333336
2026-01-30 14:31:59,3,117.0,351,0.3094626267751058,19,149.31578947368422,2837,0.0526836294876901,0,2.4,1.0,21.6,23.8,5.8,2.6,0.1339999999999999,0.15,-1.0,15.8,20.0,-89.66666666666667,31.2
2026-01-30 14:32:00,4,111.25,445,0.2315115332603454,19,151.78947368421052,2884,0.0514784737637168,0,3.2,1.4,22.0,22.8,7.0,4.0,0.14,0.214,-1.0,24.6,20.0,-92.33333333333331,14.133333333333333
2026-01-30 14:32:01,3,117.0,351,0.3092312812805176,18,148.61111111111111,2675,0.0562389956580268,0,2.4,1.8,21.4,21.2,5.6,3.4,0.1319999999999999,0.156,0.8,10.6,20.0,-86.0,31.2
2026-01-30 14:32:02,6,114.33333333333331,686,0.2057571808497111,20,143.2,2864,0.0484807968139648,0,2.4,1.8,22.2,21.8,6.8,2.6,0.1619999999999999,0.212,1.6,10.4,20.0,-82.66666666666667,14.133333333333333
2026-01-30 14:32:03,4,111.25,445,0.230542778968811,20,151.8,3036,0.0514932990074157,0,3.2,1.8,21.6,21.4,6.4,4.0,0.1399999999999999,0.148,3.6,22.2,20.0,-81.0,22.666666666666668
2026-01-30 14:32:04,3,117.0,351,0.3086459636688232,19,169.1578947368421,3214,0.05343969244706,0,2.4,1.8,22.6,22.4,6.8,2.8,0.174,0.216,4.6,11.8,20.0,-89.66666666666667,14.133333333333333
2026-01-30 14:32:05,3,117.0,351,0.3104623158772786,18,157.66666666666666,2838,0.0552731619940863,0,3.4,2.0,21.4,21.4,6.6,3.8,0.196,0.184,3.6,21.2,20.0,-89.33333333333333,48.26666666666667
2026-01-30 14:32:06,5,123.6,618,0.2474074363708496,19,159.21052631578948,3025,0.0517309464906391,0,2.4,1.8,22.6,22.4,6.8,2.8,0.174,0.216,4.6,11.8,20.0,-89.66666666666667,14.133333333333333
2026-01-30 14:32:07,23,114.65217391304348,2637,0.0436983004860256,20,158.7,3174,0.0495561480522155,0,2.2,1.6,22.6,23.8,7.0,2.6,0.192,0.22,4.6,12.0,20.0,-82.33333333333333,22.666666666666668
2026-01-30 14:32:08,15,111.8,1677,0.0643473943074544,17,180.23529411764707,3064,0.058230063494514,0,2.2,1.6,22.6,23.8,7.8,3.0,0.232,0.2,4.6,12.2,20.0,-82.66666666666667,48.26666666666667
2026-01-30 14:32:09,12,111.91666666666669,1343,0.0783692598342895,18,188.0,3384,0.0551867220136854,0,3.4,2.0,21.6,22.6,6.4,4.2,0.196,0.204,3.6,27.8,20.0,-87.66666666666667,22.666666666666668
2026-01-30 14:32:10,23,111.04347826086956,2554,0.0457146064094875,20,187.4,3748,0.0505342483520507,0,2.2,1.4,22.4,24.8,9.0,3.8,0.246,0.176,4.6,47.4,20.0,-89.33333333333333,39.73333333333333
2026-01-30 14:32:11,14,117.92857142857144,1651,0.0746630770819527,21,167.33333333333334,3514,0.0493855703444707,0,3.6,1.2,21.8,25.2,6.8,3.6,0.24,0.222,4.4,45.0,20.0,-85.66666666666667,22.7
2026-01-30 14:32:12,11,113.54545454545456,1249,0.0873855460773814,17,166.58823529411765,2832,0.0540632921106675,0,2.2,1.4,22.4,24.8,9.0,3.8,0.246,0.176,4.6,47.4,20.0,-89.33333333333333,39.73333333333333
2026-01-30 14:32:13,12,109.66666666666669,1316,0.0837667385737101,18,173.38888888888889,3121,0.0595460070504082,0,3.2,1.4,21.8,24.2,6.8,3.6,0.2519999999999999,0.212,4.2,58.2,20.0,-89.66666666666667,39.73333333333333
2026-01-30 14:32:14,13,112.84615384615384,1467,0.0700698449061467,17,165.7058823529412,2817,0.0571820034700281,0,2.2,1.2,21.2,24.0,8.6,4.2,0.222,0.166,2.0,116.6,20.0,-91.33333333333331,22.666666666666668
2026-01-30 14:32:15,13,116.07692307692308,1509,0.0829284741328312,18,170.11111111111111,3062,0.0556694401635064,0,3.2,1.2,21.6,23.4,6.4,3.6,0.27,0.164,4.2,59.4,20.0,-90.0,31.2
2026-01-30 14:32:16,17,135.35294117647058,2301,0.0597392250509823,20,182.85,3657,0.0493479967117309,0,2.4,1.2,21.2,23.6,9.2,4.6,0.2279999999999999,0.1699999999999999,2.0,125.4,20.0,-91.33333333333331,5.633333333333333
2026-01-30 14:32:17,12,116.66666666666669,1400,0.0761279265085856,20,171.95,3439,0.0491418004035949,0,3.0,1.4,21.6,22.2,6.2,3.6,0.284,0.158,7.3,63.4,20.0,-91.0,48.26666666666666
2026-01-30 14:32:18,13,109.3846153846154,1422,0.0808236048771784,20,172.4,3448,0.049398648738861,0,2.4,1.2,21.2,23.6,9.2,4.6,0.2279999999999999,0.1699999999999999,2.0,125.4,20.0,-91.33333333333331,5.633333333333333
2026-01-30 14:32:19,15,108.33333333333331,1625,0.0669699350992838,22,172.4090909090909,3793,0.0480984557758678,0,2.4,1.2,21.0,23.8,8.0,4.2,0.204,0.1619999999999999,5.14,133.8,20.0,-94.0,-2.9333333333333336
2026-01-30 14:32:20,10,114.0,1140,0.0954765081405639,17,178.35294117647058,3032,0.0581747083102955,0,2.6,1.2,21.0,23.2,7.6,4.0,0.182,0.16,5.14,122.0,20.0,-94.66666666666669,31.2
2026-01-30 14:32:21,15,113.86666666666666,1708,0.0735322634379069,18,174.83333333333334,3147,0.0550581084357367,0,3.0,1.4,22.0,21.6,5.8,3.4,0.24,0.098,7.459999999999999,52.0,20.0,-91.66666666666669,5.599999999999999
2026-01-30 14:32:22,12,113.16666666666669,1358,0.0788465936978658,19,164.6315789473684,3128,0.0520595249376798,0,2.6,1.2,21.0,23.4,8.4,4.2,0.138,0.166,2.14,124.8,20.0,-92.33333333333331,5.599999999999999
2026-01-30 14:32:23,12,116.66666666666669,1400,0.0841702421506245,19,161.68421052631578,3072,0.054208052785773,0,3.0,1.4,22.0,21.6,5.8,3.4,0.24,0.098,7.459999999999999,52.0,20.0,-91.66666666666669,5.599999999999999
2026-01-30 14:32:24,11,117.36363636363636,1291,0.0942730036648837,18,182.22222222222223,3280,0.0528175565931532,0,2.6,1.4,22.0,22.0,5.2,2.6,0.1699999999999999,0.108,7.06,24.8,20.0,-91.33333333333331,-2.9333333333333336
2026-01-30 14:32:25,37,115.32432432432432,4267,0.0273966467058336,19,175.05263157894737,3326,0.0556355275605854,0,2.6,1.4,22.6,22.4,5.2,3.0,0.1,0.1059999999999999,9.66,2012.8,20.0,-87.0,-2.9333333333333336
2026-01-30 14:32:26,15,109.46666666666668,1642,0.0602542718251546,20,174.15,3483,0.0498099565505981,0,2.6,1.0,22.2,23.4,8.2,4.4,0.152,0.164,4.84,2402.6,20.0,-90.66666666666669,5.599999999999999
2026-01-30 14:32:27,30,114.93333333333334,3448,0.0364040295282999,20,172.6,3452,0.0491991996765136,0,2.6,1.4,22.8,21.4,5.0,3.0,0.066,0.116,6.56,2015.6,20.0,-92.66666666666669,-2.9333333333333336
2026-01-30 14:32:28,36,112.58333333333331,4053,0.0275079740418328,17,173.1764705882353,2944,0.0583610534667968,0,2.8,1.2,22.4,21.6,8.8,5.2,0.18,0.182,1.7,3493.4,20.0,-93.0,22.666666666666668
2026-01-30 14:32:29,43,113.6046511627907,4885,0.0234580261762752,17,155.2941176470588,2640,0.0585752374985638,0,2.6,1.6,22.4,19.0,4.6,3.8,0.084,0.124,5.8,2628.2,20.0,-88.0,22.666666666666668
2026-01-30 14:32:30,30,116.43333333333334,3493,0.0330903609593709,18,166.55555555555554,2998,0.0543835560480753,0,2.8,1.2,22.4,21.6,8.8,5.2,0.18,0.182,1.7,3493.4,20.0,-93.0,22.666666666666668
2026-01-30 14:32:31,25,116.48,2912,0.0404378414154052,19,154.1578947368421,2929,0.0522725707606265,0,2.6,1.6,22.4,19.0,4.6,3.8,0.084,0.124,5.8,2628.2,20.0,-88.0,22.666666666666668
2026-01-30 14:32:37,10,120.9,1209,0.1019375085830688,22,150.3181818181818,3307,0.0479604981162331,0,2.8,1.4,22.8,21.6,6.6,5.2,0.218,0.194,9.5,4426.2,20.0,-93.66666666666669,31.2
2026-01-30 14:32:38,48,114.70833333333331,5506,0.0206759373346964,20,165.8,3316,0.0494977474212646,0,3.2,1.2,23.4,22.0,6.6,5.6,0.184,0.17,7.340000000000001,3614.2,20.0,-91.0,31.2
2026-01-30 14:32:39,45,115.88888888888889,5215,0.0228028403388129,17,179.52941176470588,3052,0.0584084707147934,0,2.8,1.4,23.2,22.6,6.8,5.0,0.232,0.21,7.5,8497.0,20.0,-87.0,5.599999999999999
2026-01-30 14:32:40,11,113.54545454545456,1249,0.0887739224867387,17,182.41176470588235,3101,0.0580534794751335,0,3.4,1.8,24.0,21.0,5.8,5.6,0.2799999999999999,0.2,4.34,1142.6,20.0,-87.66666666666667,14.133333333333333
2026-01-30 14:32:41,19,114.63157894736842,2178,0.0521971551995528,17,185.1176470588236,3147,0.0581815803752226,0,2.8,1.4,23.2,22.6,6.8,5.0,0.232,0.21,7.5,8497.0,20.0,-87.0,5.599999999999999
2026-01-30 14:32:42,24,109.54166666666669,2629,0.0379934112230936,23,169.04347826086956,3888,0.043482438377712,0,3.0,3.0,23.0,18.8,5.6,4.4,0.26,0.176,5.8,8518.4,20.0,-89.0,14.133333333333333
2026-01-30 14:32:43,24,115.29166666666669,2767,0.0466479659080505,17,175.2941176470588,2980,0.0577205349417293,0,2.8,3.0,22.8,20.2,6.0,3.6,0.204,0.174,5.8,7066.8,20.0,-89.66666666666667,31.2
2026-01-30 14:32:44,38,114.23684210526316,4341,0.0253090795717741,20,199.95,3999,0.0527848958969116,0,3.6,2.0,23.6,20.6,6.6,5.6,0.284,0.202,4.34,2588.6,20.0,-87.0,5.599999999999999
2026-01-30 14:32:45,44,114.63636363636364,5044,0.0236160863529552,17,215.2941176470588,3660,0.0583500020644244,0,2.8,3.0,22.8,20.2,6.0,3.6,0.204,0.174,5.8,7066.8,20.0,-89.66666666666667,31.2
2026-01-30 14:32:46,40,115.525,4621,0.0248690545558929,18,186.94444444444449,3365,0.0550063848495483,0,3.4,2.8,22.8,20.4,6.4,5.0,0.252,0.166,6.4,7084.2,20.0,-81.66666666666667,-2.9333333333333336
2026-01-30 14:32:47,43,114.83720930232558,4938,0.023073113241861,19,200.31578947368425,3806,0.051961948997096,0,3.6,3.0,22.6,19.6,6.0,5.4,0.2259999999999999,0.16,3.7,4782.2,20.0,-86.33333333333333,31.2
2026-01-30 14:32:48,44,113.27272727272728,4984,0.0228694081306457,18,183.66666666666663,3306,0.0552519427405463,0,3.8,2.2,22.6,20.4,8.0,7.4,0.2279999999999999,0.1999999999999999,-1.0,1508.8,20.0,-83.66666666666667,22.666666666666668
2026-01-30 14:32:49,33,123.03030303030305,4060,0.0306226990439675,19,169.52631578947367,3221,0.0529073163082725,0,3.8,3.0,22.6,20.2,7.2,5.6,0.238,0.13,3.7,1775.6,20.0,-85.33333333333333,31.2
2026-01-30 14:32:50,26,113.73076923076924,2957,0.0380963453879723,19,190.1052631578948,3612,0.0525751615825452,0,3.4,1.6,22.2,21.6,9.2,7.6,0.154,0.176,-1.0,3892.8,20.0,-82.66666666666667,5.599999999999999
2026-01-30 14:32:51,29,111.86206896551724,3244,0.0346837619255329,22,190.4090909090909,4189,0.0467036312276666,0,3.8,1.6,22.6,22.8,7.4,5.8,0.166,0.154,2.2,1744.2,20.0,-78.33333333333333,14.133333333333333
2026-01-30 14:32:52,37,112.08108108108108,4147,0.0260231881528287,23,164.30434782608697,3779,0.0417151347450588,0,3.4,1.6,22.2,21.6,9.2,7.6,0.154,0.176,-1.0,3892.8,20.0,-82.66666666666667,5.599999999999999
2026-01-30 14:32:53,45,113.17777777777778,5093,0.0230534659491644,22,178.4090909090909,3925,0.0468255389820445,0,3.2,1.4,22.2,21.4,9.8,8.0,0.162,0.142,-1.0,4204.8,20.0,-82.0,48.26666666666666
2026-01-30 14:32:54,17,111.94117647058825,1903,0.0537185949437758,17,176.52941176470588,3001,0.0578614122727338,0,3.2,1.2,22.2,22.4,10.0,7.8,0.164,0.13,-1.0,2761.6,20.0,-80.66666666666667,22.666666666666668
2026-01-30 14:32:55,36,114.02777777777776,4105,0.0302519136004977,17,179.94117647058823,3059,0.0582089985118192,0,3.8,1.6,22.4,22.6,6.8,5.6,0.188,0.1399999999999999,-1.0,1734.4,20.0,-82.0,5.599999999999999
2026-01-30 14:32:56,32,113.9375,3646,0.0300116911530494,17,179.2941176470588,3048,0.0585069516125847,0,2.6,1.2,22.2,22.6,10.4,6.8,0.174,0.112,-1.0,2752.0,20.0,-77.66666666666667,14.133333333333333
2026-01-30 14:32:57,38,113.8157894736842,4325,0.0268851581372712,17,183.05882352941177,3112,0.0588450011085061,0,3.8,1.6,22.4,22.6,6.8,5.6,0.188,0.1399999999999999,-1.0,1734.4,20.0,-82.0,5.599999999999999
2026-01-30 14:32:58,41,114.65853658536584,4701,0.0240949712148526,20,162.4,3248,0.0522927403450012,0,3.6,1.4,22.4,23.6,7.4,5.6,0.2339999999999999,0.146,-1.0,1729.6,20.0,-77.66666666666667,39.73333333333333
2026-01-30 14:32:59,24,113.70833333333331,2729,0.0385911266009012,17,171.2941176470588,2912,0.0578986476449405,0,3.4,1.2,22.4,23.6,6.6,5.2,0.214,0.158,1.6,55.0,20.0,-83.33333333333333,-2.9333333333333336
2026-01-30 14:33:00,16,114.25,1828,0.0690403133630752,17,187.4705882352941,3187,0.058376999462352,0,2.4,1.0,22.2,23.0,9.4,6.0,0.162,0.114,-1.0,2744.4,20.0,-81.33333333333333,39.73333333333333
2026-01-30 14:33:01,26,114.53846153846152,2978,0.0357189636964064,17,176.64705882352942,3003,0.0584872470182531,0,3.2,1.0,22.4,23.6,6.8,5.6,0.244,0.158,1.6,52.0,20.0,-80.33333333333333,14.133333333333333
2026-01-30 14:33:02,26,110.8076923076923,2881,0.0407067720706646,24,161.375,3873,0.040880411863327,0,2.4,1.2,22.2,22.4,8.8,5.4,0.18,0.13,-1.0,3868.6,20.0,-82.0,5.599999999999999
2026-01-30 14:33:03,16,114.5,1832,0.0555838644504547,17,188.41176470588235,3203,0.0594059439266429,0,3.2,1.0,22.4,23.6,6.8,5.6,0.244,0.158,1.6,52.0,20.0,-80.33333333333333,14.133333333333333
2026-01-30 14:33:04,10,114.0,1140,0.104099702835083,18,181.61111111111111,3269,0.0576563278834025,0,2.2,1.4,22.2,21.0,8.0,4.8,0.158,0.1399999999999999,-1.0,3859.0,20.0,-87.33333333333333,22.666666666666668
2026-01-30 14:33:05,10,114.0,1140,0.1021274089813232,16,184.8125,2957,0.0620159357786178,0,3.0,1.6,22.2,22.0,7.0,5.2,0.254,0.178,1.6,46.4,20.0,-84.66666666666667,14.133333333333333
2026-01-30 14:33:06,10,114.0,1140,0.0969470977783203,17,179.0,3043,0.0580303528729607,0,2.2,1.6,22.2,19.8,6.8,3.8,0.1319999999999999,0.14,-1.0,3852.2,20.0,-86.0,14.133333333333333
2026-01-30 14:33:07,22,111.27272727272728,2448,0.0487923622131347,19,161.05263157894737,3060,0.0526104224355597,0,3.0,1.6,22.2,22.0,7.0,5.2,0.254,0.178,1.6,46.4,20.0,-84.66666666666667,14.133333333333333
2026-01-30 14:33:08,28,108.10714285714286,3027,0.0358391744749886,21,176.71428571428572,3711,0.0467615241096133,0,3.2,1.6,22.2,21.6,6.8,4.8,0.188,0.18,1.6,45.4,20.0,-89.33333333333333,-11.466666666666669
2026-01-30 14:33:09,18,111.77777777777776,2012,0.0554391145706176,17,177.2941176470588,3014,0.0581129999721751,0,3.0,1.6,22.0,21.6,7.0,4.6,0.176,0.166,-1.0,44.6,20.0,-84.66666666666667,31.2
2026-01-30 14:33:10,22,107.3181818181818,2361,0.0450417345220392,20,162.95,3259,0.0496487498283386,0,2.2,1.6,22.4,21.2,7.2,3.4,0.122,0.148,1.8,1465.6,20.0,-79.66666666666667,-11.466666666666669
2026-01-30 14:33:11,24,111.16666666666669,2668,0.0424814919630686,18,186.8333333333333,3363,0.0586123863855997,0,3.2,1.6,21.8,22.6,7.2,4.0,0.204,0.164,2.2,449.0,20.0,-82.33333333333333,-11.466666666666669
2026-01-30 14:33:12,27,110.92592592592592,2995,0.0360630441595006,19,163.6315789473684,3109,0.0520542169872083,0,2.4,1.4,22.6,22.6,8.8,4.0,0.11,0.158,1.8,40.4,20.0,-88.66666666666667,14.133333333333333
2026-01-30 14:33:13,17,111.05882352941175,1888,0.0562173478743609,18,179.16666666666666,3225,0.0549228853649563,0,3.2,1.6,21.8,22.6,7.2,4.0,0.204,0.164,2.2,449.0,20.0,-82.33333333333333,-11.466666666666669
2026-01-30 14:33:14,23,113.0,2599,0.0444643082826033,17,179.1764705882353,3046,0.0583157679613898,0,2.8,1.4,22.2,23.0,6.2,3.4,0.1339999999999999,0.142,2.2,450.2,20.0,-81.0,31.2
2026-01-30 14:33:15,28,112.92857142857144,3162,0.0371343152863638,19,179.3684210526316,3408,0.0528962612152099,0,3.0,1.0,22.2,24.8,7.0,3.8,0.158,0.158,2.2,462.2,20.0,-79.33333333333333,-11.466666666666669
2026-01-30 14:33:16,23,116.91304347826087,2689,0.0430414780326511,19,172.6315789473684,3280,0.0512610485679224,0,2.8,1.0,22.8,25.6,10.4,5.0,0.172,0.148,1.8,62.4,20.0,-85.66666666666667,31.2
2026-01-30 14:33:17,24,115.125,2763,0.0419985055923461,19,168.73684210526315,3206,0.0520621098970112,0,2.8,1.2,22.2,24.8,7.4,4.2,0.216,0.1679999999999999,2.2,448.4,20.0,-80.66666666666667,5.599999999999999
2026-01-30 14:33:18,25,113.28,2832,0.0403034782409668,18,172.66666666666666,3108,0.059460785653856,0,2.8,1.0,22.8,25.6,10.4,5.0,0.172,0.148,1.8,62.4,20.0,-85.66666666666667,31.2
2026-01-30 14:33:19,42,114.3095238095238,4801,0.0235995962506248,17,178.41176470588235,3033,0.0574449370889102,0,2.8,1.0,22.6,25.0,9.6,5.0,0.166,0.136,1.8,57.8,20.0,-78.66666666666667,39.73333333333333
2026-01-30 14:33:20,41,113.97560975609755,4673,0.0242695110600169,17,191.23529411764707,3251,0.0545834653517779,0,3.0,1.0,22.4,23.6,9.8,5.8,0.158,0.148,-1.0,63.4,20.0,-80.33333333333333,5.599999999999999
2026-01-30 14:33:21,29,116.89655172413794,3390,0.0330769275796824,20,183.3,3666,0.0526548981666564,0,3.0,1.4,22.6,23.0,6.6,4.8,0.202,0.2,-1.0,1482.8,20.0,-84.66666666666667,5.599999999999999
2026-01-30 14:33:22,22,131.63636363636363,2896,0.0474800955165516,21,167.61904761904762,3520,0.0471063341413225,0,2.8,1.2,22.2,21.8,8.0,5.6,0.176,0.142,-1.0,53.4,20.0,-81.0,48.26666666666666
2026-01-30 14:33:23,18,112.0,2016,0.0560617181989881,18,168.61111111111111,3035,0.0586521095699734,0,3.2,1.6,22.4,21.4,6.2,5.0,0.206,0.194,-1.0,1482.2,20.0,-83.0,56.79999999999999
2026-01-30 14:33:24,35,114.88571428571429,4021,0.0278696877615792,17,175.94117647058823,2991,0.0588226458605598,0,2.8,1.2,22.2,21.8,8.0,5.6,0.176,0.142,-1.0,53.4,20.0,-81.0,48.26666666666666
2026-01-30 14:33:25,50,114.48,5724,0.0204791212081909,17,176.7058823529412,3004,0.0581700661603142,0,3.0,2.0,22.0,20.2,8.8,9.2,0.188,0.178,-1.0,1474.0,20.0,-86.0,22.666666666666668
2026-01-30 14:33:26,31,116.93548387096774,3625,0.031489610671997,16,179.4375,2871,0.0573214441537857,0,2.4,1.4,21.0,19.2,6.8,10.6,0.136,0.178,-1.0,32.8,20.0,-86.33333333333333,14.133333333333333
2026-01-30 14:33:27,46,114.82608695652172,5282,0.0222787805225538,22,165.22727272727272,3635,0.0483819029547951,0,3.0,2.0,22.0,20.2,8.8,9.2,0.188,0.178,-1.0,1474.0,20.0,-86.0,22.666666666666668
2026-01-30 14:33:28,33,114.54545454545456,3780,0.030224272699067,22,162.1818181818182,3568,0.0444792725823142,0,2.4,2.0,20.8,17.2,6.6,11.2,0.146,0.1699999999999999,0.3,33.2,20.0,-85.0,39.73333333333333
2026-01-30 14:33:30,29,113.86206896551724,3302,0.0331478941029515,17,170.05882352941177,2891,0.0586472399094525,0,3.2,2.2,22.0,18.8,9.2,9.6,0.158,0.18,-1.0,1480.0,20.0,-80.66666666666667,5.599999999999999
2026-01-30 14:33:31,25,115.04,2876,0.0403470420837402,18,168.72222222222223,3037,0.0582709974712795,0,3.4,2.2,22.0,18.4,9.6,9.8,0.1599999999999999,0.17,-1.0,47.0,20.0,-92.0,31.2
2026-01-30 14:33:32,39,112.17948717948718,4375,0.0265784324743808,20,162.55,3251,0.0494563460350036,0,2.6,2.0,21.0,16.8,6.0,11.2,0.088,0.18,0.3,30.2,20.0,-89.66666666666667,39.73333333333333
2026-01-30 14:33:33,38,112.02631578947368,4257,0.0260928994730899,20,162.35,3247,0.0503345489501953,0,3.4,2.2,22.0,18.4,9.6,9.8,0.1599999999999999,0.17,-1.0,47.0,20.0,-92.0,31.2
2026-01-30 14:33:34,14,119.0,1666,0.0709826435361589,18,180.05555555555554,3241,0.0558613936106363,0,3.2,2.4,22.0,18.0,10.0,10.2,0.174,0.192,-1.0,51.8,20.0,-80.66666666666667,31.2
2026-01-30 14:33:35,35,113.11428571428571,3959,0.0289357389722551,22,172.5909090909091,3797,0.0453572273254394,0,3.2,2.0,22.4,18.4,7.0,5.8,0.188,0.19,-1.0,51.2,20.0,-88.33333333333333,22.666666666666668
2026-01-30 14:33:36,30,113.16666666666669,3395,0.0334453344345092,17,178.94117647058823,3042,0.0559445829952464,0,2.6,1.8,22.0,17.6,6.2,6.8,0.086,0.1659999999999999,0.3,43.2,20.0,-90.0,48.26666666666666
2026-01-30 14:33:37,16,111.625,1786,0.0566939413547515,21,171.38095238095238,3599,0.0501904828207833,0,3.2,2.0,22.4,18.4,7.0,5.8,0.188,0.19,-1.0,51.2,20.0,-88.33333333333333,22.666666666666668
2026-01-30 14:33:38,32,116.4375,3726,0.0336970314383506,18,182.77777777777777,3290,0.0555517143673367,0,2.4,1.8,22.4,19.0,6.8,4.8,0.192,0.178,-1.0,41.0,20.0,-85.0,14.133333333333333
2026-01-30 14:33:39,43,113.72093023255816,4890,0.0226604384045268,18,177.94444444444446,3203,0.0547827217313978,0,2.2,1.6,22.2,19.8,6.6,4.8,0.184,0.17,-1.0,44.6,20.0,-82.33333333333333,14.133333333333333
2026-01-30 14:33:40,19,113.73684210526316,2161,0.0547387976395456,17,173.58823529411765,2951,0.0578865303712732,0,2.4,1.8,22.4,19.0,6.8,4.8,0.192,0.178,-1.0,41.0,20.0,-85.0,14.133333333333333
2026-01-30 14:33:41,28,112.96428571428572,3163,0.0317293916429792,18,163.0,2934,0.0549883974923027,0,2.4,1.4,22.4,19.8,7.0,6.6,0.16,0.188,-1.0,1476.2,20.0,-88.66666666666667,14.133333333333333
2026-01-30 14:33:42,16,110.4375,1767,0.0638771802186966,22,170.1818181818182,3744,0.0451485893943093,0,2.2,1.4,22.4,20.8,7.6,6.2,0.208,0.168,-1.0,3957.8,20.0,-85.66666666666667,31.2
2026-01-30 14:33:43,5,125.4,627,0.2111112117767334,20,167.9,3358,0.0526849031448364,0,2.4,1.2,22.8,20.2,5.4,4.2,0.268,0.146,-1.0,36.2,20.0,-86.33333333333333,-2.9333333333333336
2026-01-30 14:33:44,8,116.75,934,0.1234023869037628,19,155.6315789473684,2957,0.0521051507247121,0,2.4,1.6,22.6,20.8,7.2,5.2,0.284,0.166,-1.0,3947.6,20.0,-90.0,22.666666666666668
2026-01-30 14:33:45,6,122.5,735,0.1654280026753743,18,165.88888888888889,2986,0.0549450582928127,0,2.6,1.4,22.0,18.8,5.0,4.4,0.296,0.136,-1.0,36.4,20.0,-89.66666666666667,39.73333333333333
2026-01-30 14:33:46,5,127.2,636,0.1986653804779052,17,162.0,2754,0.0582945346832275,0,2.4,1.6,22.6,20.8,7.2,5.2,0.284,0.166,-1.0,3947.6,20.0,-90.0,22.666666666666668
2026-01-30 14:33:47,19,114.3157894736842,2172,0.0556696339657432,25,146.04,3651,0.0395656394958496,0,2.8,1.8,20.4,20.4,7.0,4.2,0.3079999999999999,0.168,-1.0,3945.0,20.0,-89.33333333333333,-2.9333333333333336
2026-01-30 14:33:48,34,111.88235294117646,3804,0.0294478220098158,19,164.89473684210526,3133,0.0525765795456735,0,3.0,1.8,21.6,17.8,4.6,4.2,0.2779999999999999,0.144,-1.0,30.6,20.0,-90.0,39.73333333333333
2026-01-30 14:33:49,40,113.125,4525,0.0248099029064178,19,182.0,3458,0.050837052495856,0,3.2,2.2,21.8,15.6,4.4,4.6,0.3139999999999999,0.146,-1.0,688.6,20.0,-89.33333333333333,39.73333333333333
2026-01-30 14:33:50,41,114.26829268292684,4685,0.0245439482898246,20,193.1,3862,0.0506568431854248,0,3.0,2.4,20.4,18.8,6.2,4.6,0.326,0.1619999999999999,-1.0,4498.6,20.0,-92.33333333333331,22.666666666666668
2026-01-30 14:33:51,43,113.0,4859,0.0230227237523988,20,186.65,3733,0.0523545026779174,0,3.8,2.4,22.0,17.2,5.6,5.6,0.3259999999999999,0.186,-1.0,1061.4,20.0,-90.33333333333331,14.133333333333333
2026-01-30 14:33:52,31,111.4516129032258,3455,0.03250245125063,22,190.8636363636364,4199,0.045629544691606,0,3.0,2.4,20.4,18.8,6.2,4.6,0.326,0.1619999999999999,-1.0,4498.6,20.0,-92.33333333333331,22.666666666666668
2026-01-30 14:33:53,23,112.08695652173913,2578,0.0395843464395274,17,224.2941176470588,3813,0.057889419443467,0,3.2,2.4,20.2,19.0,6.8,5.4,0.292,0.176,-1.0,2020.6,20.0,-89.66666666666667,31.2
2026-01-30 14:33:54,20,112.45,2249,0.0540078520774841,17,193.41176470588235,3288,0.0580072262707878,0,3.2,2.2,20.0,20.2,7.8,5.8,0.258,0.18,-1.0,2031.4,20.0,-90.66666666666669,31.2
2026-01-30 14:33:55,34,121.52941176470588,4132,0.0297171718934003,19,183.4736842105264,3486,0.0519411563873291,0,3.8,2.0,22.4,19.6,8.0,6.6,0.2599999999999999,0.176,-1.0,1078.8,20.0,-89.66666666666667,5.599999999999999
2026-01-30 14:33:56,39,113.97435897435898,4445,0.0253946964557354,17,193.58823529411765,3291,0.0582917157341452,0,2.8,2.0,22.2,21.0,8.8,6.4,0.252,0.156,-1.0,2031.0,20.0,-85.0,22.666666666666668
2026-01-30 14:33:57,18,110.94444444444444,1997,0.0554757780498928,21,170.61904761904762,3583,0.050286088671003,0,3.8,1.6,22.6,21.6,8.4,7.0,0.232,0.188,-1.0,1087.0,20.0,-81.66666666666667,48.29999999999999
2026-01-30 14:33:58,30,110.43333333333334,3313,0.0309029261271158,20,169.4,3388,0.0495553970336914,0,2.8,1.8,22.2,21.4,9.2,6.8,0.2239999999999999,0.1379999999999999,-1.0,54.2,20.0,-83.33333333333333,22.666666666666668
2026-01-30 14:33:59,22,115.27272727272728,2536,0.0472669601440429,17,189.23529411764707,3217,0.0582838338964125,0,3.8,1.6,22.6,21.6,8.4,7.0,0.232,0.188,-1.0,1087.0,20.0,-81.66666666666667,48.29999999999999
2026-01-30 14:34:00,38,111.89473684210526,4252,0.0268382335964002,20,175.05,3501,0.0494179487228393,0,3.6,1.2,22.4,24.6,8.2,6.2,0.186,0.176,-1.0,424.6,20.0,-87.66666666666667,56.79999999999999
2026-01-30 14:34:01,21,114.52380952380952,2405,0.0466634318942115,17,190.0,3230,0.0582154638626996,0,3.0,1.0,22.0,24.2,7.4,5.8,0.132,0.15,-1.0,1286.4,20.0,-83.0,48.26666666666667
2026-01-30 14:34:02,13,116.07692307692308,1509,0.0800783817584698,20,165.5,3310,0.0500817060470581,0,2.4,1.0,22.6,24.2,8.4,4.6,0.162,0.11,-1.0,315.6,20.0,-82.0,14.166666666666666
2026-01-30 14:34:03,16,112.875,1806,0.0617092549800872,18,186.27777777777777,3353,0.0579711596171061,0,2.8,1.0,22.0,24.4,6.8,5.0,0.12,0.172,-1.0,1279.4,20.0,-82.66666666666667,22.666666666666668
2026-01-30 14:34:04,16,112.125,1794,0.0578976869583129,17,172.05882352941177,2925,0.0583854703342213,0,2.4,1.0,22.6,24.2,8.4,4.6,0.162,0.11,-1.0,315.6,20.0,-82.0,14.166666666666666
2026-01-30 14:34:05,13,112.84615384615384,1467,0.0808776158552903,16,187.8125,3005,0.0617168098688125,0,2.6,1.0,22.6,23.8,8.2,4.8,0.152,0.112,-1.0,321.4,20.0,-88.66666666666667,39.73333333333333
2026-01-30 14:34:06,18,109.44444444444444,1970,0.0547003878487481,17,178.47058823529412,3034,0.0582393618190989,0,2.4,1.0,22.8,24.2,7.2,4.4,0.146,0.134,-1.0,318.4,20.0,-83.66666666666667,22.666666666666668
2026-01-30 14:34:07,11,114.63636363636364,1261,0.0961036465384743,20,170.95,3419,0.049599552154541,0,2.6,1.0,22.4,22.8,5.8,4.2,0.142,0.134,-1.0,1266.0,20.0,-82.66666666666667,31.2
2026-01-30 14:34:08,17,115.70588235294116,1967,0.0537108112783993,17,196.8235294117647,3346,0.0580622308394488,0,3.0,1.0,22.8,24.6,6.8,4.4,0.14,0.154,-1.0,320.0,20.0,-85.0,39.73333333333333
2026-01-30 14:34:09,35,114.25714285714284,3999,0.030951029913766,17,180.05882352941177,3061,0.0587518776164335,0,2.6,1.0,22.4,22.8,5.8,4.2,0.142,0.134,-1.0,1266.0,20.0,-82.66666666666667,31.2
2026-01-30 14:34:10,36,115.08333333333331,4143,0.0271866983837551,18,172.38888888888889,3103,0.0583446688122219,0,3.2,1.0,22.6,23.8,6.8,4.4,0.152,0.174,-1.0,44.8,20.0,-83.66666666666667,39.73333333333333
2026-01-30 14:34:11,42,114.14285714285714,4794,0.0243513073240007,17,172.52941176470588,2933,0.0585329392377068,0,2.4,1.0,22.6,23.8,7.8,4.8,0.1579999999999999,0.1399999999999999,-1.0,280.6,20.0,-84.66666666666667,5.599999999999999
2026-01-30 14:34:12,29,116.79310344827586,3387,0.0335319288845719,20,157.45,3149,0.0494502067565918,0,3.4,1.0,22.6,24.6,7.2,4.8,0.172,0.208,-1.0,53.8,20.0,-88.33333333333333,31.2
2026-01-30 14:34:13,39,114.28205128205128,4457,0.0257464861258482,18,172.61111111111111,3107,0.0546658833821614,0,2.4,1.0,22.6,23.8,7.8,4.8,0.1579999999999999,0.1399999999999999,-1.0,280.6,20.0,-84.66666666666667,5.599999999999999
2026-01-30 14:34:14,40,113.85,4554,0.0256152749061584,17,174.58823529411765,2968,0.0584115280824549,0,3.6,2.2,21.2,20.8,6.2,6.2,0.166,0.186,-0.2,61.2,20.0,-89.33333333333333,14.133333333333333
2026-01-30 14:34:16,34,116.02941176470588,3945,0.0234450592714197,20,165.45,3309,0.0520949006080627,0,3.2,1.8,22.4,21.2,7.6,6.4,0.188,0.192,-1.0,1950.6,20.0,-85.33333333333333,14.133333333333333
2026-01-30 14:34:17,28,115.07142857142856,3222,0.0422202859606061,19,165.47368421052633,3144,0.0521090532604016,0,5.8,2.2,22.2,21.4,9.4,9.6,0.2,0.194,-1.0,1996.4,20.0,-88.66666666666667,48.26666666666666
2026-01-30 14:34:18,16,114.75,1836,0.0640840679407119,18,166.27777777777777,2993,0.0553325017293294,0,3.8,2.6,21.0,20.0,10.4,8.2,0.1399999999999999,0.174,-0.2,78.6,20.0,-90.66666666666669,14.133333333333333
2026-01-30 14:34:19,18,111.72222222222224,2011,0.0556787782245212,18,164.94444444444446,2969,0.0547232230504353,0,5.8,2.2,22.2,21.4,9.4,9.6,0.2,0.194,-1.0,1996.4,20.0,-88.66666666666667,48.26666666666666
2026-01-30 14:34:20,18,112.38888888888889,2023,0.0543867746988932,17,170.1764705882353,2893,0.0580515300526338,0,6.0,2.4,22.4,21.2,9.8,9.2,0.2219999999999999,0.216,-1.0,1998.4,20.0,-89.0,14.133333333333333
2026-01-30 14:34:21,21,111.38095238095238,2339,0.0442761920747302,17,178.23529411764707,3030,0.0582962316625258,0,5.8,2.8,22.2,19.6,8.2,8.2,0.2219999999999999,0.2319999999999999,-1.0,1745.6,20.0,-92.0,22.666666666666668
2026-01-30 14:34:22,19,111.63157894736842,2121,0.0562553154794793,19,158.89473684210526,3019,0.0523454264590614,0,3.4,3.2,20.8,15.8,10.0,7.6,0.118,0.138,-0.2,82.0,20.0,-94.66666666666669,31.2
2026-01-30 14:34:23,24,111.08333333333331,2666,0.0393548707167307,17,158.41176470588235,2693,0.0614922888138715,0,5.8,2.4,22.4,19.6,8.2,7.4,0.214,0.184,-1.0,1750.4,20.0,-92.66666666666669,5.599999999999999
2026-01-30 14:34:24,21,111.38095238095238,2339,0.0494274298350016,17,159.8235294117647,2717,0.0594248210682588,0,3.4,3.2,20.8,15.8,10.0,7.6,0.118,0.138,-0.2,82.0,20.0,-94.66666666666669,31.2
2026-01-30 14:34:25,12,115.16666666666669,1382,0.0864848295847574,17,168.94117647058823,2872,0.0574189494637882,0,3.2,2.0,22.4,19.2,10.0,6.4,0.134,0.1679999999999999,-1.0,73.6,20.0,-91.0,31.2
2026-01-30 14:34:26,39,114.15384615384616,4452,0.0254236184633695,17,176.88235294117646,3007,0.058288293726304,0,3.0,2.0,22.4,18.4,9.2,5.6,0.148,0.152,-1.0,1240.4,20.0,-89.66666666666667,14.133333333333333
2026-01-30 14:34:27,45,113.24444444444444,5096,0.0221629778544108,19,167.89473684210526,3190,0.0521579918108488,0,2.6,2.2,22.4,18.6,6.0,4.2,0.2059999999999999,0.184,-1.0,45.8,20.0,-89.0,14.133333333333333
2026-01-30 14:34:28,38,121.15789473684212,4604,0.0243537865186992,19,178.57894736842104,3393,0.0526296841470818,0,2.6,2.2,22.4,15.6,6.0,5.0,0.178,0.1379999999999999,-1.0,1239.4,20.0,-93.33333333333331,31.2
2026-01-30 14:34:29,27,113.96296296296296,3077,0.0397060005753128,16,187.75,3004,0.0610623806715011,0,2.8,2.2,22.2,17.8,5.2,4.6,0.164,0.188,-1.0,976.4,20.0,-92.66666666666669,31.2
2026-01-30 14:34:30,37,112.72972972972973,4171,0.0275697063755344,18,179.33333333333334,3228,0.0559933847851223,0,2.6,2.2,22.4,15.6,6.0,5.0,0.178,0.1379999999999999,-1.0,1239.4,20.0,-93.33333333333331,31.2
2026-01-30 14:34:31,48,113.375,5442,0.0207822273174921,22,175.6818181818182,3865,0.0481832786039872,0,2.8,2.0,22.4,16.0,5.8,5.6,0.176,0.132,-1.0,1249.0,20.0,-94.33333333333331,22.666666666666668
2026-01-30 14:34:32,22,115.45454545454544,2540,0.0443058230660178,19,179.0,3401,0.051061517313907,0,3.0,2.0,22.4,17.4,5.8,6.8,0.1679999999999999,0.1159999999999999,1.6,1242.6,20.0,-88.0,22.666666666666668
2026-01-30 14:34:33,36,113.66666666666669,4092,0.0280897484885321,17,182.52941176470588,3103,0.0587055963628432,0,3.2,1.8,22.2,20.8,6.2,5.4,0.142,0.196,-1.0,1401.6,20.0,-87.33333333333333,31.2
2026-01-30 14:34:34,30,113.63333333333334,3409,0.0321427345275878,18,193.5,3483,0.0546235508388943,0,3.0,2.0,22.2,17.8,6.8,6.8,0.122,0.1,1.6,2912.2,20.0,-85.33333333333333,31.2
2026-01-30 14:34:35,11,119.1818181818182,1311,0.0954031727530739,19,190.8421052631579,3626,0.054193797864412,0,3.2,1.8,22.2,22.6,7.2,5.4,0.112,0.206,-1.0,1404.6,20.0,-91.66666666666669,22.666666666666668
2026-01-30 14:34:36,21,111.38095238095238,2339,0.0457745733715239,18,185.5,3339,0.0564518769582112,0,2.8,1.8,22.2,19.8,7.0,6.6,0.106,0.124,1.6,1737.6,20.0,-89.0,5.599999999999999
2026-01-30 14:34:37,28,113.64285714285714,3182,0.0373322878565107,22,164.0909090909091,3610,0.0449043729088523,0,3.2,1.8,22.2,22.6,7.2,5.4,0.112,0.206,-1.0,1404.6,20.0,-91.66666666666669,22.666666666666668
2026-01-30 14:34:38,41,115.26829268292684,4726,0.0243000460834037,17,179.41176470588235,3050,0.0588319301605224,0,3.4,1.6,22.4,23.8,7.6,5.2,0.09,0.208,-1.0,1405.6,20.0,-89.0,48.26666666666666
2026-01-30 14:34:39,52,116.25,6045,0.0189181933036217,21,184.57142857142856,3876,0.0466671444120861,0,3.4,1.6,22.4,23.8,7.6,5.8,0.0839999999999999,0.182,-1.0,477.8,20.0,-92.66666666666669,39.73333333333333
2026-01-30 14:34:40,38,115.47368421052632,4388,0.026242130681088,17,180.41176470588235,3067,0.0607662341173957,0,3.2,1.6,22.2,23.4,8.0,6.2,0.152,0.164,1.6,1731.2,20.0,-94.66666666666669,14.133333333333333
2026-01-30 14:34:41,36,114.19444444444444,4111,0.0262030561765034,14,188.3571428571429,2637,0.0629979372024536,0,3.6,1.6,22.0,23.2,7.6,6.2,0.102,0.16,-1.0,472.2,20.0,-88.66666666666667,22.666666666666668
2026-01-30 14:34:42,27,113.88888888888889,3075,0.0391513683177806,25,161.72,4043,0.044804401397705,0,3.2,1.6,22.2,23.4,8.0,6.2,0.152,0.164,1.6,1731.2,20.0,-94.66666666666669,14.133333333333333
2026-01-30 14:34:43,10,109.7,1097,0.0971858024597168,17,186.8235294117647,3176,0.0582847034229951,0,3.6,1.4,22.2,23.2,8.0,6.0,0.176,0.1659999999999999,-1.0,2981.4,20.0,-86.66666666666667,48.26666666666666
2026-01-30 14:34:44,34,113.38235294117646,3855,0.0300868539249195,17,189.76470588235293,3226,0.0586988785687614,0,3.8,1.6,22.0,23.6,8.4,7.2,0.118,0.162,-1.0,65.4,20.0,-84.33333333333333,39.73333333333333
2026-01-30 14:34:45,44,114.77272727272728,5050,0.0229352929375388,18,204.8333333333333,3687,0.0550098286734686,0,4.0,1.4,22.2,23.6,9.4,8.0,0.146,0.158,-1.0,322.0,20.0,-90.66666666666669,14.133333333333333
2026-01-30 14:34:46,30,116.0,3480,0.0318793694178263,17,185.64705882352945,3156,0.0578120035283705,0,3.8,1.6,22.6,22.8,7.8,6.2,0.2299999999999999,0.176,-1.0,1633.4,20.0,-93.0,14.133333333333333
2026-01-30 14:34:47,21,111.52380952380952,2342,0.0504596233367919,23,179.52173913043478,4129,0.043957171232804,0,4.0,1.4,22.2,23.6,9.4,8.0,0.146,0.158,-1.0,322.0,20.0,-90.66666666666669,14.133333333333333
2026-01-30 14:34:48,39,114.35897435897436,4460,0.024920384089152,21,179.57142857142858,3771,0.046094292686099,0,4.2,1.8,21.8,23.4,9.8,8.2,0.2,0.176,-1.0,2790.0,20.0,-91.66666666666669,56.79999999999999
2026-01-30 14:34:49,39,114.33333333333331,4459,0.0257788193531525,18,183.72222222222223,3307,0.058672997686598,0,4.6,2.2,20.6,22.4,9.8,7.6,0.224,0.174,-1.0,2796.6,20.0,-100.0,31.2
2026-01-30 14:34:50,34,114.17647058823528,3882,0.0297316733528586,20,183.05,3661,0.049705946445465,0,4.4,2.6,19.6,20.6,6.2,5.6,0.262,0.164,-1.0,4029.8,20.0,-102.0,-2.9333333333333336
2026-01-30 14:34:51,44,114.22727272727272,5026,0.0225470228628678,19,160.52631578947367,3050,0.0518925315455386,0,4.8,2.8,19.2,19.8,9.2,7.0,0.214,0.17,-1.0,2792.6,20.0,-99.66666666666669,48.26666666666667
2026-01-30 14:34:52,45,113.42222222222222,5104,0.0225902928246392,19,175.21052631578948,3329,0.0526820985894454,0,4.4,2.6,19.6,20.6,6.2,5.6,0.262,0.164,-1.0,4029.8,20.0,-102.0,-2.9333333333333336
2026-01-30 14:34:53,44,112.38636363636364,4945,0.0225479982116005,23,182.2173913043478,4191,0.0434986093769902,0,4.6,3.2,18.8,19.0,6.0,5.2,0.268,0.182,-1.0,2782.4,20.0,-94.33333333333331,31.2
2026-01-30 14:34:54,43,114.09302325581396,4906,0.0223409076069676,26,238.69230769230768,6206,0.0373687377342811,0,4.8,3.8,18.6,16.8,6.2,6.0,0.262,0.184,-1.0,3856.8,20.0,-93.33333333333331,-11.466666666666669
2026-01-30 14:34:55,37,113.83783783783784,4212,0.0276076986983015,18,265.6111111111111,4781,0.0549968878428141,0,4.8,3.2,19.0,17.6,6.8,6.2,0.206,0.166,-1.0,4204.6,20.0,-95.66666666666669,5.599999999999999
2026-01-30 14:34:56,22,112.13636363636364,2467,0.0435270504517988,20,278.9,5578,0.0494528412818908,0,4.8,3.6,18.4,17.4,7.2,5.6,0.2559999999999999,0.16,-1.0,3524.0,20.0,-94.66666666666669,31.2
2026-01-30 14:34:57,36,113.69444444444444,4093,0.029375778304206,20,262.1,5242,0.0528059601783752,0,4.4,3.0,19.4,17.8,7.4,6.2,0.168,0.154,-1.0,2014.4,20.0,-95.0,5.599999999999999
2026-01-30 14:34:58,35,113.94285714285714,3988,0.0288552829197474,14,278.7142857142857,3902,0.0596404927117483,1,4.0,3.4,19.0,17.4,7.4,7.0,0.198,0.184,-1.0,1870.4,20.0,-95.0,22.666666666666668
2026-01-30 14:34:59,31,114.19354838709675,3540,0.0310580961165889,25,226.44,5661,0.0383934783935546,0,4.4,3.0,19.4,17.8,7.4,6.2,0.168,0.154,-1.0,2014.4,20.0,-95.0,5.599999999999999
2026-01-30 14:35:00,18,111.77777777777776,2012,0.0563125610351562,27,233.66666666666663,6309,0.0435946340914125,1,4.0,3.8,20.4,16.4,7.0,6.4,0.138,0.162,0.0,2009.4,20.0,-92.33333333333331,-2.9333333333333336
2026-01-30 14:35:01,20,128.1,2562,0.0493703007698059,19,179.42105263157896,3409,0.0525317317561099,0,3.6,3.6,22.0,16.8,7.4,6.2,0.126,0.1639999999999999,0.0,4487.2,20.0,-91.0,14.133333333333333
2026-01-30 14:35:02,16,111.4375,1783,0.0625132471323013,21,183.8095238095238,3860,0.0473749069940476,0,3.0,4.6,22.0,16.2,8.0,7.2,0.13,0.154,-1.0,1112.8,20.0,-90.0,5.599999999999999
2026-01-30 14:35:03,17,114.41176470588236,1945,0.0601101202123305,18,197.0555555555556,3547,0.0563904974195692,1,3.8,4.0,22.2,16.8,7.0,6.2,0.108,0.184,0.0,2837.6,20.0,-86.33333333333333,22.666666666666668
2026-01-30 14:35:04,25,119.4,2985,0.0389225196838378,7,251.7142857142857,1762,0.0584257330213274,0,3.0,4.6,22.0,16.2,8.0,7.2,0.13,0.154,-1.0,1112.8,20.0,-90.0,5.599999999999999
2026-01-30 14:35:05,29,120.86206896551724,3505,0.0348134123045822,5,173.0,865,0.2824317932128906,1,2.8,5.2,22.0,15.8,6.8,6.4,0.106,0.178,-1.0,45.0,20.0,-85.0,14.133333333333333
2026-01-30 14:35:06,36,109.22222222222224,3932,0.0279776983790927,0,0.0,0,1.214582920074463,1,2.8,7.2,22.2,13.2,4.8,6.8,0.098,0.2099999999999999,-0.78,51.0,20.0,-82.66666666666667,-20.0
2026-01-30 14:35:07,18,109.44444444444444,1970,0.0541464885075887,11,163.0,1793,0.1327930797230113,1,3.4,8.4,22.8,12.8,3.0,6.4,0.172,0.244,0.2,2544.2,20.0,-90.33333333333331,39.73333333333333
2026-01-30 14:35:08,18,109.44444444444444,1970,0.0581067270702785,8,241.125,1929,0.1297671198844909,1,3.0,11.2,22.4,9.8,4.0,5.6,0.12,0.162,-0.78,64.4,20.0,-89.33333333333333,14.133333333333333
2026-01-30 14:35:09,12,114.41666666666669,1373,0.0814352432886759,10,283.9,2839,0.099176812171936,1,3.4,11.4,23.4,12.0,2.6,5.8,0.182,0.2339999999999999,0.4,2544.6,20.0,-87.66666666666667,5.599999999999999
2026-01-30 14:35:10,84,97.42857142857144,8184,0.0122634768486022,256,262.6796875,67246,0.0067197112366557,1,3.0,11.2,22.4,9.8,4.0,5.6,0.12,0.162,-0.78,64.4,20.0,-89.33333333333333,14.133333333333333
2026-01-30 14:35:11,9,104.66666666666669,942,0.1088795661926269,24,232.875,5589,0.0407929122447967,0,2.8,11.6,22.4,8.8,3.4,5.0,0.16,0.1279999999999999,-0.78,58.6,20.0,-82.0,5.599999999999999
2026-01-30 14:35:12,16,115.3125,1845,0.0628331899642944,19,271.5263157894737,5159,0.0521497851923892,0,4.4,14.0,23.6,12.6,14.2,7.2,0.212,0.222,0.4,137.4,20.0,-84.66666666666667,5.599999999999999
2026-01-30 14:35:13,38,115.71052631578948,4397,0.0266770500885812,17,301.2352941176471,5121,0.0585512974682976,0,4.0,14.0,24.0,12.0,14.8,6.8,0.248,0.206,0.4,124.6,20.0,-87.0,5.599999999999999
2026-01-30 14:35:14,39,112.43589743589745,4385,0.024953102454161,17,299.7058823529412,5095,0.057990831487319,0,2.4,11.0,22.4,11.2,4.4,5.0,0.238,0.15,-0.78,54.6,20.0,-83.66666666666667,-2.9333333333333336
2026-01-30 14:35:15,23,113.65217391304348,2614,0.041558783987294,18,284.8888888888889,5128,0.0555950535668267,0,4.0,13.6,23.6,9.6,16.0,6.2,0.2279999999999999,0.1359999999999999,0.2,120.2,20.0,-85.33333333333333,-2.9333333333333336
2026-01-30 14:35:16,25,112.68,2817,0.0423469161987304,18,280.72222222222223,5053,0.0546839899486965,0,2.4,11.0,22.4,11.2,4.4,5.0,0.238,0.15,-0.78,54.6,20.0,-83.66666666666667,-2.9333333333333336
2026-01-30 14:35:17,28,112.14285714285714,3140,0.0337790761675153,21,258.04761904761904,5419,0.0503020513625372,0,2.4,10.0,21.6,10.4,6.0,5.0,0.318,0.112,-1.0,59.6,20.0,-88.0,39.73333333333333
2026-01-30 14:35:18,49,113.51020408163264,5562,0.0215063241063332,21,247.47619047619048,5197,0.0478463286445254,0,4.2,10.8,23.2,11.6,17.0,6.0,0.228,0.16,0.2,122.8,20.0,-83.66666666666667,5.599999999999999
2026-01-30 14:35:19,48,116.04166666666669,5570,0.0209599783023198,21,239.95238095238096,5039,0.0445162909371512,0,4.2,7.0,22.8,14.0,18.4,7.0,0.236,0.194,-1.0,126.2,20.0,-85.66666666666667,5.599999999999999
2026-01-30 14:35:20,49,115.6530612244898,5667,0.0201955522809709,19,255.31578947368425,4851,0.0551659433465254,0,2.8,4.2,22.0,14.4,8.0,6.2,0.304,0.194,-1.0,59.0,20.0,-86.66666666666667,31.2
2026-01-30 14:35:21,41,115.78048780487804,4747,0.0245166813454976,21,212.9047619047619,4471,0.0484879584539504,0,3.4,4.2,22.6,15.4,6.8,6.0,0.206,0.246,-1.0,66.8,20.0,-87.66666666666667,14.133333333333333
2026-01-30 14:35:22,37,113.8108108108108,4211,0.0272161122914907,20,191.0,3820,0.0501619458198547,0,2.8,4.2,22.0,14.4,8.0,6.2,0.304,0.194,-1.0,59.0,20.0,-86.66666666666667,31.2
2026-01-30 14:35:23,33,114.06060606060606,3764,0.0299383582490863,18,203.8333333333333,3669,0.054859611723158,0,3.4,3.8,21.8,13.6,8.8,8.4,0.254,0.168,-1.0,85.4,20.0,-85.0,39.73333333333333
2026-01-30 14:35:24,41,116.34146341463416,4770,0.0242337599033262,17,191.0,3247,0.0582538773031795,0,3.4,3.2,21.8,15.0,8.8,8.2,0.218,0.17,-1.0,81.4,20.0,-86.33333333333333,22.666666666666668
2026-01-30 14:35:25,40,115.075,4603,0.0235028266906738,17,192.4705882352941,3272,0.0589371849508846,0,3.4,3.0,22.2,18.2,6.8,7.6,0.144,0.24,-1.0,959.0,20.0,-86.33333333333333,14.133333333333333
2026-01-30 14:35:26,22,114.72727272727272,2524,0.0489537715911865,16,179.8125,2877,0.062359869480133,0,3.4,2.4,22.4,16.8,8.6,8.0,0.1379999999999999,0.1619999999999999,-1.0,70.4,20.0,-86.0,22.666666666666668
2026-01-30 14:35:27,42,114.66666666666669,4816,0.0231669289725167,19,168.21052631578948,3196,0.05173837511163,0,3.4,2.6,22.2,19.6,6.6,8.0,0.116,0.238,-1.0,2055.0,20.0,-85.33333333333333,39.73333333333333
2026-01-30 14:35:28,45,114.91111111111113,5171,0.0221076859368218,17,184.58823529411765,3138,0.0574695783502915,0,3.4,2.4,22.4,16.8,8.6,8.0,0.1379999999999999,0.1619999999999999,-1.0,70.4,20.0,-86.0,22.666666666666668
2026-01-30 14:35:29,33,116.21212121212122,3835,0.030500180793531,19,175.6315789473684,3337,0.0559169995157342,0,3.6,2.0,22.4,16.6,7.6,8.4,0.132,0.146,-1.0,81.6,20.0,-87.33333333333333,31.2
2026-01-30 14:35:30,6,116.66666666666669,700,0.1515418291091919,18,170.5,3069,0.0545885562896728,0,3.2,2.0,22.4,16.6,7.2,7.4,0.104,0.144,-1.0,70.8,20.0,-88.33333333333333,31.2
2026-01-30 14:35:31,33,113.6060606060606,3749,0.0335794289906819,17,165.41176470588235,2812,0.0584480622235466,0,3.2,2.2,22.4,18.0,5.6,7.4,0.122,0.174,-1.0,3694.0,20.0,-89.66666666666667,22.666666666666668
2026-01-30 14:35:32,47,113.7872340425532,5348,0.0214745947655211,20,158.9,3178,0.0429227471351623,0,3.0,2.0,22.4,16.8,6.2,6.4,0.118,0.1679999999999999,-1.0,1108.2,20.0,-86.33333333333333,31.2
2026-01-30 14:35:33,27,115.11111111111111,3108,0.0361051117932354,21,170.14285714285714,3573,0.0532944315955752,0,3.2,2.2,22.4,18.0,5.6,7.4,0.122,0.174,-1.0,3694.0,20.0,-89.66666666666667,22.666666666666668
2026-01-30 14:35:34,23,125.7391304347826,2892,0.0408476539280103,19,166.73684210526315,3168,0.052089628420378,0,3.2,2.2,22.6,16.4,5.2,6.8,0.148,0.1599999999999999,-1.0,3688.4,20.0,-86.66666666666667,-11.466666666666669
2026-01-30 14:35:35,12,113.16666666666669,1358,0.0853535731633504,17,173.94117647058823,2957,0.058241423438577,0,3.2,2.4,22.4,15.0,5.2,6.4,0.126,0.162,-1.0,2797.6,20.0,-89.0,22.666666666666668
2026-01-30 14:35:36,16,114.75,1836,0.0621007531881332,19,158.73684210526315,3016,0.0555854722073203,0,3.0,2.8,22.4,12.2,4.8,5.6,0.14,0.1679999999999999,-1.0,1111.6,20.0,-90.33333333333331,39.73333333333333
2026-01-30 14:35:37,13,112.84615384615384,1467,0.0766185430380014,19,156.78947368421052,2979,0.0525208397915488,0,3.2,2.6,22.4,13.6,5.4,6.2,0.118,0.17,-1.0,1695.6,20.0,-89.66666666666667,22.666666666666668
2026-01-30 14:35:38,17,115.29411764705884,1960,0.0621022336623247,17,179.76470588235293,3056,0.0584139964159797,0,3.0,2.8,22.4,12.2,4.8,5.6,0.14,0.1679999999999999,-1.0,1111.6,20.0,-90.33333333333331,39.73333333333333
2026-01-30 14:35:39,20,111.5,2230,0.0504504442214965,17,162.94117647058823,2770,0.0588354783899643,0,2.8,3.0,22.2,10.8,4.4,4.6,0.136,0.15,-1.0,1097.4,20.0,-90.33333333333331,14.133333333333333
2026-01-30 14:35:40,10,117.6,1176,0.1007850170135498,17,165.64705882352942,2816,0.0572155223173253,0,3.0,2.8,22.0,11.6,4.4,4.6,0.12,0.148,-1.0,1100.8,20.0,-91.66666666666669,5.599999999999999
2026-01-30 14:35:41,37,113.32432432432432,4193,0.0267147244633855,17,156.0,2652,0.0581295911003561,0,3.0,2.6,22.4,14.0,5.4,6.0,0.064,0.202,-1.0,34.6,20.0,-90.0,39.73333333333333
2026-01-30 14:35:42,25,111.0,2775,0.0404007244110107,20,156.7,3134,0.0527925014495849,0,2.6,3.0,22.0,11.4,4.6,4.0,0.094,0.156,-1.0,44.0,20.0,-91.66666666666669,14.133333333333333
2026-01-30 14:35:43,31,111.3225806451613,3451,0.0319133573962796,21,165.28571428571428,3471,0.0438630921500069,0,2.8,2.8,22.2,14.4,5.6,5.8,0.058,0.2,-1.0,34.0,20.0,-93.33333333333331,22.666666666666668
2026-01-30 14:35:44,27,112.25925925925924,3031,0.0372268888685438,19,176.1578947368421,3347,0.0558379951276277,0,2.6,3.0,22.0,11.4,4.6,4.0,0.094,0.156,-1.0,44.0,20.0,-91.66666666666669,14.133333333333333
2026-01-30 14:35:45,36,115.55555555555556,4160,0.0265927778349982,17,178.88235294117646,3041,0.0580676583682789,0,2.8,2.8,21.8,11.6,4.4,4.4,0.082,0.146,-1.0,36.0,20.0,-91.66666666666669,14.133333333333333
2026-01-30 14:35:46,45,116.04444444444444,5222,0.0206247541639539,19,184.73684210526315,3510,0.0524180437389173,0,2.8,2.8,21.8,13.4,4.4,5.0,0.084,0.178,-1.0,42.6,20.0,-94.66666666666669,22.666666666666668
2026-01-30 14:35:47,23,117.0,2691,0.0476632636526356,20,173.65,3473,0.0492026567459106,0,2.6,4.0,22.4,14.4,5.8,5.8,0.096,0.204,-1.0,39.0,20.0,-95.66666666666669,14.133333333333333
2026-01-30 14:35:48,22,112.45454545454544,2474,0.0468984950672496,17,176.47058823529412,3000,0.0584825908436494,0,2.6,3.8,21.2,13.0,4.2,6.0,0.1,0.176,-1.0,35.2,20.0,-96.33333333333331,14.133333333333333
2026-01-30 14:35:49,27,114.03703703703704,3079,0.0362477390854447,18,201.5555555555556,3628,0.0584254397286309,0,2.6,6.2,21.4,11.8,6.2,8.6,0.104,0.178,-1.0,36.8,20.0,-95.33333333333331,14.133333333333333
2026-01-30 14:35:50,31,113.70967741935485,3525,0.0323833573249078,17,175.47058823529412,2983,0.0566557575674618,0,2.6,3.8,21.2,13.0,4.2,6.0,0.1,0.176,-1.0,35.2,20.0,-96.33333333333331,14.133333333333333
2026-01-30 14:35:51,38,113.28947368421052,4305,0.0261974711167184,20,208.4,4168,0.0509965062141418,0,2.4,5.0,20.6,11.8,4.0,8.2,0.098,0.18,-1.0,29.6,20.0,-96.0,39.73333333333333
2026-01-30 14:35:52,44,112.79545454545456,4963,0.0232229991392655,21,185.6190476190476,3898,0.0485300904228573,0,2.6,7.2,19.4,9.8,4.4,10.0,0.1159999999999999,0.162,-0.4,75.0,20.0,-97.33333333333331,22.666666666666668
2026-01-30 14:35:53,32,113.5,3632,0.0303856581449508,21,194.04761904761904,4075,0.0414201418558756,1,2.6,9.8,17.0,9.0,5.2,11.0,0.1119999999999999,0.208,0.7,197.2,20.0,-95.33333333333331,31.2
2026-01-30 14:35:54,34,114.82352941176472,3904,0.0295113535488353,0,0.0,0,1.1373600959777832,0,2.8,10.0,17.0,9.6,3.8,9.8,0.128,0.262,-0.2,844.4,20.0,-99.66666666666669,31.2
2026-01-30 14:35:55,21,119.33333333333331,2506,0.0488213811601911,54,282.3888888888889,15249,0.0394997420134367,1,2.6,9.8,17.0,9.0,5.2,11.0,0.1119999999999999,0.208,0.7,197.2,20.0,-95.33333333333331,31.2
2026-01-30 14:35:56,47,115.72340425531917,5439,0.0204597432562645,17,303.8235294117647,5165,0.0582395301145665,0,2.8,14.4,16.4,8.8,7.2,12.2,0.11,0.27,1.7,202.8,20.0,-99.33333333333331,14.133333333333333
2026-01-30 14:35:57,54,114.92592592592592,6206,0.018008929711801,22,272.40909090909093,5993,0.0450054515491832,0,2.6,13.6,16.8,8.2,7.8,14.4,0.1139999999999999,0.2339999999999999,1.2,845.6,20.0,-97.0,22.666666666666668
2026-01-30 14:35:58,46,116.69565217391305,5368,0.0226390413616014,18,215.66666666666663,3882,0.055234948794047,0,2.6,12.8,17.2,9.8,9.2,16.0,0.096,0.244,1.2,1025.8,20.0,-97.66666666666669,31.2
2026-01-30 14:35:59,46,118.45652173913044,5449,0.0197062596030857,21,169.52380952380952,3560,0.0478135744730631,0,3.2,12.4,17.2,11.4,7.0,13.0,0.096,0.286,1.7,218.0,20.0,-96.0,39.73333333333333
2026-01-30 14:36:00,34,113.70588235294116,3866,0.0321337335249956,17,183.8235294117647,3125,0.0571538841023164,0,3.2,12.0,17.8,10.6,9.6,15.4,0.1319999999999999,0.238,1.2,1038.8,20.0,-95.0,14.133333333333333
2026-01-30 14:36:01,40,114.425,4577,0.0243587791919708,17,187.58823529411765,3189,0.0582375806920668,0,3.2,12.4,17.2,11.4,7.0,13.0,0.096,0.286,1.7,218.0,20.0,-96.0,39.73333333333333
2026-01-30 14:36:02,27,111.62962962962963,3014,0.0385608143276638,21,181.52380952380952,3812,0.0503341470445905,0,3.0,10.2,18.6,12.4,9.4,16.4,0.134,0.242,2.0,984.4,20.0,-93.66666666666669,5.599999999999999
2026-01-30 14:36:04,34,114.94117647058825,3908,0.0296961489845724,17,190.41176470588235,3237,0.0577656521516687,0,2.8,9.6,20.8,13.8,8.6,15.4,0.0819999999999999,0.2479999999999999,1.6,40.8,20.0,-95.66666666666669,39.73333333333333
2026-01-30 14:36:05,37,112.54054054054056,4164,0.0268395140364363,17,188.58823529411765,3206,0.0591795304242302,0,2.6,5.2,21.2,14.6,7.0,16.4,0.062,0.168,2.3,31.4,20.0,-89.66666666666667,5.599999999999999
2026-01-30 14:36:06,35,114.14285714285714,3995,0.0292496272495814,19,191.21052631578948,3633,0.0517515759719045,0,2.6,5.6,21.2,13.8,8.6,17.6,0.108,0.1699999999999999,2.1,199.6,20.0,-91.66666666666669,31.2
2026-01-30 14:36:07,13,132.6153846153846,1724,0.069496228144719,21,162.61904761904762,3415,0.0478499049232119,0,2.6,5.2,21.2,14.6,7.0,16.4,0.062,0.168,2.3,31.4,20.0,-89.66666666666667,5.599999999999999
2026-01-30 14:36:08,28,112.14285714285714,3140,0.0391113587788173,18,191.66666666666663,3450,0.0572871102227105,0,2.6,5.0,21.4,14.8,7.2,18.2,0.064,0.1619999999999999,3.9,32.8,20.0,-91.0,22.666666666666668
2026-01-30 14:36:09,31,111.96774193548389,3471,0.0323866182757962,18,196.72222222222223,3541,0.0554858843485514,0,2.0,6.0,21.0,13.6,7.0,19.4,0.04,0.164,4.1,7.6,20.0,-89.33333333333333,31.2
2026-01-30 14:36:10,44,113.72727272727272,5004,0.0225670662793246,17,189.0,3213,0.0581249489503748,0,1.8,6.8,21.0,11.8,8.2,19.4,0.058,0.144,4.3,5.4,20.0,-88.33333333333333,31.2
2026-01-30 14:36:11,38,113.34210526315788,4307,0.0265358937414068,16,158.875,2542,0.060368001461029,0,2.0,6.4,21.2,13.2,6.8,20.2,0.03,0.18,4.1,8.0,20.0,-91.0,14.133333333333333
2026-01-30 14:36:12,39,116.07692307692308,4527,0.0245618453392615,26,140.34615384615384,3649,0.0388076947285578,0,1.8,6.8,21.0,11.8,8.2,19.4,0.058,0.144,4.3,5.4,20.0,-88.33333333333333,31.2
2026-01-30 14:36:13,25,114.84,2871,0.0415998458862304,17,168.76470588235293,2869,0.0582454625297995,0,1.8,7.0,21.2,12.6,8.0,19.2,0.048,0.188,4.5,6.6,20.0,-91.0,5.599999999999999
2026-01-30 14:36:14,42,115.8095238095238,4864,0.0236444019135974,19,179.89473684210526,3418,0.0534784793853759,0,1.8,6.8,21.0,12.8,7.8,18.8,0.042,0.214,4.2,8.0,20.0,-88.66666666666667,39.73333333333333
2026-01-30 14:36:15,32,112.625,3604,0.0315422788262367,18,174.33333333333334,3138,0.0534935527377658,0,2.0,6.4,20.6,11.8,6.8,21.0,0.052,0.186,3.7,7.8,20.0,-89.33333333333333,22.666666666666668
2026-01-30 14:36:16,19,111.63157894736842,2121,0.0510420548288445,18,174.94444444444446,3149,0.0586668915218777,0,1.8,6.2,20.4,13.4,6.2,18.2,0.056,0.216,4.2,6.4,20.0,-91.33333333333331,22.666666666666668
2026-01-30 14:36:17,30,113.33333333333331,3400,0.0334640343983968,20,155.1,3102,0.0497457981109619,0,2.0,6.4,20.6,11.8,6.8,21.0,0.052,0.186,3.7,7.8,20.0,-89.33333333333333,22.666666666666668
2026-01-30 14:36:18,23,112.30434782608695,2583,0.0444133489028267,18,155.38888888888889,2797,0.05488916238149,0,2.0,6.8,19.4,11.0,6.2,19.4,0.058,0.178,3.2,5.2,20.0,-91.33333333333331,14.133333333333333
2026-01-30 14:36:19,34,113.67647058823528,3865,0.0282082627801334,19,155.05263157894737,2946,0.0504186906312641,0,2.0,6.2,18.4,11.4,6.4,19.2,0.06,0.172,4.4,6.4,20.0,-93.33333333333331,39.73333333333333
2026-01-30 14:36:20,30,115.9,3477,0.0340937376022338,21,144.0952380952381,3026,0.0497325147901262,0,2.2,5.8,18.2,15.2,6.2,17.0,0.06,0.2939999999999999,3.6,121.0,20.0,-93.33333333333331,14.133333333333333
2026-01-30 14:36:21,24,112.83333333333331,2708,0.0376079579194386,17,152.35294117647058,2590,0.0568083594827091,0,2.0,6.2,18.4,11.4,6.4,19.2,0.06,0.172,4.4,6.4,20.0,-93.33333333333331,39.73333333333333
2026-01-30 14:36:22,25,113.16,2829,0.0446852779388427,21,149.71428571428572,3144,0.050329049428304,0,2.2,6.2,17.4,10.6,6.0,16.8,0.06,0.164,5.6,5.8,20.0,-95.66666666666669,22.666666666666668
2026-01-30 14:36:23,27,113.51851851851852,3065,0.03679977522956,19,169.68421052631578,3224,0.049685842112491,0,2.6,5.8,17.8,11.0,5.2,14.8,0.088,0.146,5.4,12.0,20.0,-96.33333333333331,48.26666666666667
2026-01-30 14:36:24,25,113.28,2832,0.0393996429443359,19,160.0,3040,0.0543741552453292,0,3.0,7.0,17.0,14.0,6.0,13.4,0.076,0.266,3.4,130.6,20.0,-94.66666666666669,-2.9333333333333336
2026-01-30 14:36:25,36,112.33333333333331,4044,0.0279901093906826,16,144.3125,2309,0.0603104382753372,0,2.8,6.4,17.4,10.4,4.8,11.0,0.104,0.138,5.5,25.4,20.0,-95.66666666666669,48.26666666666666
2026-01-30 14:36:26,29,117.82758620689656,3417,0.0346810735505202,18,166.5,2997,0.0574967198901706,0,3.6,7.8,16.8,13.4,6.2,11.0,0.084,0.262,4.4,145.2,20.0,-93.33333333333331,22.666666666666668
2026-01-30 14:36:27,36,119.63888888888889,4307,0.0276673038800557,22,136.6818181818182,3007,0.0441978627985174,0,2.8,6.4,17.4,10.4,4.8,11.0,0.104,0.138,5.5,25.4,20.0,-95.66666666666669,48.26666666666666
2026-01-30 14:36:28,42,285.54761904761904,11993,0.0239478576750982,21,140.0,2940,0.0499898138500395,0,3.6,7.8,16.8,13.4,6.2,11.0,0.084,0.262,4.4,145.2,20.0,-93.33333333333331,22.666666666666668
